bootstrap_id	Method	Metric	Value
0	SGMCI	AUROC	0.8420132130533367
0	SGMCI	AUPRC	0.837585734861863
0	SGMCI	Precision	0.6287066475199615
0	SGMCI	Recall	0.979806335881851
0	SGMCI	F1	0.7659381839098456
0	Complete Hi-C clique	AUROC	0.5649606377596358
0	Complete Hi-C clique	AUPRC	0.5880654043015385
0	Complete Hi-C clique	Precision	0.9865216825107436
0	Complete Hi-C clique	Recall	0.13193368048903673
0	Complete Hi-C clique	F1	0.2327414052659068
1	SGMCI	AUROC	0.8416694704023417
1	SGMCI	AUPRC	0.8374978016988366
1	SGMCI	Precision	0.6284928050727308
1	SGMCI	Recall	0.9804855535624096
1	SGMCI	F1	0.7659868295735939
1	Complete Hi-C clique	AUROC	0.5641304341675621
1	Complete Hi-C clique	AUPRC	0.5871922180675357
1	Complete Hi-C clique	Precision	0.9848843322818086
1	Complete Hi-C clique	Recall	0.13049687385708564
1	Complete Hi-C clique	F1	0.23045811739738878
2	SGMCI	AUROC	0.84105057416343
2	SGMCI	AUPRC	0.8360160691653761
2	SGMCI	Precision	0.6288159086082203
2	SGMCI	Recall	0.9797192566920357
2	SGMCI	F1	0.7659926470588235
2	Complete Hi-C clique	AUROC	0.5648324633416633
2	Complete Hi-C clique	AUPRC	0.5880300054024274
2	Complete Hi-C clique	Precision	0.987894254678707
2	Complete Hi-C clique	Recall	0.13146345286403455
2	Complete Hi-C clique	F1	0.23204734091607748
3	SGMCI	AUROC	0.841300649330713
3	SGMCI	AUPRC	0.8374711834727984
3	SGMCI	Precision	0.6283278717809871
3	SGMCI	Recall	0.9801024051272227
3	SGMCI	F1	0.7657474087403773
3	Complete Hi-C clique	AUROC	0.5645092564951893
3	Complete Hi-C clique	AUPRC	0.5877168653948481
3	Complete Hi-C clique	Precision	0.9877070733631343
3	Complete Hi-C clique	Recall	0.13083648269736498
3	Complete Hi-C clique	F1	0.23106497500961168
4	SGMCI	AUROC	0.8419036835985212
4	SGMCI	AUPRC	0.8384244659124712
4	SGMCI	Precision	0.6285069566625893
4	SGMCI	Recall	0.9798672913147216
4	SGMCI	F1	0.765808592088473
4	Complete Hi-C clique	AUROC	0.5643951299479155
4	Complete Hi-C clique	AUPRC	0.5875350947803191
4	Complete Hi-C clique	Precision	0.9864705109680809
4	Complete Hi-C clique	Recall	0.13079294310245737
4	Complete Hi-C clique	F1	0.23096321810800832
5	SGMCI	AUROC	0.8411787769835999
5	SGMCI	AUPRC	0.8371417896819143
5	SGMCI	Precision	0.6281716397084268
5	SGMCI	Recall	0.9800501576133336
5	SGMCI	F1	0.7656154338036216
5	Complete Hi-C clique	AUROC	0.5650371896813722
5	Complete Hi-C clique	AUPRC	0.5881571471508231
5	Complete Hi-C clique	Precision	0.9868532378782948
5	Complete Hi-C clique	Recall	0.132038175516815
5	Complete Hi-C clique	F1	0.23291322012549634
6	SGMCI	AUROC	0.8423087839692468
6	SGMCI	AUPRC	0.8392021400714802
6	SGMCI	Precision	0.6295506328759608
6	SGMCI	Recall	0.979257736986015
6	SGMCI	F1	0.7663962217216927
6	Complete Hi-C clique	AUROC	0.5632784886299658
6	Complete Hi-C clique	AUPRC	0.5864647930556139
6	Complete Hi-C clique	Precision	0.9859794365068768
6	Complete Hi-C clique	Recall	0.12859854751911387
6	Complete Hi-C clique	F1	0.22752203118259687
7	SGMCI	AUROC	0.8421107737544865
7	SGMCI	AUPRC	0.838887897001833
7	SGMCI	Precision	0.6288524956682131
7	SGMCI	Recall	0.9797105487730542
7	SGMCI	F1	0.7660171303293981
7	Complete Hi-C clique	AUROC	0.5634796943670549
7	Complete Hi-C clique	AUPRC	0.5867286665274744
7	Complete Hi-C clique	Precision	0.9872530699412707
7	Complete Hi-C clique	Recall	0.12881624549365192
7	Complete Hi-C clique	F1	0.22789665850164068
8	SGMCI	AUROC	0.8403849178336655
8	SGMCI	AUPRC	0.8359840461268734
8	SGMCI	Precision	0.6287501817083944
8	SGMCI	Recall	0.9792664449049966
8	SGMCI	F1	0.7658054587056004
8	Complete Hi-C clique	AUROC	0.5638446214593392
8	Complete Hi-C clique	AUPRC	0.5871007038300677
8	Complete Hi-C clique	Precision	0.9877765229522354
8	Complete Hi-C clique	Recall	0.12947804733624757
8	Complete Hi-C clique	F1	0.22894580840858872
9	SGMCI	AUROC	0.8431161162580838
9	SGMCI	AUPRC	0.8393497879838888
9	SGMCI	Precision	0.6298740889488021
9	SGMCI	Recall	0.9805726327522248
9	SGMCI	F1	0.7670384687430819
9	Complete Hi-C clique	AUROC	0.5636325898713103
9	Complete Hi-C clique	AUPRC	0.5868769979450786
9	Complete Hi-C clique	Precision	0.9873476726376773
9	Complete Hi-C clique	Recall	0.12911231473902368
9	Complete Hi-C clique	F1	0.22836240422009166
10	SGMCI	AUROC	0.8417961044561387
10	SGMCI	AUPRC	0.8381059644494702
10	SGMCI	Precision	0.6294295302013423
10	SGMCI	Recall	0.9800066180184259
10	SGMCI	F1	0.7665356663647077
10	Complete Hi-C clique	AUROC	0.5640990607025438
10	Complete Hi-C clique	AUPRC	0.5872554216188717
10	Complete Hi-C clique	Precision	0.9864098165984958
10	Complete Hi-C clique	Recall	0.1302008046117139
10	Complete Hi-C clique	F1	0.23003784731837906
11	SGMCI	AUROC	0.8419426414237654
11	SGMCI	AUPRC	0.8384769133183256
11	SGMCI	Precision	0.6289157030520827
11	SGMCI	Recall	0.9799021229906477
11	SGMCI	F1	0.7661225809745884
11	Complete Hi-C clique	AUROC	0.5641334757000344
11	Complete Hi-C clique	AUPRC	0.5872182426851533
11	Complete Hi-C clique	Precision	0.9852670349907919
11	Complete Hi-C clique	Recall	0.1304446263431965
11	Complete Hi-C clique	F1	0.23038710570431095
12	SGMCI	AUROC	0.841678628565992
12	SGMCI	AUPRC	0.8377879456197764
12	SGMCI	Precision	0.6292824605190996
12	SGMCI	Recall	0.9791967815531444
12	SGMCI	F1	0.7661788152569395
12	Complete Hi-C clique	AUROC	0.5639344157468347
12	Complete Hi-C clique	AUPRC	0.5870727574822794
12	Complete Hi-C clique	Precision	0.9859266600594648
12	Complete Hi-C clique	Recall	0.12993956704226825
12	Complete Hi-C clique	F1	0.22961692043732163
13	SGMCI	AUROC	0.8427719671297407
13	SGMCI	AUPRC	0.8389998232590176
13	SGMCI	Precision	0.6288154242276995
13	SGMCI	Recall	0.9803810585346314
13	SGMCI	F1	0.7661944800786714
13	Complete Hi-C clique	AUROC	0.5652889138268967
13	Complete Hi-C clique	AUPRC	0.5884221895652754
13	Complete Hi-C clique	Precision	0.9873442367601246
13	Complete Hi-C clique	Recall	0.1324735714658911
13	Complete Hi-C clique	F1	0.2336041030050827
14	SGMCI	AUROC	0.8417518244570058
14	SGMCI	AUPRC	0.8376496014147927
14	SGMCI	Precision	0.6291914979259143
14	SGMCI	Recall	0.980041449694352
14	SGMCI	F1	0.7663697771967097
14	Complete Hi-C clique	AUROC	0.5644161844840728
14	Complete Hi-C clique	AUPRC	0.5875162146365033
14	Complete Hi-C clique	Precision	0.985837922895358
14	Complete Hi-C clique	Recall	0.1309322698061617
14	Complete Hi-C clique	F1	0.231163040971635
15	SGMCI	AUROC	0.842709774994935
15	SGMCI	AUPRC	0.8387992654603069
15	SGMCI	Precision	0.6292987291807605
15	SGMCI	Recall	0.9801372368031488
15	SGMCI	F1	0.7664786056472783
15	Complete Hi-C clique	AUROC	0.5641558705151414
15	Complete Hi-C clique	AUPRC	0.5873440614160796
15	Complete Hi-C clique	Precision	0.9869984160506864
15	Complete Hi-C clique	Recall	0.13022692836865846
15	Complete Hi-C clique	F1	0.2300946226632818
16	SGMCI	AUROC	0.8422901445087511
16	SGMCI	AUPRC	0.8387656277858017
16	SGMCI	Precision	0.6293819304259328
16	SGMCI	Recall	0.9801024051272227
16	SGMCI	F1	0.7665296643499995
16	Complete Hi-C clique	AUROC	0.5647660220095698
16	Complete Hi-C clique	AUPRC	0.5878582905419314
16	Complete Hi-C clique	Precision	0.9861020488059506
16	Complete Hi-C clique	Recall	0.13160277956773891
16	Complete Hi-C clique	F1	0.23221474447619933
17	SGMCI	AUROC	0.8419923666447563
17	SGMCI	AUPRC	0.8384896442179953
17	SGMCI	Precision	0.629103706393319
17	SGMCI	Recall	0.9806771277800032
17	SGMCI	F1	0.7664988957063567
17	Complete Hi-C clique	AUROC	0.563862544219381
17	Complete Hi-C clique	AUPRC	0.5871215401969854
17	Complete Hi-C clique	Precision	0.9878445699103288
17	Complete Hi-C clique	Recall	0.12950417109319215
17	Complete Hi-C clique	F1	0.22898847512952966
18	SGMCI	AUROC	0.8425986895145235
18	SGMCI	AUPRC	0.8387189902271193
18	SGMCI	Precision	0.6297753280546151
18	SGMCI	Recall	0.980024033856389
18	SGMCI	F1	0.7667973686989641
18	Complete Hi-C clique	AUROC	0.5646346879635507
18	Complete Hi-C clique	AUPRC	0.5876955308242009
18	Complete Hi-C clique	Precision	0.9854410132532481
18	Complete Hi-C clique	Recall	0.13143732910709
18	Complete Hi-C clique	F1	0.23193884214974453
19	SGMCI	AUROC	0.8417370336000642
19	SGMCI	AUPRC	0.8375485250389437
19	SGMCI	Precision	0.6294069616571966
19	SGMCI	Recall	0.9800153259374075
19	SGMCI	F1	0.7665215940281835
19	Complete Hi-C clique	AUROC	0.5636700464012733
19	Complete Hi-C clique	AUPRC	0.5868656948971351
19	Complete Hi-C clique	Precision	0.9865789648528337
19	Complete Hi-C clique	Recall	0.12930388895661715
19	Complete Hi-C clique	F1	0.2286413784077174
20	SGMCI	AUROC	0.843943995737718
20	SGMCI	AUPRC	0.8403565670057171
20	SGMCI	Precision	0.6295169095639039
20	SGMCI	Recall	0.9798411675577771
20	SGMCI	F1	0.7665498342887702
20	Complete Hi-C clique	AUROC	0.5646455416664216
20	Complete Hi-C clique	AUPRC	0.5878222103266438
20	Complete Hi-C clique	Precision	0.987349239643419
20	Complete Hi-C clique	Recall	0.13116738361866281
20	Complete Hi-C clique	F1	0.23157101787937953
21	SGMCI	AUROC	0.8421874317505993
21	SGMCI	AUPRC	0.8383492527298282
21	SGMCI	Precision	0.6285481203343615
21	SGMCI	Recall	0.9795538062313868
21	SGMCI	F1	0.7657433816872358
21	Complete Hi-C clique	AUROC	0.5646871438166574
21	Complete Hi-C clique	AUPRC	0.5877799069194167
21	Complete Hi-C clique	Precision	0.9860222077073808
21	Complete Hi-C clique	Recall	0.13145474494505302
21	Complete Hi-C clique	F1	0.23198205120324555
22	SGMCI	AUROC	0.8428160605886597
22	SGMCI	AUPRC	0.8393450539712742
22	SGMCI	Precision	0.6295133877121726
22	SGMCI	Recall	0.9798411675577771
22	SGMCI	F1	0.7665472232819227
22	Complete Hi-C clique	AUROC	0.5643157448329243
22	Complete Hi-C clique	AUPRC	0.5874523441890483
22	Complete Hi-C clique	Precision	0.986326584275572
22	Complete Hi-C clique	Recall	0.13065361639875303
22	Complete Hi-C clique	F1	0.23074202229911572
23	SGMCI	AUROC	0.8414184972854115
23	SGMCI	AUPRC	0.8375509994489786
23	SGMCI	Precision	0.6289578094439787
23	SGMCI	Recall	0.9800936972082411
23	SGMCI	F1	0.7662123708252209
23	Complete Hi-C clique	AUROC	0.5649900113882703
23	Complete Hi-C clique	AUPRC	0.5881515192798299
23	Complete Hi-C clique	Precision	0.9874779886519273
23	Complete Hi-C clique	Recall	0.13184660129922152
23	Complete Hi-C clique	F1	0.23263246037903987
24	SGMCI	AUROC	0.8403819262484256
24	SGMCI	AUPRC	0.837082924024844
24	SGMCI	Precision	0.6295506925331722
24	SGMCI	Recall	0.9799979100994445
24	SGMCI	F1	0.7666228431686433
24	Complete Hi-C clique	AUROC	0.5642235061786787
24	Complete Hi-C clique	AUPRC	0.5873923967847565
24	Complete Hi-C clique	Precision	0.9867554032683183
24	Complete Hi-C clique	Recall	0.1304010867482889
24	Complete Hi-C clique	F1	0.23035980740535633
25	SGMCI	AUROC	0.8420720823426995
25	SGMCI	AUPRC	0.8383060892956884
25	SGMCI	Precision	0.6298819814574282
25	SGMCI	Recall	0.9797018408540727
25	SGMCI	F1	0.7667777573316432
25	Complete Hi-C clique	AUROC	0.5644767510904393
25	Complete Hi-C clique	AUPRC	0.5876705545465241
25	Complete Hi-C clique	Precision	0.9874449483993952
25	Complete Hi-C clique	Recall	0.13081035894042042
25	Complete Hi-C clique	F1	0.2310170625370047
26	SGMCI	AUROC	0.843416910215325
26	SGMCI	AUPRC	0.8403020180321003
26	SGMCI	Precision	0.6298591612318638
26	SGMCI	Recall	0.9805987565091694
26	SGMCI	F1	0.7670353922022722
26	Complete Hi-C clique	AUROC	0.5649804979643491
26	Complete Hi-C clique	AUPRC	0.5881698531285274
26	Complete Hi-C clique	Precision	0.9879211282319144
26	Complete Hi-C clique	Recall	0.1317595221094063
26	Complete Hi-C clique	F1	0.23250918143122767
27	SGMCI	AUROC	0.8425524001551705
27	SGMCI	AUPRC	0.8391230910006184
27	SGMCI	Precision	0.6291633590858778
27	SGMCI	Recall	0.980041449694352
27	SGMCI	F1	0.7663489037178264
27	Complete Hi-C clique	AUROC	0.5641384546771784
27	Complete Hi-C clique	AUPRC	0.5873276095387452
27	Complete Hi-C clique	Precision	0.9869949828360179
27	Complete Hi-C clique	Recall	0.13019209669273238
27	Complete Hi-C clique	F1	0.23004015817087992
28	SGMCI	AUROC	0.840636119353363
28	SGMCI	AUPRC	0.8366792120758474
28	SGMCI	Precision	0.6286734705283985
28	SGMCI	Recall	0.9794754349605531
28	SGMCI	F1	0.765812442979888
28	Complete Hi-C clique	AUROC	0.5641812790107894
28	Complete Hi-C clique	AUPRC	0.5873292057375236
28	Complete Hi-C clique	Precision	0.9863627379932802
28	Complete Hi-C clique	Recall	0.13037496299134432
28	Complete Hi-C clique	F1	0.23030834429343852
29	SGMCI	AUROC	0.8429600187976187
29	SGMCI	AUPRC	0.8389886301924481
29	SGMCI	Precision	0.628800831405679
29	SGMCI	Recall	0.9799804942614814
29	SGMCI	F1	0.7660612908934964
29	Complete Hi-C clique	AUROC	0.5644048517110546
29	Complete Hi-C clique	AUPRC	0.5875520447778773
29	Complete Hi-C clique	Precision	0.986600105097215
29	Complete Hi-C clique	Recall	0.13079294310245737
29	Complete Hi-C clique	F1	0.2309667696944534
30	SGMCI	AUROC	0.8415825377949546
30	SGMCI	AUPRC	0.8375946681729463
30	SGMCI	Precision	0.6286910865955055
30	SGMCI	Recall	0.9790922865253662
30	SGMCI	F1	0.7657083706470627
30	Complete Hi-C clique	AUROC	0.5649193341922607
30	Complete Hi-C clique	AUPRC	0.5880769564332518
30	Complete Hi-C clique	Precision	0.9873376411461393
30	Complete Hi-C clique	Recall	0.1317246904334802
30	Complete Hi-C clique	F1	0.23243878640739402
31	SGMCI	AUROC	0.8406828271266062
31	SGMCI	AUPRC	0.8361727173775263
31	SGMCI	Precision	0.6291795522797049
31	SGMCI	Recall	0.9797105487730542
31	SGMCI	F1	0.7662597265498629
31	Complete Hi-C clique	AUROC	0.5639682335786032
31	Complete Hi-C clique	AUPRC	0.5870969574909743
31	Complete Hi-C clique	Precision	0.9858057701194957
31	Complete Hi-C clique	Recall	0.13002664623208346
31	Complete Hi-C clique	F1	0.22974958649074895
32	SGMCI	AUROC	0.8422258356695039
32	SGMCI	AUPRC	0.8384501021397499
32	SGMCI	Precision	0.6297472778824805
32	SGMCI	Recall	0.9805726327522248
32	SGMCI	F1	0.7669444340390463
32	Complete Hi-C clique	AUROC	0.5636997186127689
32	Complete Hi-C clique	AUPRC	0.5869209397674275
32	Complete Hi-C clique	Precision	0.9870371601409293
32	Complete Hi-C clique	Recall	0.12929518103763563
32	Complete Hi-C clique	F1	0.22864006282674137
33	SGMCI	AUROC	0.8410073474159744
33	SGMCI	AUPRC	0.8380940037087001
33	SGMCI	Precision	0.6284554525100362
33	SGMCI	Recall	0.9801372368031488
33	SGMCI	F1	0.7658527789779511
33	Complete Hi-C clique	AUROC	0.5639827259796685
33	Complete Hi-C clique	AUPRC	0.5871882837779678
33	Complete Hi-C clique	Precision	0.9870929308975377
33	Complete Hi-C clique	Recall	0.12986119577143454
33	Complete Hi-C clique	F1	0.22952611084604374
34	SGMCI	AUROC	0.8417980243769508
34	SGMCI	AUPRC	0.8376151251455728
34	SGMCI	Precision	0.6277036458042544
34	SGMCI	Recall	0.9790139152545325
34	SGMCI	F1	0.7649516240967791
34	Complete Hi-C clique	AUROC	0.5653550287241979
34	Complete Hi-C clique	AUPRC	0.588457392046934
34	Complete Hi-C clique	Precision	0.9869154035496825
34	Complete Hi-C clique	Recall	0.13267385360246609
34	Complete Hi-C clique	F1	0.23390340507844887
35	SGMCI	AUROC	0.8430510112260929
35	SGMCI	AUPRC	0.8398913027143458
35	SGMCI	Precision	0.6287984621746371
35	SGMCI	Recall	0.9798672913147216
35	SGMCI	F1	0.7660249428166866
35	Complete Hi-C clique	AUROC	0.5648568579931539
35	Complete Hi-C clique	AUPRC	0.5880062520330832
35	Complete Hi-C clique	Precision	0.9871351139554627
35	Complete Hi-C clique	Recall	0.13162890332468347
35	Complete Hi-C clique	F1	0.23228403930818817
36	SGMCI	AUROC	0.8425864005906338
36	SGMCI	AUPRC	0.8390009502557483
36	SGMCI	Precision	0.6298184259855076
36	SGMCI	Recall	0.9801459447221303
36	SGMCI	F1	0.7668666305573439
36	Complete Hi-C clique	AUROC	0.5646133348445322
36	Complete Hi-C clique	AUPRC	0.5877450997571537
36	Complete Hi-C clique	Precision	0.9865784994107634
36	Complete Hi-C clique	Recall	0.13121963113255194
36	Complete Hi-C clique	F1	0.23163121003443188
37	SGMCI	AUROC	0.8412575513455287
37	SGMCI	AUPRC	0.8364290282577357
37	SGMCI	Precision	0.6294497115513618
37	SGMCI	Recall	0.9805203852383357
37	SGMCI	F1	0.7667077480372864
37	Complete Hi-C clique	AUROC	0.5641947575676972
37	Complete Hi-C clique	AUPRC	0.5874119609258667
37	Complete Hi-C clique	Precision	0.9875198098256736
37	Complete Hi-C clique	Recall	0.13022692836865846
37	Complete Hi-C clique	F1	0.23010878429320983
38	SGMCI	AUROC	0.84175346784793
38	SGMCI	AUPRC	0.8373241517294581
38	SGMCI	Precision	0.6300757266229732
38	SGMCI	Recall	0.9802939793448162
38	SGMCI	F1	0.7671026585396601
38	Complete Hi-C clique	AUROC	0.563820705877996
38	Complete Hi-C clique	AUPRC	0.5869614760429476
38	Complete Hi-C clique	Precision	0.9858381311627291
38	Complete Hi-C clique	Recall	0.1297218690677302
38	Complete Hi-C clique	F1	0.22927456155876536
39	SGMCI	AUROC	0.8425861703677558
39	SGMCI	AUPRC	0.8387965479642877
39	SGMCI	Precision	0.6291863487715571
39	SGMCI	Recall	0.9800936972082411
39	SGMCI	F1	0.7663819312753852
39	Complete Hi-C clique	AUROC	0.5652836641188229
39	Complete Hi-C clique	AUPRC	0.5885110668860631
39	Complete Hi-C clique	Precision	0.9888642875748893
39	Complete Hi-C clique	Recall	0.13222974973440846
39	Complete Hi-C clique	F1	0.23326727806196906
40	SGMCI	AUROC	0.8401986824249289
40	SGMCI	AUPRC	0.8362561651542493
40	SGMCI	Precision	0.6286444412136395
40	SGMCI	Recall	0.9789703756596249
40	SGMCI	F1	0.7656364924133047
40	Complete Hi-C clique	AUROC	0.5634660074709296
40	Complete Hi-C clique	AUPRC	0.5866109610815582
40	Complete Hi-C clique	Precision	0.985503391408432
40	Complete Hi-C clique	Recall	0.12905135930615302
40	Complete Hi-C clique	F1	0.22821768456065789
41	SGMCI	AUROC	0.8418120873164754
41	SGMCI	AUPRC	0.8371380327931757
41	SGMCI	Precision	0.629105332253289
41	SGMCI	Recall	0.980624880266114
41	SGMCI	F1	0.7664841428926331
41	Complete Hi-C clique	AUROC	0.5642094304560489
41	Complete Hi-C clique	AUPRC	0.5873713285737723
41	Complete Hi-C clique	Precision	0.9866244975950451
41	Complete Hi-C clique	Recall	0.13039237882930738
41	Complete Hi-C clique	F1	0.23034265277083416
42	SGMCI	AUROC	0.8412097516326674
42	SGMCI	AUPRC	0.8372154243841443
42	SGMCI	Precision	0.628333016834039
42	SGMCI	Recall	0.979623469583239
42	SGMCI	F1	0.7656050088471484
42	Complete Hi-C clique	AUROC	0.5646783456540327
42	Complete Hi-C clique	AUPRC	0.5878376191707032
42	Complete Hi-C clique	Precision	0.9871005762179151
42	Complete Hi-C clique	Recall	0.13127187864644108
42	Complete Hi-C clique	F1	0.23172700023057413
43	SGMCI	AUROC	0.8401112013715352
43	SGMCI	AUPRC	0.8368204918450347
43	SGMCI	Precision	0.6286478966101032
43	SGMCI	Recall	0.9797366725299987
43	SGMCI	F1	0.765873299502061
43	Complete Hi-C clique	AUROC	0.563610403395421
43	Complete Hi-C clique	AUPRC	0.5867860712140214
43	Complete Hi-C clique	Precision	0.9861794019933555
43	Complete Hi-C clique	Recall	0.1292429335237465
43	Complete Hi-C clique	F1	0.22853535353535354
44	SGMCI	AUROC	0.8416256538965925
44	SGMCI	AUPRC	0.8379288999273258
44	SGMCI	Precision	0.6285714285714286
44	SGMCI	Recall	0.9793274003378672
44	SGMCI	F1	0.7656914875509773
44	Complete Hi-C clique	AUROC	0.5639011048371446
44	Complete Hi-C clique	AUPRC	0.5870529157533322
44	Complete Hi-C clique	Precision	0.9861120296276701
44	Complete Hi-C clique	Recall	0.1298437799334715
44	Complete Hi-C clique	F1	0.2294723720558022
45	SGMCI	AUROC	0.8424287385542841
45	SGMCI	AUPRC	0.8385755997050541
45	SGMCI	Precision	0.629041641493813
45	SGMCI	Recall	0.9792054894721259
45	SGMCI	F1	0.7660029563831309
45	Complete Hi-C clique	AUROC	0.5642952874624889
45	Complete Hi-C clique	AUPRC	0.5874097611908828
45	Complete Hi-C clique	Precision	0.985939553219448
45	Complete Hi-C clique	Recall	0.13067103223671606
45	Complete Hi-C clique	F1	0.2307585846314721
46	SGMCI	AUROC	0.8421333366547283
46	SGMCI	AUPRC	0.8392947474760251
46	SGMCI	Precision	0.6297538335787346
46	SGMCI	Recall	0.9795189745554608
46	SGMCI	F1	0.7666267971116723
46	Complete Hi-C clique	AUROC	0.5637557229204269
46	Complete Hi-C clique	AUPRC	0.5870362562418853
46	Complete Hi-C clique	Precision	0.988084143256557
46	Complete Hi-C clique	Recall	0.12925164144272802
46	Complete Hi-C clique	F1	0.2286000308024026
47	SGMCI	AUROC	0.8410147050665597
47	SGMCI	AUPRC	0.8370815200237185
47	SGMCI	Precision	0.6287247121940315
47	SGMCI	Recall	0.9796757170971281
47	SGMCI	F1	0.7659116748020615
47	Complete Hi-C clique	AUROC	0.5646836232140376
47	Complete Hi-C clique	AUPRC	0.5879167644565652
47	Complete Hi-C clique	Precision	0.988314842775553
47	Complete Hi-C clique	Recall	0.13109772026681063
47	Complete Hi-C clique	F1	0.23148895603170574
48	SGMCI	AUROC	0.8424876637168218
48	SGMCI	AUPRC	0.8390051783097474
48	SGMCI	Precision	0.628046908577393
48	SGMCI	Recall	0.979806335881851
48	SGMCI	F1	0.7654483919794554
48	Complete Hi-C clique	AUROC	0.5651574616853029
48	Complete Hi-C clique	AUPRC	0.5881584263614994
48	Complete Hi-C clique	Precision	0.9850524136145982
48	Complete Hi-C clique	Recall	0.1325606506557063
48	Complete Hi-C clique	F1	0.23367512970865442
49	SGMCI	AUROC	0.841973734591689
49	SGMCI	AUPRC	0.8382803931166326
49	SGMCI	Precision	0.6292996907522047
49	SGMCI	Recall	0.9799195388286107
49	SGMCI	F1	0.766412744033045
49	Complete Hi-C clique	AUROC	0.5649776647710945
49	Complete Hi-C clique	AUPRC	0.5881789017557156
49	Complete Hi-C clique	Precision	0.9881115683584819
49	Complete Hi-C clique	Recall	0.1317246904334802
49	Complete Hi-C clique	F1	0.2324602180611155
50	SGMCI	AUROC	0.8415552061615539
50	SGMCI	AUPRC	0.8388149879849675
50	SGMCI	Precision	0.6290570659925165
50	SGMCI	Recall	0.9793883557707379
50	SGMCI	F1	0.7660703399845386
50	Complete Hi-C clique	AUROC	0.565016433728076
50	Complete Hi-C clique	AUPRC	0.5881453195263092
50	Complete Hi-C clique	Precision	0.986975774941391
50	Complete Hi-C clique	Recall	0.13197722008394433
50	Complete Hi-C clique	F1	0.23282178902253559
51	SGMCI	AUROC	0.8413215351891412
51	SGMCI	AUPRC	0.8381830702651177
51	SGMCI	Precision	0.6285985695127403
51	SGMCI	Recall	0.9795886379073129
51	SGMCI	F1	0.7657914621610766
51	Complete Hi-C clique	AUROC	0.5638513016900059
51	Complete Hi-C clique	AUPRC	0.5870914060149675
51	Complete Hi-C clique	Precision	0.9875190865033526
51	Complete Hi-C clique	Recall	0.1295302948501367
51	Complete Hi-C clique	F1	0.2290205618124571
52	SGMCI	AUROC	0.8426925750729309
52	SGMCI	AUPRC	0.8386316868715433
52	SGMCI	Precision	0.6307058361832146
52	SGMCI	Recall	0.9796321775022205
52	SGMCI	F1	0.7673665111456714
52	Complete Hi-C clique	AUROC	0.563924214913548
52	Complete Hi-C clique	AUPRC	0.5872189116354269
52	Complete Hi-C clique	Precision	0.9885034556087188
52	Complete Hi-C clique	Recall	0.1295302948501367
52	Complete Hi-C clique	F1	0.22904701045532233
53	SGMCI	AUROC	0.8431391125987135
53	SGMCI	AUPRC	0.8399495769352876
53	SGMCI	Precision	0.6284502603759248
53	SGMCI	Recall	0.979423187446664
53	SGMCI	F1	0.765630849868963
53	Complete Hi-C clique	AUROC	0.5646280355848152
53	Complete Hi-C clique	AUPRC	0.5878720787252038
53	Complete Hi-C clique	Precision	0.9884332281808622
53	Complete Hi-C clique	Recall	0.13096710148208782
53	Complete Hi-C clique	F1	0.23128854168268564
54	SGMCI	AUROC	0.8413983217358845
54	SGMCI	AUPRC	0.8380922941661328
54	SGMCI	Precision	0.6291114973814966
54	SGMCI	Recall	0.9801633605600933
54	SGMCI	F1	0.7663476955442764
54	Complete Hi-C clique	AUROC	0.5645425395529482
54	Complete Hi-C clique	AUPRC	0.5875698996380693
54	Complete Hi-C clique	Precision	0.9847881438924071
54	Complete Hi-C clique	Recall	0.13135024991727476
54	Complete Hi-C clique	F1	0.23178517920940414
55	SGMCI	AUROC	0.8405394821680711
55	SGMCI	AUPRC	0.8365863508459842
55	SGMCI	Precision	0.6286347720711011
55	SGMCI	Recall	0.980241731830927
55	SGMCI	F1	0.7660178219640907
55	Complete Hi-C clique	AUROC	0.5645323387196617
55	Complete Hi-C clique	AUPRC	0.5877152711381941
55	Complete Hi-C clique	Precision	0.987327642810243
55	Complete Hi-C clique	Recall	0.13094097772514324
55	Complete Hi-C clique	F1	0.23121751699111232
56	SGMCI	AUROC	0.8417019083783285
56	SGMCI	AUPRC	0.8374637018791554
56	SGMCI	Precision	0.628482747455801
56	SGMCI	Recall	0.9803549347776869
56	SGMCI	F1	0.7659394974334203
56	Complete Hi-C clique	AUROC	0.564726537791292
56	Complete Hi-C clique	AUPRC	0.5878520345271545
56	Complete Hi-C clique	Precision	0.9866013071895425
56	Complete Hi-C clique	Recall	0.13144603702607152
56	Complete Hi-C clique	F1	0.23198450875224766
57	SGMCI	AUROC	0.8429714578989825
57	SGMCI	AUPRC	0.8395478299500377
57	SGMCI	Precision	0.6289738430583501
57	SGMCI	Recall	0.9799543705045368
57	SGMCI	F1	0.7661816869668231
57	Complete Hi-C clique	AUROC	0.5638183796068202
57	Complete Hi-C clique	AUPRC	0.5869747733121918
57	Complete Hi-C clique	Precision	0.9860945570123163
57	Complete Hi-C clique	Recall	0.1296783294728226
57	Complete Hi-C clique	F1	0.22921348314606743
58	SGMCI	AUROC	0.8424841301617841
58	SGMCI	AUPRC	0.8387754325262993
58	SGMCI	Precision	0.6293228793843951
58	SGMCI	Recall	0.9799282467475923
58	SGMCI	F1	0.7664326043575092
58	Complete Hi-C clique	AUROC	0.5646430972996711
58	Complete Hi-C clique	AUPRC	0.5877344267741175
58	Complete Hi-C clique	Precision	0.9859495490785518
58	Complete Hi-C clique	Recall	0.13137637367421934
58	Complete Hi-C clique	F1	0.23185799907791607
59	SGMCI	AUROC	0.8427577135018424
59	SGMCI	AUPRC	0.8385454858429449
59	SGMCI	Precision	0.629581745218866
59	SGMCI	Recall	0.9795363903934238
59	SGMCI	F1	0.7665046046288189
59	Complete Hi-C clique	AUROC	0.5644621684457308
59	Complete Hi-C clique	AUPRC	0.5876450876640056
59	Complete Hi-C clique	Precision	0.9872502628811777
59	Complete Hi-C clique	Recall	0.13081035894042042
59	Complete Hi-C clique	F1	0.23101173358758673
60	SGMCI	AUROC	0.8425476570305501
60	SGMCI	AUPRC	0.8390642410246089
60	SGMCI	Precision	0.6301250168033338
60	SGMCI	Recall	0.9796408854212021
60	SGMCI	F1	0.7669391288934942
60	Complete Hi-C clique	AUROC	0.5642370749792297
60	Complete Hi-C clique	AUPRC	0.5874091019829452
60	Complete Hi-C clique	Precision	0.986822165118271
60	Complete Hi-C clique	Recall	0.13041850258625193
60	Complete Hi-C clique	F1	0.23038880129215855
61	SGMCI	AUROC	0.8420093867567245
61	SGMCI	AUPRC	0.8379923809115032
61	SGMCI	Precision	0.6296031102285123
61	SGMCI	Recall	0.9800849892892597
61	SGMCI	F1	0.7666883512770646
61	Complete Hi-C clique	AUROC	0.5648641353895425
61	Complete Hi-C clique	AUPRC	0.5879354720528819
61	Complete Hi-C clique	Precision	0.9858696359966139
61	Complete Hi-C clique	Recall	0.13183789338024
61	Complete Hi-C clique	F1	0.2325742155996774
62	SGMCI	AUROC	0.8413716281572112
62	SGMCI	AUPRC	0.8382453248622564
62	SGMCI	Precision	0.6284153310727394
62	SGMCI	Recall	0.9795712220693499
62	SGMCI	F1	0.7656501512691979
62	Complete Hi-C clique	AUROC	0.5645895373587636
62	Complete Hi-C clique	AUPRC	0.5877070928577273
62	Complete Hi-C clique	Precision	0.9863193035281796
62	Complete Hi-C clique	Recall	0.13121092321357042
62	Complete Hi-C clique	F1	0.23161049840525685
63	SGMCI	AUROC	0.8422221890559431
63	SGMCI	AUPRC	0.8386666551033076
63	SGMCI	Precision	0.6287233328860862
63	SGMCI	Recall	0.9793012765809227
63	SGMCI	F1	0.7657961935242247
63	Complete Hi-C clique	AUROC	0.5645505600625645
63	Complete Hi-C clique	AUPRC	0.587705233424092
63	Complete Hi-C clique	Precision	0.986884385861368
63	Complete Hi-C clique	Recall	0.1310454727529215
63	Complete Hi-C clique	F1	0.2313682381790648
64	SGMCI	AUROC	0.8429385123659945
64	SGMCI	AUPRC	0.8390799432024766
64	SGMCI	Precision	0.6294476467625497
64	SGMCI	Recall	0.9794318953656456
64	SGMCI	F1	0.7663732250415634
64	Complete Hi-C clique	AUROC	0.5637967000530096
64	Complete Hi-C clique	AUPRC	0.5868885636219184
64	Complete Hi-C clique	Precision	0.9849996695962466
64	Complete Hi-C clique	Recall	0.12980024033856388
64	Complete Hi-C clique	F1	0.22937424502388995
65	SGMCI	AUROC	0.8429774618525906
65	SGMCI	AUPRC	0.8394266390717205
65	SGMCI	Precision	0.629868857780937
65	SGMCI	Recall	0.9799282467475923
65	SGMCI	F1	0.766837365715045
65	Complete Hi-C clique	AUROC	0.5644040462061147
65	Complete Hi-C clique	AUPRC	0.5875785010047032
65	Complete Hi-C clique	Precision	0.9870471431389309
65	Complete Hi-C clique	Recall	0.1307232797506052
65	Complete Hi-C clique	F1	0.230870377632702
66	SGMCI	AUROC	0.8425732899924461
66	SGMCI	AUPRC	0.8392447183445084
66	SGMCI	Precision	0.6291693222859571
66	SGMCI	Recall	0.9799630784235184
66	SGMCI	F1	0.7663293656198076
66	Complete Hi-C clique	AUROC	0.5643827833307397
66	Complete Hi-C clique	AUPRC	0.5875623073890515
66	Complete Hi-C clique	Precision	0.9871069596105776
66	Complete Hi-C clique	Recall	0.13067103223671606
66	Complete Hi-C clique	F1	0.23079052599200242
67	SGMCI	AUROC	0.841833745071282
67	SGMCI	AUPRC	0.8381189447338552
67	SGMCI	Precision	0.6290916816217456
67	SGMCI	Recall	0.9798585833957401
67	SGMCI	F1	0.7662398240423279
67	Complete Hi-C clique	AUROC	0.5643080507581002
67	Complete Hi-C clique	AUPRC	0.5874528378670458
67	Complete Hi-C clique	Precision	0.9864527160331448
67	Complete Hi-C clique	Recall	0.13061878472282692
67	Complete Hi-C clique	F1	0.2306911506874596
68	SGMCI	AUROC	0.8416801804857559
68	SGMCI	AUPRC	0.8373124752081995
68	SGMCI	Precision	0.6292224631687197
68	SGMCI	Recall	0.9803636426966683
68	SGMCI	F1	0.7664912412088697
68	Complete Hi-C clique	AUROC	0.5638114007932925
68	Complete Hi-C clique	AUPRC	0.5870147691333939
68	Complete Hi-C clique	Precision	0.9868656716417911
68	Complete Hi-C clique	Recall	0.12954771068809975
68	Complete Hi-C clique	F1	0.22903019713192677
69	SGMCI	AUROC	0.8438785099639018
69	SGMCI	AUPRC	0.8397693645448515
69	SGMCI	Precision	0.6294226563068128
69	SGMCI	Recall	0.9798150438008325
69	SGMCI	F1	0.7664719606273735
69	Complete Hi-C clique	AUROC	0.5643361119597164
69	Complete Hi-C clique	AUPRC	0.5875611056195007
69	Complete Hi-C clique	Precision	0.9878032700421941
69	Complete Hi-C clique	Recall	0.13047075010014106
69	Complete Hi-C clique	F1	0.2304970539821239
70	SGMCI	AUROC	0.8423856538601431
70	SGMCI	AUPRC	0.838213160102575
70	SGMCI	Precision	0.6301738711808238
70	SGMCI	Recall	0.9802765635068531
70	SGMCI	F1	0.7671700581989669
70	Complete Hi-C clique	AUROC	0.5640313347953633
70	Complete Hi-C clique	AUPRC	0.587273185797006
70	Complete Hi-C clique	Precision	0.9877467214200556
70	Complete Hi-C clique	Recall	0.12986119577143454
70	Complete Hi-C clique	F1	0.2295437753971186
71	SGMCI	AUROC	0.8424865354596401
71	SGMCI	AUPRC	0.8386174310228938
71	SGMCI	Precision	0.6286843635387781
71	SGMCI	Recall	0.9791967815531444
71	SGMCI	F1	0.7657353371785007
71	Complete Hi-C clique	AUROC	0.5642147982596972
71	Complete Hi-C clique	AUPRC	0.5873841709567955
71	Complete Hi-C clique	Precision	0.9867536575721629
71	Complete Hi-C clique	Recall	0.13038367091032585
71	Complete Hi-C clique	F1	0.23033258468449067
72	SGMCI	AUROC	0.8415482312845456
72	SGMCI	AUPRC	0.8385640920096077
72	SGMCI	Precision	0.6288687464003534
72	SGMCI	Recall	0.9793361082568488
72	SGMCI	F1	0.7659147016259471
72	Complete Hi-C clique	AUROC	0.5652974134066605
72	Complete Hi-C clique	AUPRC	0.5883951890573909
72	Complete Hi-C clique	Precision	0.9867781450515264
72	Complete Hi-C clique	Recall	0.13257806649366935
72	Complete Hi-C clique	F1	0.2337506812930366
73	SGMCI	AUROC	0.8398948275489166
73	SGMCI	AUPRC	0.836064713182839
73	SGMCI	Precision	0.6290840531710156
73	SGMCI	Recall	0.9791619498772184
73	SGMCI	F1	0.7660210775865005
73	Complete Hi-C clique	AUROC	0.5642375819013083
73	Complete Hi-C clique	AUPRC	0.5874134695255078
73	Complete Hi-C clique	Precision	0.9868863261943986
73	Complete Hi-C clique	Recall	0.13040979466727043
73	Complete Hi-C clique	F1	0.2303769623037696
74	SGMCI	AUROC	0.842423356020435
74	SGMCI	AUPRC	0.8377523051448081
74	SGMCI	Precision	0.6288342358351914
74	SGMCI	Recall	0.9798847071526846
74	SGMCI	F1	0.7660568102523955
74	Complete Hi-C clique	AUROC	0.5638741755752604
74	Complete Hi-C clique	AUPRC	0.5870546371300137
74	Complete Hi-C clique	Precision	0.9865562913907284
74	Complete Hi-C clique	Recall	0.1297218690677302
74	Complete Hi-C clique	F1	0.22929397097077067
75	SGMCI	AUROC	0.841676362866417
75	SGMCI	AUPRC	0.838385333159719
75	SGMCI	Precision	0.627979679562329
75	SGMCI	Recall	0.9795538062313868
75	SGMCI	F1	0.7653213955260436
75	Complete Hi-C clique	AUROC	0.5640632151824602
75	Complete Hi-C clique	AUPRC	0.5872138013577876
75	Complete Hi-C clique	Precision	0.9862742510228323
75	Complete Hi-C clique	Recall	0.13014855709782477
75	Complete Hi-C clique	F1	0.2299526124684596
76	SGMCI	AUROC	0.8405241501455667
76	SGMCI	AUPRC	0.8363175747219315
76	SGMCI	Precision	0.6287968596224389
76	SGMCI	Recall	0.9791967815531444
76	SGMCI	F1	0.7658187761773418
76	Complete Hi-C clique	AUROC	0.5637461816445744
76	Complete Hi-C clique	AUPRC	0.5868872107419212
76	Complete Hi-C clique	Precision	0.9857578166401696
76	Complete Hi-C clique	Recall	0.12958254236402583
76	Complete Hi-C clique	F1	0.22905475087352037
77	SGMCI	AUROC	0.843397540213066
77	SGMCI	AUPRC	0.839454371611778
77	SGMCI	Precision	0.6297263883372399
77	SGMCI	Recall	0.9802330239119456
77	SGMCI	F1	0.7668250481104923
77	Complete Hi-C clique	AUROC	0.5648332409946718
77	Complete Hi-C clique	AUPRC	0.5878367675458673
77	Complete Hi-C clique	Precision	0.9847283597608526
77	Complete Hi-C clique	Recall	0.13195109632699978
77	Complete Hi-C clique	F1	0.23271850475327507
78	SGMCI	AUROC	0.8413179887240136
78	SGMCI	AUPRC	0.8376974176116034
78	SGMCI	Precision	0.6286814427343549
78	SGMCI	Recall	0.9795973458262944
78	SGMCI	F1	0.7658556178857361
78	Complete Hi-C clique	AUROC	0.5634378560256701
78	Complete Hi-C clique	AUPRC	0.5865689158745089
78	Complete Hi-C clique	Precision	0.9852393617021277
78	Complete Hi-C clique	Recall	0.12903394346818997
78	Complete Hi-C clique	F1	0.2281833720876515
79	SGMCI	AUROC	0.8436815078789969
79	SGMCI	AUPRC	0.8397664491373411
79	SGMCI	Precision	0.6296816269912296
79	SGMCI	Recall	0.9803113951827792
79	SGMCI	F1	0.7668158380502823
79	Complete Hi-C clique	AUROC	0.5638043941278338
79	Complete Hi-C clique	AUPRC	0.5868881183796458
79	Complete Hi-C clique	Precision	0.9848735055155559
79	Complete Hi-C clique	Recall	0.12983507201449
79	Complete Hi-C clique	F1	0.22942520599798427
80	SGMCI	AUROC	0.8409580425982972
80	SGMCI	AUPRC	0.8373771550160823
80	SGMCI	Precision	0.6296117945473176
80	SGMCI	Recall	0.9791445340392553
80	SGMCI	F1	0.7664068650337902
80	Complete Hi-C clique	AUROC	0.564636535164579
80	Complete Hi-C clique	AUPRC	0.587844913120845
80	Complete Hi-C clique	Precision	0.987858502329855
80	Complete Hi-C clique	Recall	0.13107159650986608
80	Complete Hi-C clique	F1	0.23143571016721123
81	SGMCI	AUROC	0.8398238025847207
81	SGMCI	AUPRC	0.8363275260528541
81	SGMCI	Precision	0.6279803274661844
81	SGMCI	Recall	0.9795712220693499
81	SGMCI	F1	0.765327192138
81	Complete Hi-C clique	AUROC	0.5638782309518902
81	Complete Hi-C clique	AUPRC	0.5870895720482636
81	Complete Hi-C clique	Precision	0.9870723945902944
81	Complete Hi-C clique	Recall	0.12965220571587802
81	Complete Hi-C clique	F1	0.22919905789627623
82	SGMCI	AUROC	0.842944302816349
82	SGMCI	AUPRC	0.8390593073039372
82	SGMCI	Precision	0.6303625741476174
82	SGMCI	Recall	0.9799717863424998
82	SGMCI	F1	0.767216489925588
82	Complete Hi-C clique	AUROC	0.5648850094384132
82	Complete Hi-C clique	AUPRC	0.5880484282468652
82	Complete Hi-C clique	Precision	0.9873946835608386
82	Complete Hi-C clique	Recall	0.13164631916264652
82	Complete Hi-C clique	F1	0.2323183428224573
83	SGMCI	AUROC	0.8424108871171967
83	SGMCI	AUPRC	0.8383341980162806
83	SGMCI	Precision	0.6302486636708988
83	SGMCI	Recall	0.9794928507985162
83	SGMCI	F1	0.7669853262055423
83	Complete Hi-C clique	AUROC	0.5643911926668601
83	Complete Hi-C clique	AUPRC	0.5876014299604018
83	Complete Hi-C clique	Precision	0.9876209916375848
83	Complete Hi-C clique	Recall	0.13061007680384543
83	Complete Hi-C clique	F1	0.2307094789463565
84	SGMCI	AUROC	0.8412065114964549
84	SGMCI	AUPRC	0.8367284735737005
84	SGMCI	Precision	0.6281234825609627
84	SGMCI	Recall	0.9799804942614814
84	SGMCI	F1	0.7655584088705975
84	Complete Hi-C clique	AUROC	0.564121545761294
84	Complete Hi-C clique	AUPRC	0.5873155280813432
84	Complete Hi-C clique	Precision	0.9870558710870426
84	Complete Hi-C clique	Recall	0.13014855709782477
84	Complete Hi-C clique	F1	0.2299738421295584
85	SGMCI	AUROC	0.8411403055936035
85	SGMCI	AUPRC	0.8381736105907941
85	SGMCI	Precision	0.628702638077254
85	SGMCI	Recall	0.9799369546665738
85	SGMCI	F1	0.7659751150317188
85	Complete Hi-C clique	AUROC	0.5647090317096857
85	Complete Hi-C clique	AUPRC	0.5879016872606833
85	Complete Hi-C clique	Precision	0.9876802096985583
85	Complete Hi-C clique	Recall	0.1312457548894965
85	Complete Hi-C clique	F1	0.23170225522298576
86	SGMCI	AUROC	0.8400110219962602
86	SGMCI	AUPRC	0.8364692383587548
86	SGMCI	Precision	0.6281996170229396
86	SGMCI	Recall	0.9798585833957401
86	SGMCI	F1	0.7655777467078966
86	Complete Hi-C clique	AUROC	0.5637403069188475
86	Complete Hi-C clique	AUPRC	0.586870056101876
86	Complete Hi-C clique	Precision	0.9855638699423879
86	Complete Hi-C clique	Recall	0.12959995820198889
86	Complete Hi-C clique	F1	0.22907672061505785
87	SGMCI	AUROC	0.8418333184034001
87	SGMCI	AUPRC	0.8392589122297255
87	SGMCI	Precision	0.6286380226819221
87	SGMCI	Recall	0.9793709399327749
87	SGMCI	F1	0.765754203447184
87	Complete Hi-C clique	AUROC	0.5650513834995764
87	Complete Hi-C clique	AUPRC	0.5882798606691969
87	Complete Hi-C clique	Precision	0.988634136782285
87	Complete Hi-C clique	Recall	0.13179435378533239
87	Complete Hi-C clique	F1	0.232583155969788
88	SGMCI	AUROC	0.8438107676757222
88	SGMCI	AUPRC	0.8403782533497135
88	SGMCI	Precision	0.6295151081389367
88	SGMCI	Recall	0.9803810585346314
88	SGMCI	F1	0.7667136562676635
88	Complete Hi-C clique	AUROC	0.5650040871109001
88	Complete Hi-C clique	AUPRC	0.5881726170057491
88	Complete Hi-C clique	Precision	0.9876076180537438
88	Complete Hi-C clique	Recall	0.13185530921820304
88	Complete Hi-C clique	F1	0.2326496120457863
89	SGMCI	AUROC	0.8414620640549995
89	SGMCI	AUPRC	0.8374055496044305
89	SGMCI	Precision	0.6296623978766176
89	SGMCI	Recall	0.9791793657151814
89	SGMCI	F1	0.7664550253730986
89	Complete Hi-C clique	AUROC	0.5645062149627171
89	Complete Hi-C clique	AUPRC	0.5876905928815425
89	Complete Hi-C clique	Precision	0.9873226484498161
89	Complete Hi-C clique	Recall	0.1308887302112541
89	Complete Hi-C clique	F1	0.23113591979209916
90	SGMCI	AUROC	0.8424621005540666
90	SGMCI	AUPRC	0.8389882509599049
90	SGMCI	Precision	0.6295618906991962
90	SGMCI	Recall	0.9801633605600933
90	SGMCI	F1	0.7666817650845114
90	Complete Hi-C clique	AUROC	0.5643931022596007
90	Complete Hi-C clique	AUPRC	0.5875176592866708
90	Complete Hi-C clique	Precision	0.9862150452934226
90	Complete Hi-C clique	Recall	0.13082777477838345
90	Complete Hi-C clique	F1	0.2310105172519835
91	SGMCI	AUROC	0.8410117054389687
91	SGMCI	AUPRC	0.8374960840229039
91	SGMCI	Precision	0.6286803761727443
91	SGMCI	Recall	0.9791358261202737
91	SGMCI	F1	0.7657137409258679
91	Complete Hi-C clique	AUROC	0.5651301435969144
91	Complete Hi-C clique	AUPRC	0.588256627184866
91	Complete Hi-C clique	Precision	0.9870611183355007
91	Complete Hi-C clique	Recall	0.13219491805848238
91	Complete Hi-C clique	F1	0.23316284999001677
92	SGMCI	AUROC	0.8411217225565488
92	SGMCI	AUPRC	0.8370981888477824
92	SGMCI	Precision	0.6287420800321827
92	SGMCI	Recall	0.9799108309096293
92	SGMCI	F1	0.7659964059139053
92	Complete Hi-C clique	AUROC	0.5642174231137341
92	Complete Hi-C clique	AUPRC	0.587340084569169
92	Complete Hi-C clique	Precision	0.9859868421052631
92	Complete Hi-C clique	Recall	0.13050558177606716
92	Complete Hi-C clique	F1	0.23050185330441872
93	SGMCI	AUROC	0.8412124537779296
93	SGMCI	AUPRC	0.837361515233088
93	SGMCI	Precision	0.6288183021576305
93	SGMCI	Recall	0.9803636426966683
93	SGMCI	F1	0.7661912977197942
93	Complete Hi-C clique	AUROC	0.5640936928988955
93	Complete Hi-C clique	AUPRC	0.5872425909713533
93	Complete Hi-C clique	Precision	0.9862805883516919
93	Complete Hi-C clique	Recall	0.1302095125306954
93	Complete Hi-C clique	F1	0.23004792344556496
94	SGMCI	AUROC	0.842716097975907
94	SGMCI	AUPRC	0.8391304421020878
94	SGMCI	Precision	0.6296511692930559
94	SGMCI	Recall	0.9804942614813912
94	SGMCI	F1	0.7668491881878611
94	Complete Hi-C clique	AUROC	0.5642041807479752
94	Complete Hi-C clique	AUPRC	0.587459917255277
94	Complete Hi-C clique	Precision	0.9881652892561984
94	Complete Hi-C clique	Recall	0.13014855709782477
94	Complete Hi-C clique	F1	0.23000392419380905
95	SGMCI	AUROC	0.844192680213209
95	SGMCI	AUPRC	0.8406434260416086
95	SGMCI	Precision	0.6298700571927429
95	SGMCI	Recall	0.9801111130462042
95	SGMCI	F1	0.7668942398103102
95	Complete Hi-C clique	AUROC	0.5643033982157486
95	Complete Hi-C clique	AUPRC	0.5874795325610953
95	Complete Hi-C clique	Precision	0.9869633921516987
95	Complete Hi-C clique	Recall	0.13053170553301172
95	Complete Hi-C clique	F1	0.23056927076123235
96	SGMCI	AUROC	0.842605212453737
96	SGMCI	AUPRC	0.8379561865157116
96	SGMCI	Precision	0.62884834663626
96	SGMCI	Recall	0.9796931329350912
96	SGMCI	F1	0.7660087286294962
96	Complete Hi-C clique	AUROC	0.5644601407574159
96	Complete Hi-C clique	AUPRC	0.5876275993111975
96	Complete Hi-C clique	Precision	0.9869942196531792
96	Complete Hi-C clique	Recall	0.1308451906163465
96	Complete Hi-C clique	F1	0.23105903338407838
97	SGMCI	AUROC	0.8400990744375246
97	SGMCI	AUPRC	0.8355959194022653
97	SGMCI	Precision	0.629655747522065
97	SGMCI	Recall	0.9796844250161096
97	SGMCI	F1	0.7666047731802463
97	Complete Hi-C clique	AUROC	0.5641326701950946
97	Complete Hi-C clique	AUPRC	0.5872445411740488
97	Complete Hi-C clique	Precision	0.9857133451840148
97	Complete Hi-C clique	Recall	0.13037496299134432
97	Complete Hi-C clique	F1	0.2302906319456728
98	SGMCI	AUROC	0.8413748321028445
98	SGMCI	AUPRC	0.8373491226599792
98	SGMCI	Precision	0.6291196653374868
98	SGMCI	Recall	0.9795625141503683
98	SGMCI	F1	0.7661700352466413
98	Complete Hi-C clique	AUROC	0.5628430926808897
98	Complete Hi-C clique	AUPRC	0.5860535212111909
98	Complete Hi-C clique	Precision	0.9858851996236053
98	Complete Hi-C clique	Recall	0.1277277556209617
98	Complete Hi-C clique	F1	0.22615560146782202
99	SGMCI	AUROC	0.844407181056948
99	SGMCI	AUPRC	0.8410308220294368
99	SGMCI	Precision	0.6291162437285598
99	SGMCI	Recall	0.9805378010762987
99	SGMCI	F1	0.7664656392942714
99	Complete Hi-C clique	AUROC	0.5644476760446656
99	Complete Hi-C clique	AUPRC	0.5875537065360207
99	Complete Hi-C clique	Precision	0.985971812520485
99	Complete Hi-C clique	Recall	0.13097580940106934
99	Complete Hi-C clique	F1	0.23123457834011057
100	SGMCI	AUROC	0.8412823747389814
100	SGMCI	AUPRC	0.8368450290707204
100	SGMCI	Precision	0.6290014093013891
100	SGMCI	Recall	0.9794057716087009
100	SGMCI	F1	0.7660343946875531
100	Complete Hi-C clique	AUROC	0.5638858069311398
100	Complete Hi-C clique	AUPRC	0.5869881679257634
100	Complete Hi-C clique	Precision	0.9852756685374711
100	Complete Hi-C clique	Recall	0.12993956704226825
100	Complete Hi-C clique	F1	0.22959925528722988
101	SGMCI	AUROC	0.842191322893957
101	SGMCI	AUPRC	0.8383430513729644
101	SGMCI	Precision	0.6291571830418808
101	SGMCI	Recall	0.9796757170971281
101	SGMCI	F1	0.7662324836968551
101	Complete Hi-C clique	AUROC	0.5640693884910483
101	Complete Hi-C clique	AUPRC	0.5872002518197551
101	Complete Hi-C clique	Precision	0.9859554266121587
101	Complete Hi-C clique	Recall	0.1302095125306954
101	Complete Hi-C clique	F1	0.23003907572074708
102	SGMCI	AUROC	0.8421100796572715
102	SGMCI	AUPRC	0.8378878457824666
102	SGMCI	Precision	0.6295390709801596
102	SGMCI	Recall	0.9797715042059248
102	SGMCI	F1	0.7665449442029678
102	Complete Hi-C clique	AUROC	0.5638121160545889
102	Complete Hi-C clique	AUPRC	0.5870543882549367
102	Complete Hi-C clique	Precision	0.9875116248173244
102	Complete Hi-C clique	Recall	0.12945192357930302
102	Complete Hi-C clique	F1	0.22889785360145354
103	SGMCI	AUROC	0.8408864015900186
103	SGMCI	AUPRC	0.8369309931601638
103	SGMCI	Precision	0.6295471459507249
103	SGMCI	Recall	0.9797018408540727
103	SGMCI	F1	0.7665296083447738
103	Complete Hi-C clique	AUROC	0.5638142339865471
103	Complete Hi-C clique	AUPRC	0.5870057837465954
103	Complete Hi-C clique	Precision	0.9866728550590107
103	Complete Hi-C clique	Recall	0.12958254236402583
103	Complete Hi-C clique	F1	0.22907943349753693
104	SGMCI	AUROC	0.8426675542185984
104	SGMCI	AUPRC	0.8387414042972077
104	SGMCI	Precision	0.6292822870180854
104	SGMCI	Recall	0.9798759992337032
104	SGMCI	F1	0.766386520282235
104	Complete Hi-C clique	AUROC	0.5639549633609132
104	Complete Hi-C clique	AUPRC	0.5870496282800785
104	Complete Hi-C clique	Precision	0.9852271977840796
104	Complete Hi-C clique	Recall	0.13008760166495412
104	Complete Hi-C clique	F1	0.22982900131537448
105	SGMCI	AUROC	0.8416404075470791
105	SGMCI	AUPRC	0.8378759387257669
105	SGMCI	Precision	0.6286354342409582
105	SGMCI	Recall	0.9798759992337032
105	SGMCI	F1	0.765906615845358
105	Complete Hi-C clique	AUROC	0.5641815775936505
105	Complete Hi-C clique	AUPRC	0.5872984794449551
105	Complete Hi-C clique	Precision	0.9858515398789155
105	Complete Hi-C clique	Recall	0.13045333426217803
105	Complete Hi-C clique	F1	0.23041666025808638
106	SGMCI	AUROC	0.8432914045880224
106	SGMCI	AUPRC	0.8398896358607952
106	SGMCI	Precision	0.6290920873276575
106	SGMCI	Recall	0.9805987565091694
106	SGMCI	F1	0.7664663322465814
106	Complete Hi-C clique	AUROC	0.5639948642576265
106	Complete Hi-C clique	AUPRC	0.5871259840382512
106	Complete Hi-C clique	Precision	0.9858755197676721
106	Complete Hi-C clique	Recall	0.13007018582699106
106	Complete Hi-C clique	F1	0.22981944626083747
107	SGMCI	AUROC	0.8410422360232795
107	SGMCI	AUPRC	0.8377471993409955
107	SGMCI	Precision	0.6286196452719693
107	SGMCI	Recall	0.9795886379073129
107	SGMCI	F1	0.7658071016229169
107	Complete Hi-C clique	AUROC	0.5647777714610237
107	Complete Hi-C clique	AUPRC	0.5878926643723545
107	Complete Hi-C clique	Precision	0.9864847218594933
107	Complete Hi-C clique	Recall	0.1315679478918128
107	Complete Hi-C clique	F1	0.23217112036510598
108	SGMCI	AUROC	0.8420537790524734
108	SGMCI	AUPRC	0.8384823078490331
108	SGMCI	Precision	0.6283438440870726
108	SGMCI	Recall	0.9795363903934238
108	SGMCI	F1	0.765586450736913
108	Complete Hi-C clique	AUROC	0.5639325061540942
108	Complete Hi-C clique	AUPRC	0.5871564223310157
108	Complete Hi-C clique	Precision	0.9873409331919406
108	Complete Hi-C clique	Recall	0.1297218690677302
108	Complete Hi-C clique	F1	0.22931514862306235
109	SGMCI	AUROC	0.841566379526711
109	SGMCI	AUPRC	0.8373689500561159
109	SGMCI	Precision	0.6291613047613719
109	SGMCI	Recall	0.9792054894721259
109	SGMCI	F1	0.7660916721168519
109	Complete Hi-C clique	AUROC	0.5641193097337613
109	Complete Hi-C clique	AUPRC	0.5872629104222266
109	Complete Hi-C clique	Precision	0.9862218999274837
109	Complete Hi-C clique	Recall	0.13027046796356606
109	Complete Hi-C clique	F1	0.23014145392171192
110	SGMCI	AUROC	0.8421693243974392
110	SGMCI	AUPRC	0.8376633281392377
110	SGMCI	Precision	0.6295511709798223
110	SGMCI	Recall	0.9807990386457445
110	SGMCI	F1	0.7668681999537018
110	Complete Hi-C clique	AUROC	0.564363131465244
110	Complete Hi-C clique	AUPRC	0.5874932269266948
110	Complete Hi-C clique	Precision	0.986272577996716
110	Complete Hi-C clique	Recall	0.1307581114265313
110	Complete Hi-C clique	F1	0.23090348523407886
111	SGMCI	AUROC	0.8427684087703995
111	SGMCI	AUPRC	0.8396196594063209
111	SGMCI	Precision	0.6300203725261933
111	SGMCI	Recall	0.980224315992964
111	SGMCI	F1	0.7670403052706892
111	Complete Hi-C clique	AUROC	0.5642877114832394
111	Complete Hi-C clique	AUPRC	0.5875114780656007
111	Complete Hi-C clique	Precision	0.9877300613496932
111	Complete Hi-C clique	Recall	0.13038367091032585
111	Complete Hi-C clique	F1	0.2303591621345108
112	SGMCI	AUROC	0.842723502822394
112	SGMCI	AUPRC	0.8387593256956538
112	SGMCI	Precision	0.6291693003014929
112	SGMCI	Recall	0.9794754349605531
112	SGMCI	F1	0.7661802019651585
112	Complete Hi-C clique	AUROC	0.5640555211076362
112	Complete Hi-C clique	AUPRC	0.5872142932952207
112	Complete Hi-C clique	Precision	0.9864008449960391
112	Complete Hi-C clique	Recall	0.13011372542189867
112	Complete Hi-C clique	F1	0.22990168171956982
113	SGMCI	AUROC	0.8422892140510745
113	SGMCI	AUPRC	0.8387226308094673
113	SGMCI	Precision	0.6296085011185683
113	SGMCI	Recall	0.9802852714258347
113	SGMCI	F1	0.766753621806442
113	Complete Hi-C clique	AUROC	0.5638772171077328
113	Complete Hi-C clique	AUPRC	0.587080831753462
113	Complete Hi-C clique	Precision	0.9869432661717922
113	Complete Hi-C clique	Recall	0.12966962155384107
113	Complete Hi-C clique	F1	0.22922278835644908
114	SGMCI	AUROC	0.8420574986397871
114	SGMCI	AUPRC	0.8392780229352212
114	SGMCI	Precision	0.6286860873258959
114	SGMCI	Recall	0.9794841428795347
114	SGMCI	F1	0.7658244653689822
114	Complete Hi-C clique	AUROC	0.5644789592660406
114	Complete Hi-C clique	AUPRC	0.5875561657391071
114	Complete Hi-C clique	Precision	0.9855338089939124
114	Complete Hi-C clique	Recall	0.13110642818579216
114	Complete Hi-C clique	F1	0.23142604618990892
115	SGMCI	AUROC	0.8418705313771139
115	SGMCI	AUPRC	0.837545394639927
115	SGMCI	Precision	0.629671104939585
115	SGMCI	Recall	0.9792751528239781
115	SGMCI	F1	0.7664908191223981
115	Complete Hi-C clique	AUROC	0.5651706416593497
115	Complete Hi-C clique	AUPRC	0.5882715491830464
115	Complete Hi-C clique	Precision	0.9866900402545123
115	Complete Hi-C clique	Recall	0.13233424476218672
115	Complete Hi-C clique	F1	0.23336916461916457
116	SGMCI	AUROC	0.8420502787673718
116	SGMCI	AUPRC	0.8386264602808527
116	SGMCI	Precision	0.6296310803476003
116	SGMCI	Recall	0.9798324596387955
116	SGMCI	F1	0.7666318059335919
116	Complete Hi-C clique	AUROC	0.564273128838531
116	Complete Hi-C clique	AUPRC	0.5874859964923385
116	Complete Hi-C clique	Precision	0.9875346260387812
116	Complete Hi-C clique	Recall	0.13038367091032585
116	Complete Hi-C clique	F1	0.23035384615384613
117	SGMCI	AUROC	0.8435057542355636
117	SGMCI	AUPRC	0.8391224828283768
117	SGMCI	Precision	0.6297174692494001
117	SGMCI	Recall	0.9803288110207422
117	SGMCI	F1	0.7668477427924323
117	Complete Hi-C clique	AUROC	0.564335993864142
117	Complete Hi-C clique	AUPRC	0.5874598371041926
117	Complete Hi-C clique	Precision	0.9861393943375156
117	Complete Hi-C clique	Recall	0.1307232797506052
117	Complete Hi-C clique	F1	0.23084552632995284
118	SGMCI	AUROC	0.8426545173560704
118	SGMCI	AUPRC	0.8384851804814879
118	SGMCI	Precision	0.6289029299932901
118	SGMCI	Recall	0.9794057716087009
118	SGMCI	F1	0.7659613590394923
118	Complete Hi-C clique	AUROC	0.5637337447837554
118	Complete Hi-C clique	AUPRC	0.5869803527787456
118	Complete Hi-C clique	Precision	0.9874966746475127
118	Complete Hi-C clique	Recall	0.12929518103763563
118	Complete Hi-C clique	F1	0.22865238615889247
119	SGMCI	AUROC	0.8420895392389807
119	SGMCI	AUPRC	0.8383926198655919
119	SGMCI	Precision	0.6296872899959679
119	SGMCI	Recall	0.9791358261202737
119	SGMCI	F1	0.7664601269231032
119	Complete Hi-C clique	AUROC	0.5640950955695573
119	Complete Hi-C clique	AUPRC	0.5871549849272983
119	Complete Hi-C clique	Precision	0.9848126232741617
119	Complete Hi-C clique	Recall	0.13043591842421498
119	Complete Hi-C clique	F1	0.2303610974409449
120	SGMCI	AUROC	0.8435152928447418
120	SGMCI	AUPRC	0.8396535682203501
120	SGMCI	Precision	0.6295146521683196
120	SGMCI	Recall	0.980024033856389
120	SGMCI	F1	0.7666041135220372
120	Complete Hi-C clique	AUROC	0.5638277125434549
120	Complete Hi-C clique	AUPRC	0.5870886349617764
120	Complete Hi-C clique	Precision	0.9878381072639064
120	Complete Hi-C clique	Recall	0.12943450774133997
120	Complete Hi-C clique	F1	0.22887939330946608
121	SGMCI	AUROC	0.8418650653297997
121	SGMCI	AUPRC	0.8386074341476197
121	SGMCI	Precision	0.6292592116370467
121	SGMCI	Recall	0.9801633605600933
121	SGMCI	F1	0.7664572800163424
121	Complete Hi-C clique	AUROC	0.5638469477305151
121	Complete Hi-C clique	AUPRC	0.5870872929297987
121	Complete Hi-C clique	Precision	0.987518257867481
121	Complete Hi-C clique	Recall	0.1295215869311552
121	Complete Hi-C clique	F1	0.22900692840646653
122	SGMCI	AUROC	0.8412618967547305
122	SGMCI	AUPRC	0.837202642688923
122	SGMCI	Precision	0.6288970366313059
122	SGMCI	Recall	0.979823751719814
122	SGMCI	F1	0.7660847778428355
122	Complete Hi-C clique	AUROC	0.5640457993444973
122	Complete Hi-C clique	AUPRC	0.587197350154798
122	Complete Hi-C clique	Precision	0.9862706270627063
122	Complete Hi-C clique	Recall	0.13011372542189867
122	Complete Hi-C clique	F1	0.22989814444410253
123	SGMCI	AUROC	0.8421489718738631
123	SGMCI	AUPRC	0.8385348178881441
123	SGMCI	Precision	0.6286175790026716
123	SGMCI	Recall	0.9793883557707379
123	SGMCI	F1	0.7657443592641511
123	Complete Hi-C clique	AUROC	0.5644845354089066
123	Complete Hi-C clique	AUPRC	0.5876040278614463
123	Complete Hi-C clique	Precision	0.9862340216322517
123	Complete Hi-C clique	Recall	0.13101064107699542
123	Complete Hi-C clique	F1	0.2312960728094517
124	SGMCI	AUROC	0.8430376788283317
124	SGMCI	AUPRC	0.8387465275586984
124	SGMCI	Precision	0.6297295331046331
124	SGMCI	Recall	0.9798759992337032
124	SGMCI	F1	0.7667181096246026
124	Complete Hi-C clique	AUROC	0.5645541987607587
124	Complete Hi-C clique	AUPRC	0.5876698325539058
124	Complete Hi-C clique	Precision	0.9862484447645865
124	Complete Hi-C clique	Recall	0.13114996778069976
124	Complete Hi-C clique	F1	0.231513577077681
125	SGMCI	AUROC	0.8407942581318112
125	SGMCI	AUPRC	0.8370376381506143
125	SGMCI	Precision	0.6287206412154048
125	SGMCI	Recall	0.9801894843170379
125	SGMCI	F1	0.7660656133772071
125	Complete Hi-C clique	AUROC	0.5643828735743829
125	Complete Hi-C clique	AUPRC	0.5874963685379925
125	Complete Hi-C clique	Precision	0.9860217876361728
125	Complete Hi-C clique	Recall	0.13083648269736498
125	Complete Hi-C clique	F1	0.2310187890156524
126	SGMCI	AUROC	0.8421185321681182
126	SGMCI	AUPRC	0.8384788790277004
126	SGMCI	Precision	0.6290150401573879
126	SGMCI	Recall	0.980024033856389
126	SGMCI	F1	0.7662335451849985
126	Complete Hi-C clique	AUROC	0.5648611217090014
126	Complete Hi-C clique	AUPRC	0.5880766243595665
126	Complete Hi-C clique	Precision	0.98821835318759
126	Complete Hi-C clique	Recall	0.13147216078301607
126	Complete Hi-C clique	F1	0.23206984536874786
127	SGMCI	AUROC	0.8411380390051373
127	SGMCI	AUPRC	0.8372066490770281
127	SGMCI	Precision	0.6289185456863151
127	SGMCI	Recall	0.9795450983124053
127	SGMCI	F1	0.7660155465289293
127	Complete Hi-C clique	AUROC	0.5650290789281127
127	Complete Hi-C clique	AUPRC	0.5880874040125653
127	Complete Hi-C clique	Precision	0.9858413976748718
127	Complete Hi-C clique	Recall	0.13217750222051933
127	Complete Hi-C clique	F1	0.23310170077168194
128	SGMCI	AUROC	0.8425885617819744
128	SGMCI	AUPRC	0.837988597952163
128	SGMCI	Precision	0.6289960207457749
128	SGMCI	Recall	0.9800327417753705
128	SGMCI	F1	0.7662220951369458
128	Complete Hi-C clique	AUROC	0.5645924607956615
128	Complete Hi-C clique	AUPRC	0.5876324759552244
128	Complete Hi-C clique	Precision	0.9850522193211488
128	Complete Hi-C clique	Recall	0.13141120535014542
128	Complete Hi-C clique	F1	0.23188739839272268
129	SGMCI	AUROC	0.8419658824211765
129	SGMCI	AUPRC	0.838488479321296
129	SGMCI	Precision	0.6289310285085146
129	SGMCI	Recall	0.9799369546665738
129	SGMCI	F1	0.7661445975892458
129	Complete Hi-C clique	AUROC	0.5636454434105649
129	Complete Hi-C clique	AUPRC	0.586854110951671
129	Complete Hi-C clique	Precision	0.9867677372165703
129	Complete Hi-C clique	Recall	0.12922551768578344
129	Complete Hi-C clique	F1	0.2285239110851036
130	SGMCI	AUROC	0.8432791331456639
130	SGMCI	AUPRC	0.8402405615779065
130	SGMCI	Precision	0.6294315728237887
130	SGMCI	Recall	0.9798672913147216
130	SGMCI	F1	0.7664945574431562
130	Complete Hi-C clique	AUROC	0.5646968655797964
130	Complete Hi-C clique	AUPRC	0.587796841502357
130	Complete Hi-C clique	Precision	0.9861510321400575
130	Complete Hi-C clique	Recall	0.13145474494505302
130	Complete Hi-C clique	F1	0.23198561615416532
131	SGMCI	AUROC	0.8405777088166295
131	SGMCI	AUPRC	0.8372418075269656
131	SGMCI	Precision	0.6284777679738197
131	SGMCI	Recall	0.9799804942614814
131	SGMCI	F1	0.7658214927323207
131	Complete Hi-C clique	AUROC	0.5644046433718367
131	Complete Hi-C clique	AUPRC	0.5875169322421594
131	Complete Hi-C clique	Precision	0.9860263727612675
131	Complete Hi-C clique	Recall	0.13088002229227258
131	Complete Hi-C clique	F1	0.2310867843881889
132	SGMCI	AUROC	0.8409479206647061
132	SGMCI	AUPRC	0.837411460118543
132	SGMCI	Precision	0.6297359453425324
132	SGMCI	Recall	0.9800066180184259
132	SGMCI	F1	0.7667628452977506
132	Complete Hi-C clique	AUROC	0.5633286182118968
132	Complete Hi-C clique	AUPRC	0.5865626007204481
132	Complete Hi-C clique	Precision	0.9868333110546719
132	Complete Hi-C clique	Recall	0.12857242376216932
132	Complete Hi-C clique	F1	0.22750385208012325
133	SGMCI	AUROC	0.8424491665913025
133	SGMCI	AUPRC	0.839035302332098
133	SGMCI	Precision	0.6290265783516391
133	SGMCI	Recall	0.9799543705045368
133	SGMCI	F1	0.7662208120704153
133	Complete Hi-C clique	AUROC	0.5643327718443831
133	Complete Hi-C clique	AUPRC	0.5875657619359171
133	Complete Hi-C clique	Precision	0.9879311481896722
133	Complete Hi-C clique	Recall	0.1304446263431965
133	Complete Hi-C clique	F1	0.23045976569411006
134	SGMCI	AUROC	0.8427733852078536
134	SGMCI	AUPRC	0.838167335915037
134	SGMCI	Precision	0.6288713353593135
134	SGMCI	Recall	0.9802765635068531
134	SGMCI	F1	0.7662040660754273
134	Complete Hi-C clique	AUROC	0.5652630886528132
134	Complete Hi-C clique	AUPRC	0.5883666523794615
134	Complete Hi-C clique	Precision	0.986834425059991
134	Complete Hi-C clique	Recall	0.13249969522283564
134	Complete Hi-C clique	F1	0.2336304382873857
135	SGMCI	AUROC	0.843435883391057
135	SGMCI	AUPRC	0.8398218529425703
135	SGMCI	Precision	0.6294990993410086
135	SGMCI	Recall	0.9798847071526846
135	SGMCI	F1	0.7665499529966349
135	Complete Hi-C clique	AUROC	0.564717947967885
135	Complete Hi-C clique	AUPRC	0.5879452785753818
135	Complete Hi-C clique	Precision	0.9882569048087647
135	Complete Hi-C clique	Recall	0.13117609153764434
135	Complete Hi-C clique	F1	0.23160953559705105
136	SGMCI	AUROC	0.8434612683945748
136	SGMCI	AUPRC	0.8398916414286467
136	SGMCI	Precision	0.6293303379326146
136	SGMCI	Recall	0.980624880266114
136	SGMCI	F1	0.7666511221019882
136	Complete Hi-C clique	AUROC	0.564899682326765
136	Complete Hi-C clique	AUPRC	0.5880078242846188
136	Complete Hi-C clique	Precision	0.9865093847758082
136	Complete Hi-C clique	Recall	0.13181176962329544
136	Complete Hi-C clique	F1	0.2325513511852637
137	SGMCI	AUROC	0.8416567062601672
137	SGMCI	AUPRC	0.8375031728357702
137	SGMCI	Precision	0.6298095216778208
137	SGMCI	Recall	0.9800936972082411
137	SGMCI	F1	0.7668440380723974
137	Complete Hi-C clique	AUROC	0.5648794332955475
137	Complete Hi-C clique	AUPRC	0.5880003497077634
137	Complete Hi-C clique	Precision	0.9866953629426727
137	Complete Hi-C clique	Recall	0.13174210627144325
137	Complete Hi-C clique	F1	0.2324480875156525
138	SGMCI	AUROC	0.8412816008531792
138	SGMCI	AUPRC	0.8378625851769472
138	SGMCI	Precision	0.6289899492709446
138	SGMCI	Recall	0.9792838607429597
138	SGMCI	F1	0.7659886047454117
138	Complete Hi-C clique	AUROC	0.5642290823215446
138	Complete Hi-C clique	AUPRC	0.5874404872124452
138	Complete Hi-C clique	Precision	0.9874620562227795
138	Complete Hi-C clique	Recall	0.13030529963949217
138	Complete Hi-C clique	F1	0.2302295525878516
139	SGMCI	AUROC	0.8431868161843168
139	SGMCI	AUPRC	0.838595817569735
139	SGMCI	Precision	0.6300608108486107
139	SGMCI	Recall	0.9807206673749107
139	SGMCI	F1	0.7672222051916113
139	Complete Hi-C clique	AUROC	0.5650752712289884
139	Complete Hi-C clique	AUPRC	0.5882515732000706
139	Complete Hi-C clique	Precision	0.9878112371268414
139	Complete Hi-C clique	Recall	0.1319685121649628
139	Complete Hi-C clique	F1	0.23283146412659392
140	SGMCI	AUROC	0.8416423966744376
140	SGMCI	AUPRC	0.8377967910303101
140	SGMCI	Precision	0.6286614208407096
140	SGMCI	Recall	0.9802504397499086
140	SGMCI	F1	0.76604026525939
140	Complete Hi-C clique	AUROC	0.5641270940522287
140	Complete Hi-C clique	AUPRC	0.5871967761444805
140	Complete Hi-C clique	Precision	0.9850108474130563
140	Complete Hi-C clique	Recall	0.13047075010014106
140	Complete Hi-C clique	F1	0.230420841375174
141	SGMCI	AUROC	0.8419737515229542
141	SGMCI	AUPRC	0.8378420522068782
141	SGMCI	Precision	0.6297407088261955
141	SGMCI	Recall	0.980041449694352
141	SGMCI	F1	0.7667770374306777
141	Complete Hi-C clique	AUROC	0.5650200724262702
141	Complete Hi-C clique	AUPRC	0.5881099028455186
141	Complete Hi-C clique	Precision	0.9863441279750292
141	Complete Hi-C clique	Recall	0.1320817151117226
141	Complete Hi-C clique	F1	0.23296676291699944
142	SGMCI	AUROC	0.8422862073970084
142	SGMCI	AUPRC	0.8393477180228943
142	SGMCI	Precision	0.6288023610691887
142	SGMCI	Recall	0.9795886379073129
142	SGMCI	F1	0.7659426703887793
142	Complete Hi-C clique	AUROC	0.5640241476426179
142	Complete Hi-C clique	AUPRC	0.5872781124611944
142	Complete Hi-C clique	Precision	0.9879390324718357
142	Complete Hi-C clique	Recall	0.12981765617652694
142	Complete Hi-C clique	F1	0.22948094329166926
143	SGMCI	AUROC	0.8429665632395389
143	SGMCI	AUPRC	0.8389891910399259
143	SGMCI	Precision	0.629872674945968
143	SGMCI	Recall	0.9795886379073129
143	SGMCI	F1	0.7667361877888194
143	Complete Hi-C clique	AUROC	0.5652995313386185
143	Complete Hi-C clique	AUPRC	0.58834674348109
143	Complete Hi-C clique	Precision	0.9859610532444847
143	Complete Hi-C clique	Recall	0.13270868527839216
143	Complete Hi-C clique	F1	0.23393069572892283
144	SGMCI	AUROC	0.8420979389242801
144	SGMCI	AUPRC	0.8386115069642868
144	SGMCI	Precision	0.6295061983817667
144	SGMCI	Recall	0.9803288110207422
144	SGMCI	F1	0.766691070060441
144	Complete Hi-C clique	AUROC	0.5643419588335122
144	Complete Hi-C clique	AUPRC	0.5874113045297801
144	Complete Hi-C clique	Precision	0.9852497705519864
144	Complete Hi-C clique	Recall	0.13087131437329108
144	Complete Hi-C clique	F1	0.23105187098361163
145	SGMCI	AUROC	0.8417225258762041
145	SGMCI	AUPRC	0.8382286439604097
145	SGMCI	Precision	0.6283468792272692
145	SGMCI	Recall	0.9788571727128651
145	SGMCI	F1	0.7653811585913881
145	Complete Hi-C clique	AUROC	0.5643447920267668
145	Complete Hi-C clique	AUPRC	0.5874024007284881
145	Complete Hi-C clique	Precision	0.9850599567525063
145	Complete Hi-C clique	Recall	0.13090614604921716
145	Complete Hi-C clique	F1	0.23110093082959898
146	SGMCI	AUROC	0.8421367401353215
146	SGMCI	AUPRC	0.8379779596072157
146	SGMCI	Precision	0.6283807928531546
146	SGMCI	Recall	0.9800153259374075
146	SGMCI	F1	0.7657601262851349
146	Complete Hi-C clique	AUROC	0.5646770332270141
146	Complete Hi-C clique	AUPRC	0.5878597559152794
146	Complete Hi-C clique	Precision	0.9874827970378137
146	Complete Hi-C clique	Recall	0.13121092321357042
146	Complete Hi-C clique	F1	0.23164254364051437
147	SGMCI	AUROC	0.8433898416937848
147	SGMCI	AUPRC	0.8402297251630375
147	SGMCI	Precision	0.629205944513402
147	SGMCI	Recall	0.9799543705045368
147	SGMCI	F1	0.7663538673167809
147	Complete Hi-C clique	AUROC	0.5650633134383167
147	Complete Hi-C clique	AUPRC	0.5881818247743414
147	Complete Hi-C clique	Precision	0.9868583696571466
147	Complete Hi-C clique	Recall	0.13209042303070412
147	Complete Hi-C clique	F1	0.23299464706740702
148	SGMCI	AUROC	0.8436935959134257
148	SGMCI	AUPRC	0.83998457986593
148	SGMCI	Precision	0.6292104689569605
148	SGMCI	Recall	0.9803723506156499
148	SGMCI	F1	0.7664850034210786
148	Complete Hi-C clique	AUROC	0.5646848175454816
148	Complete Hi-C clique	AUPRC	0.5877932165009405
148	Complete Hi-C clique	Precision	0.9862754068361544
148	Complete Hi-C clique	Recall	0.13141120535014542
148	Complete Hi-C clique	F1	0.2319212534290259
149	SGMCI	AUROC	0.8422443368862198
149	SGMCI	AUPRC	0.8383357974452901
149	SGMCI	Precision	0.6297865908276603
149	SGMCI	Recall	0.9795973458262944
149	SGMCI	F1	0.76667507207066
149	Complete Hi-C clique	AUROC	0.5649628737871683
149	Complete Hi-C clique	AUPRC	0.5881180868976803
149	Complete Hi-C clique	Precision	0.987345900463114
149	Complete Hi-C clique	Recall	0.13181176962329544
149	Complete Hi-C clique	F1	0.23257457612795676
150	SGMCI	AUROC	0.8431923502106609
150	SGMCI	AUPRC	0.8401033257079245
150	SGMCI	Precision	0.628884182764035
150	SGMCI	Recall	0.9800501576133336
150	SGMCI	F1	0.7661444310945165
150	Complete Hi-C clique	AUROC	0.5641281078963862
150	Complete Hi-C clique	AUPRC	0.5872054509827264
150	Complete Hi-C clique	Precision	0.9851384230946275
150	Complete Hi-C clique	Recall	0.13045333426217803
150	Complete Hi-C clique	F1	0.23039717021031186
151	SGMCI	AUROC	0.8426667992958135
151	SGMCI	AUPRC	0.8393380799486923
151	SGMCI	Precision	0.630373182805815
151	SGMCI	Recall	0.980224315992964
151	SGMCI	F1	0.7673017279574655
151	Complete Hi-C clique	AUROC	0.565081055711072
151	Complete Hi-C clique	AUPRC	0.5883353522039618
151	Complete Hi-C clique	Precision	0.9890856806744657
151	Complete Hi-C clique	Recall	0.13178564586635086
151	Complete Hi-C clique	F1	0.23258208530878524
152	SGMCI	AUROC	0.8431714743840071
152	SGMCI	AUPRC	0.8394634135508914
152	SGMCI	Precision	0.6292520620718579
152	SGMCI	Recall	0.9798672913147216
152	SGMCI	F1	0.7663614415162959
152	Complete Hi-C clique	AUROC	0.5650640286996131
152	Complete Hi-C clique	AUPRC	0.5882214416028213
152	Complete Hi-C clique	Precision	0.9874918566775245
152	Complete Hi-C clique	Recall	0.13199463592190738
152	Complete Hi-C clique	F1	0.23286324392417118
153	SGMCI	AUROC	0.8417033607422535
153	SGMCI	AUPRC	0.8376116617856719
153	SGMCI	Precision	0.6292840119499178
153	SGMCI	Recall	0.9794841428795347
153	SGMCI	F1	0.7662679165077118
153	Complete Hi-C clique	AUROC	0.564472279035374
153	Complete Hi-C clique	AUPRC	0.5875653297023329
153	Complete Hi-C clique	Precision	0.9857863365428703
153	Complete Hi-C clique	Recall	0.13105418067190303
153	Complete Hi-C clique	F1	0.2313516006302602
154	SGMCI	AUROC	0.8418171697436495
154	SGMCI	AUPRC	0.8377170711004248
154	SGMCI	Precision	0.6293858054556539
154	SGMCI	Recall	0.9798672913147216
154	SGMCI	F1	0.7664606215410813
154	Complete Hi-C clique	AUROC	0.5643656660756377
154	Complete Hi-C clique	AUPRC	0.5875150288828528
154	Complete Hi-C clique	Precision	0.9865921787709497
154	Complete Hi-C clique	Recall	0.1307145718316237
154	Complete Hi-C clique	F1	0.23084434807347776
155	SGMCI	AUROC	0.8411741349809606
155	SGMCI	AUPRC	0.8369914408694232
155	SGMCI	Precision	0.6284041044651132
155	SGMCI	Recall	0.9801720684790749
155	SGMCI	F1	0.7658252823513403
155	Complete Hi-C clique	AUROC	0.5641153724527062
155	Complete Hi-C clique	AUPRC	0.5873291704365496
155	Complete Hi-C clique	Precision	0.9873760740251156
155	Complete Hi-C clique	Recall	0.13008760166495412
155	Complete Hi-C clique	F1	0.22988735688784934
156	SGMCI	AUROC	0.8408110762114581
156	SGMCI	AUPRC	0.8365073006138677
156	SGMCI	Precision	0.6291928765131818
156	SGMCI	Recall	0.9798847071526846
156	SGMCI	F1	0.766322871940153
156	Complete Hi-C clique	AUROC	0.5650174475722333
156	Complete Hi-C clique	AUPRC	0.5881540608859672
156	Complete Hi-C clique	Precision	0.9871026576341845
156	Complete Hi-C clique	Recall	0.1319598042459813
156	Complete Hi-C clique	F1	0.2327982179890929
157	SGMCI	AUROC	0.8429775220855664
157	SGMCI	AUPRC	0.8389108887668206
157	SGMCI	Precision	0.6293805962641269
157	SGMCI	Recall	0.9805552169142618
157	SGMCI	F1	0.7666671205642855
157	Complete Hi-C clique	AUROC	0.5639039380303993
157	Complete Hi-C clique	AUPRC	0.5870439684685969
157	Complete Hi-C clique	Precision	0.9859201480698043
157	Complete Hi-C clique	Recall	0.1298786116093976
157	Complete Hi-C clique	F1	0.2295215671791084
158	SGMCI	AUROC	0.8414816188196895
158	SGMCI	AUPRC	0.836530708243064
158	SGMCI	Precision	0.629414231790857
158	SGMCI	Recall	0.9801198209651858
158	SGMCI	F1	0.7665589468199944
158	Complete Hi-C clique	AUROC	0.5644674181538045
158	Complete Hi-C clique	AUPRC	0.5875568681212056
158	Complete Hi-C clique	Precision	0.9857217710243646
158	Complete Hi-C clique	Recall	0.13105418067190303
158	Complete Hi-C clique	F1	0.23134982245246186
159	SGMCI	AUROC	0.842436001770738
159	SGMCI	AUPRC	0.8395806027230325
159	SGMCI	Precision	0.6285013849177984
159	SGMCI	Recall	0.9800501576133336
159	SGMCI	F1	0.7658602973699432
159	Complete Hi-C clique	AUROC	0.5645791003343281
159	Complete Hi-C clique	AUPRC	0.5876507560484768
159	Complete Hi-C clique	Precision	0.9855555555555555
159	Complete Hi-C clique	Recall	0.13130671032236715
159	Complete Hi-C clique	F1	0.23173861593078116
160	SGMCI	AUROC	0.8431236784806806
160	SGMCI	AUPRC	0.8394956988817838
160	SGMCI	Precision	0.6294541202535541
160	SGMCI	Recall	0.9797105487730542
160	SGMCI	F1	0.7664633128617023
160	Complete Hi-C clique	AUROC	0.5652035358906041
160	Complete Hi-C clique	AUPRC	0.5882212506281279
160	Complete Hi-C clique	Precision	0.985375954445451
160	Complete Hi-C clique	Recall	0.1326041902506139
160	Complete Hi-C clique	F1	0.23375188039173547
161	SGMCI	AUROC	0.8429449697388836
161	SGMCI	AUPRC	0.8392760700770276
161	SGMCI	Precision	0.6293891805370555
161	SGMCI	Recall	0.9792751528239781
161	SGMCI	F1	0.7662819062674607
161	Complete Hi-C clique	AUROC	0.565868615456821
161	Complete Hi-C clique	AUPRC	0.5890754734919212
161	Complete Hi-C clique	Precision	0.9891500904159132
161	Complete Hi-C clique	Recall	0.1333704871209878
161	Complete Hi-C clique	F1	0.23504857199858809
162	SGMCI	AUROC	0.840629885769471
162	SGMCI	AUPRC	0.8367418264726927
162	SGMCI	Precision	0.6283837012453697
162	SGMCI	Recall	0.9793796478517564
162	SGMCI	F1	0.7655681520381455
162	Complete Hi-C clique	AUROC	0.564009446902335
162	Complete Hi-C clique	AUPRC	0.5871513800665173
162	Complete Hi-C clique	Precision	0.986070768418273
162	Complete Hi-C clique	Recall	0.13007018582699106
162	Complete Hi-C clique	F1	0.22982475035773084
163	SGMCI	AUROC	0.8422098244916264
163	SGMCI	AUPRC	0.8383260061553334
163	SGMCI	Precision	0.6302469239514553
163	SGMCI	Recall	0.9799456625855553
163	SGMCI	F1	0.7671228207706334
163	Complete Hi-C clique	AUROC	0.5642917668598691
163	Complete Hi-C clique	AUPRC	0.5875465723482388
163	Complete Hi-C clique	Precision	0.9882453939113782
163	Complete Hi-C clique	Recall	0.13031400755847367
163	Complete Hi-C clique	F1	0.23026442326186133
164	SGMCI	AUROC	0.8411255895305257
164	SGMCI	AUPRC	0.8373786906846693
164	SGMCI	Precision	0.6296155374139002
164	SGMCI	Recall	0.9798411675577771
164	SGMCI	F1	0.7666229497027814
164	Complete Hi-C clique	AUROC	0.5630861991510759
164	Complete Hi-C clique	AUPRC	0.586244480501768
164	Complete Hi-C clique	Precision	0.9852892009361418
164	Complete Hi-C clique	Recall	0.12831118619272366
164	Complete Hi-C clique	F1	0.22705384727989952
165	SGMCI	AUROC	0.8423440745247868
165	SGMCI	AUPRC	0.8389705992778302
165	SGMCI	Precision	0.6289999888229443
165	SGMCI	Recall	0.9800936972082411
165	SGMCI	F1	0.7662436686454986
165	Complete Hi-C clique	AUROC	0.5647226005102368
165	Complete Hi-C clique	AUPRC	0.5879184087667133
165	Complete Hi-C clique	Precision	0.9877465434768363
165	Complete Hi-C clique	Recall	0.13126317072745955
165	Complete Hi-C clique	F1	0.2317312200708691
166	SGMCI	AUROC	0.84221184045504
166	SGMCI	AUPRC	0.8388508281436047
166	SGMCI	Precision	0.6298484746749032
166	SGMCI	Recall	0.9801981922360194
166	SGMCI	F1	0.7669048965437364
166	Complete Hi-C clique	AUROC	0.5646458681012136
166	Complete Hi-C clique	AUPRC	0.5879595816046191
166	Complete Hi-C clique	Precision	0.9895929390067185
166	Complete Hi-C clique	Recall	0.13082777477838345
166	Complete Hi-C clique	F1	0.2311029072450392
167	SGMCI	AUROC	0.8419618531186952
167	SGMCI	AUPRC	0.8375366844960644
167	SGMCI	Precision	0.629761118141806
167	SGMCI	Recall	0.9793274003378672
167	SGMCI	F1	0.7665735123713447
167	Complete Hi-C clique	AUROC	0.5638116993761536
167	Complete Hi-C clique	AUPRC	0.5869839750769029
167	Complete Hi-C clique	Precision	0.986350384309568
167	Complete Hi-C clique	Recall	0.12962608195893346
167	Complete Hi-C clique	F1	0.22913876702839994
168	SGMCI	AUROC	0.8413505918644921
168	SGMCI	AUPRC	0.8371745621632675
168	SGMCI	Precision	0.6287930832258173
168	SGMCI	Recall	0.9803462268587053
168	SGMCI	F1	0.7661672581759285
168	Complete Hi-C clique	AUROC	0.5649715817061499
168	Complete Hi-C clique	AUPRC	0.58812631299275
168	Complete Hi-C clique	Precision	0.9873475510337181
168	Complete Hi-C clique	Recall	0.13182918546125846
168	Complete Hi-C clique	F1	0.23260173156847533
169	SGMCI	AUROC	0.8405559268286646
169	SGMCI	AUPRC	0.8369631877834844
169	SGMCI	Precision	0.6283552734505956
169	SGMCI	Recall	0.9792751528239781
169	SGMCI	F1	0.7655151288247507
169	Complete Hi-C clique	AUROC	0.5645963356850047
169	Complete Hi-C clique	AUPRC	0.5877991279456636
169	Complete Hi-C clique	Precision	0.9877232142857143
169	Complete Hi-C clique	Recall	0.13101064107699542
169	Complete Hi-C clique	F1	0.2313369723994772
170	SGMCI	AUROC	0.8426642513097202
170	SGMCI	AUPRC	0.8381687122785311
170	SGMCI	Precision	0.6290657052625696
170	SGMCI	Recall	0.9800153259374075
170	SGMCI	F1	0.7662684727806279
170	Complete Hi-C clique	AUROC	0.5642155135209936
170	Complete Hi-C clique	AUPRC	0.5874237707268746
170	Complete Hi-C clique	Precision	0.9873952352669438
170	Complete Hi-C clique	Recall	0.13028788380152911
170	Complete Hi-C clique	F1	0.2302005523459317
171	SGMCI	AUROC	0.8419965407942109
171	SGMCI	AUPRC	0.8385811574410735
171	SGMCI	Precision	0.6297298811925577
171	SGMCI	Recall	0.9785001480346227
171	SGMCI	F1	0.766296824173651
171	Complete Hi-C clique	AUROC	0.563954275951548
171	Complete Hi-C clique	AUPRC	0.5871769875646173
171	Complete Hi-C clique	Precision	0.9873451268800106
171	Complete Hi-C clique	Recall	0.1297654086626378
171	Complete Hi-C clique	F1	0.2293832880528896
172	SGMCI	AUROC	0.8416726892474884
172	SGMCI	AUPRC	0.8378734125725092
172	SGMCI	Precision	0.62845860840231
172	SGMCI	Recall	0.9798411675577771
172	SGMCI	F1	0.7657647234963456
172	Complete Hi-C clique	AUROC	0.5642142010939751
172	Complete Hi-C clique	AUPRC	0.5874459375894168
172	Complete Hi-C clique	Precision	0.98778071334214
172	Complete Hi-C clique	Recall	0.13022692836865846
172	Complete Hi-C clique	F1	0.2301158657618982
173	SGMCI	AUROC	0.842823691298224
173	SGMCI	AUPRC	0.8387928250518661
173	SGMCI	Precision	0.6288507655414131
173	SGMCI	Recall	0.9796147616642574
173	SGMCI	F1	0.7659865659395843
173	Complete Hi-C clique	AUROC	0.5648226234829498
173	Complete Hi-C clique	AUPRC	0.5879117564373185
173	Complete Hi-C clique	Precision	0.9861138274985332
173	Complete Hi-C clique	Recall	0.13171598251449868
173	Complete Hi-C clique	F1	0.2323912826382541
174	SGMCI	AUROC	0.8417730800942651
174	SGMCI	AUPRC	0.8367565131793465
174	SGMCI	Precision	0.629476476118
174	SGMCI	Recall	0.9795973458262944
174	SGMCI	F1	0.766445239311872
174	Complete Hi-C clique	AUROC	0.5649054668088488
174	Complete Hi-C clique	AUPRC	0.5880911605559109
174	Complete Hi-C clique	Precision	0.9877801738221264
174	Complete Hi-C clique	Recall	0.13162890332468347
174	Complete Hi-C clique	F1	0.23230188795229786
175	SGMCI	AUROC	0.84176781705282
175	SGMCI	AUPRC	0.8380126940498858
175	SGMCI	Precision	0.6282169348492206
175	SGMCI	Recall	0.9801372368031488
175	SGMCI	F1	0.7656756471784686
175	Complete Hi-C clique	AUROC	0.5638480518183159
175	Complete Hi-C clique	AUPRC	0.5870299599263176
175	Complete Hi-C clique	Precision	0.9865509473963164
175	Complete Hi-C clique	Recall	0.12966962155384107
175	Complete Hi-C clique	F1	0.2292122033063449
176	SGMCI	AUROC	0.8416838777661276
176	SGMCI	AUPRC	0.8381623696378792
176	SGMCI	Precision	0.6284069076448774
176	SGMCI	Recall	0.9797715042059248
176	SGMCI	F1	0.7657050693125906
176	Complete Hi-C clique	AUROC	0.5640434730733214
176	Complete Hi-C clique	AUPRC	0.5872106766028495
176	Complete Hi-C clique	Precision	0.9865266494947493
176	Complete Hi-C clique	Recall	0.13007018582699106
176	Complete Hi-C clique	F1	0.22983712753598656
177	SGMCI	AUROC	0.8421753813882356
177	SGMCI	AUPRC	0.8375757317795343
177	SGMCI	Precision	0.6293112122262345
177	SGMCI	Recall	0.9803375189397238
177	SGMCI	F1	0.7665490991788433
177	Complete Hi-C clique	AUROC	0.5655966144281478
177	Complete Hi-C clique	AUPRC	0.5886351183452012
177	Complete Hi-C clique	Precision	0.9861477997551704
177	Complete Hi-C clique	Recall	0.1332834079311726
177	Complete Hi-C clique	F1	0.23482843532092143
178	SGMCI	AUROC	0.8427977510338653
178	SGMCI	AUPRC	0.839011656260281
178	SGMCI	Precision	0.6295078299776287
178	SGMCI	Recall	0.9801285288841672
178	SGMCI	F1	0.7666310218704663
178	Complete Hi-C clique	AUROC	0.5644932433278881
178	Complete Hi-C clique	AUPRC	0.5876122534449785
178	Complete Hi-C clique	Precision	0.9862358261781478
178	Complete Hi-C clique	Recall	0.13102805691495847
178	Complete Hi-C clique	F1	0.23132326376878437
179	SGMCI	AUROC	0.8408634163393677
179	SGMCI	AUPRC	0.8368258701066473
179	SGMCI	Precision	0.6283819272934524
179	SGMCI	Recall	0.9792838607429597
179	SGMCI	F1	0.7655375692638631
179	Complete Hi-C clique	AUROC	0.5639060838142886
179	Complete Hi-C clique	AUPRC	0.5871626717563778
179	Complete Hi-C clique	Precision	0.9878526385662131
179	Complete Hi-C clique	Recall	0.12959125028300736
179	Complete Hi-C clique	F1	0.22912480851096587
180	SGMCI	AUROC	0.8423459722656415
180	SGMCI	AUPRC	0.8382480088664906
180	SGMCI	Precision	0.6283115171551108
180	SGMCI	Recall	0.9797540883679619
180	SGMCI	F1	0.7656289340274234
180	Complete Hi-C clique	AUROC	0.564271399733077
180	Complete Hi-C clique	AUPRC	0.5874376388529269
180	Complete Hi-C clique	Precision	0.9867649963784816
180	Complete Hi-C clique	Recall	0.13049687385708564
180	Complete Hi-C clique	F1	0.23050951740049994
181	SGMCI	AUROC	0.8411473000262233
181	SGMCI	AUPRC	0.8381734509979188
181	SGMCI	Precision	0.6279867861567136
181	SGMCI	Recall	0.9799804942614814
181	SGMCI	F1	0.7654568704003483
181	Complete Hi-C clique	AUROC	0.5643370979519428
181	Complete Hi-C clique	AUPRC	0.5874028521579375
181	Complete Hi-C clique	Precision	0.9851851851851852
181	Complete Hi-C clique	Recall	0.13087131437329108
181	Complete Hi-C clique	F1	0.23105009493208706
182	SGMCI	AUROC	0.841309789801191
182	SGMCI	AUPRC	0.8371250979324871
182	SGMCI	Precision	0.6286009552272156
182	SGMCI	Recall	0.9798934150716662
182	SGMCI	F1	0.7658863445328107
182	Complete Hi-C clique	AUROC	0.56384897541883
182	Complete Hi-C clique	AUPRC	0.5871048169707938
182	Complete Hi-C clique	Precision	0.987777334927594
182	Complete Hi-C clique	Recall	0.1294867552552291
182	Complete Hi-C clique	F1	0.2289594432297601
183	SGMCI	AUROC	0.8427726081897675
183	SGMCI	AUPRC	0.8393881040115199
183	SGMCI	Precision	0.6284605722260991
183	SGMCI	Recall	0.9802765635068531
183	SGMCI	F1	0.7658991097519076
183	Complete Hi-C clique	AUROC	0.5650082327311731
183	Complete Hi-C clique	AUPRC	0.5881414637105085
183	Complete Hi-C clique	Precision	0.9870375195414278
183	Complete Hi-C clique	Recall	0.13195109632699978
183	Complete Hi-C clique	F1	0.2327828558261003
184	SGMCI	AUROC	0.8408415840655453
184	SGMCI	AUPRC	0.836912988822661
184	SGMCI	Precision	0.6279389108446648
184	SGMCI	Recall	0.9795886379073129
184	SGMCI	F1	0.7653017490628805
184	Complete Hi-C clique	AUROC	0.5648618091183666
184	Complete Hi-C clique	AUPRC	0.5879487713096513
184	Complete Hi-C clique	Precision	0.9861219702892885
184	Complete Hi-C clique	Recall	0.13179435378533239
184	Complete Hi-C clique	F1	0.23251348071221178
185	SGMCI	AUROC	0.8419027152148107
185	SGMCI	AUPRC	0.8388354528239466
185	SGMCI	Precision	0.6294118305319935
185	SGMCI	Recall	0.9795625141503683
185	SGMCI	F1	0.7663866576736771
185	Complete Hi-C clique	AUROC	0.564739808008982
185	Complete Hi-C clique	AUPRC	0.5878995735500725
185	Complete Hi-C clique	Precision	0.9871761319026433
185	Complete Hi-C clique	Recall	0.13138508159320086
185	Complete Hi-C clique	F1	0.23190544258465134
186	SGMCI	AUROC	0.8414226200061482
186	SGMCI	AUPRC	0.8378471280902939
186	SGMCI	Precision	0.6289476920325094
186	SGMCI	Recall	0.9798150438008325
186	SGMCI	F1	0.7661196976918364
186	Complete Hi-C clique	AUROC	0.564796409482362
186	Complete Hi-C clique	AUPRC	0.5879530426918386
186	Complete Hi-C clique	Precision	0.9871870301366281
186	Complete Hi-C clique	Recall	0.13149828453996065
186	Complete Hi-C clique	F1	0.2320820686210474
187	SGMCI	AUROC	0.843087917151313
187	SGMCI	AUPRC	0.8390451246848699
187	SGMCI	Precision	0.6296364653243848
187	SGMCI	Recall	0.9803288110207422
187	SGMCI	F1	0.7667876773442128
187	Complete Hi-C clique	AUROC	0.5654227546313784
187	Complete Hi-C clique	AUPRC	0.5884399145934447
187	Complete Hi-C clique	Precision	0.9856110465866563
187	Complete Hi-C clique	Recall	0.13301346244274542
187	Complete Hi-C clique	F1	0.23439418119322364
188	SGMCI	AUROC	0.8419254309197204
188	SGMCI	AUPRC	0.8382429871037852
188	SGMCI	Precision	0.6285455642727822
188	SGMCI	Recall	0.9794841428795347
188	SGMCI	F1	0.7657201985064365
188	Complete Hi-C clique	AUROC	0.5637571255910886
188	Complete Hi-C clique	AUPRC	0.5869479524030135
188	Complete Hi-C clique	Precision	0.9865967752637516
188	Complete Hi-C clique	Recall	0.12947804733624757
188	Complete Hi-C clique	F1	0.228914086014056
189	SGMCI	AUROC	0.8424671307059595
189	SGMCI	AUPRC	0.8386360552496663
189	SGMCI	Precision	0.6290483057763468
189	SGMCI	Recall	0.9799717863424998
189	SGMCI	F1	0.7662422550554913
189	Complete Hi-C clique	AUROC	0.5640647359486964
189	Complete Hi-C clique	AUPRC	0.5872268793900975
189	Complete Hi-C clique	Precision	0.9864668603115923
189	Complete Hi-C clique	Recall	0.1301224333408802
189	Complete Hi-C clique	F1	0.2299170679919376
190	SGMCI	AUROC	0.842396554674259
190	SGMCI	AUPRC	0.8386453979830735
190	SGMCI	Precision	0.6298786285586442
190	SGMCI	Recall	0.9806510040230586
190	SGMCI	F1	0.7670658111624233
190	Complete Hi-C clique	AUROC	0.5633421870124478
190	Complete Hi-C clique	AUPRC	0.5865793073017167
190	Complete Hi-C clique	Precision	0.9869010225222214
190	Complete Hi-C clique	Recall	0.12858983960013237
190	Complete Hi-C clique	F1	0.227532915771065
191	SGMCI	AUROC	0.8419954475847482
191	SGMCI	AUPRC	0.8379235402610303
191	SGMCI	Precision	0.6287805096210826
191	SGMCI	Recall	0.979423187446664
191	SGMCI	F1	0.765875880101867
191	Complete Hi-C clique	AUROC	0.5632107348708542
191	Complete Hi-C clique	AUPRC	0.5863158375268473
191	Complete Hi-C clique	Precision	0.9845426077686721
191	Complete Hi-C clique	Recall	0.12867691878994758
191	Complete Hi-C clique	F1	0.2276063366885642
192	SGMCI	AUROC	0.8421711815032575
192	SGMCI	AUPRC	0.8387281423904428
192	SGMCI	Precision	0.6288477665343546
192	SGMCI	Recall	0.9794841428795347
192	SGMCI	F1	0.7659444073705858
192	Complete Hi-C clique	AUROC	0.5636667965295833
192	Complete Hi-C clique	AUPRC	0.5868044874368704
192	Complete Hi-C clique	Precision	0.9856119878000266
192	Complete Hi-C clique	Recall	0.1294432156603215
192	Complete Hi-C clique	F1	0.22883312807881773
193	SGMCI	AUROC	0.8420500094332714
193	SGMCI	AUPRC	0.8381702711090365
193	SGMCI	Precision	0.6285257788975603
193	SGMCI	Recall	0.9797105487730542
193	SGMCI	F1	0.7657746876712236
193	Complete Hi-C clique	AUROC	0.5635793285132638
193	Complete Hi-C clique	AUPRC	0.586818892105059
193	Complete Hi-C clique	Precision	0.9872076753947632
193	Complete Hi-C clique	Recall	0.12902523554920844
193	Complete Hi-C clique	F1	0.22822244641770695
194	SGMCI	AUROC	0.8398292305790166
194	SGMCI	AUPRC	0.8355231622745326
194	SGMCI	Precision	0.6286562126275553
194	SGMCI	Recall	0.9795799299883314
194	SGMCI	F1	0.7658315746476955
194	Complete Hi-C clique	AUROC	0.5645446853368375
194	Complete Hi-C clique	AUPRC	0.5876880212347569
194	Complete Hi-C clique	Precision	0.9866920152091255
194	Complete Hi-C clique	Recall	0.13106288859088455
194	Complete Hi-C clique	F1	0.2313900931648372
195	SGMCI	AUROC	0.8418813897784108
195	SGMCI	AUPRC	0.8384791538967908
195	SGMCI	Precision	0.6298332027314452
195	SGMCI	Recall	0.9798672913147216
195	SGMCI	F1	0.7667922779712297
195	Complete Hi-C clique	AUROC	0.5651053322669883
195	Complete Hi-C clique	AUPRC	0.5882098557195902
195	Complete Hi-C clique	Precision	0.9866770650549165
195	Complete Hi-C clique	Recall	0.1322036259774639
195	Complete Hi-C clique	F1	0.2331656747936264
196	SGMCI	AUROC	0.8418328945715051
196	SGMCI	AUPRC	0.8381952701615071
196	SGMCI	Precision	0.6285289747399703
196	SGMCI	Recall	0.9797976279628694
196	SGMCI	F1	0.7658036589349886
196	Complete Hi-C clique	AUROC	0.5644376556986658
196	Complete Hi-C clique	AUPRC	0.5875675030554686
196	Complete Hi-C clique	Precision	0.9863517060367454
196	Complete Hi-C clique	Recall	0.13089743813023563
196	Complete Hi-C clique	F1	0.23112286474269286
197	SGMCI	AUROC	0.8407326466547441
197	SGMCI	AUPRC	0.8359020003841882
197	SGMCI	Precision	0.6283356427677455
197	SGMCI	Recall	0.9792664449049966
197	SGMCI	F1	0.7654979000319931
197	Complete Hi-C clique	AUROC	0.5646006896444954
197	Complete Hi-C clique	AUPRC	0.587803241075016
197	Complete Hi-C clique	Precision	0.9877240202192609
197	Complete Hi-C clique	Recall	0.13101934899597695
197	Complete Hi-C clique	F1	0.23135057007326773
198	SGMCI	AUROC	0.8404196682395191
198	SGMCI	AUPRC	0.8365864675786168
198	SGMCI	Precision	0.6287031970608927
198	SGMCI	Recall	0.9805290931573173
198	SGMCI	F1	0.7661563584404982
198	Complete Hi-C clique	AUROC	0.5650204891047057
198	Complete Hi-C clique	AUPRC	0.5881803108183672
198	Complete Hi-C clique	Precision	0.9874837027379401
198	Complete Hi-C clique	Recall	0.13190755673209217
198	Complete Hi-C clique	F1	0.2327274961975142
199	SGMCI	AUROC	0.8413870941060229
199	SGMCI	AUPRC	0.8382655118849953
199	SGMCI	Precision	0.6286960601423129
199	SGMCI	Recall	0.9801894843170379
199	SGMCI	F1	0.7660473662719477
199	Complete Hi-C clique	AUROC	0.5646753943652036
199	Complete Hi-C clique	AUPRC	0.5877455802889591
199	Complete Hi-C clique	Precision	0.9856396866840731
199	Complete Hi-C clique	Recall	0.13148957662097913
199	Complete Hi-C clique	F1	0.2320256918514421
200	SGMCI	AUROC	0.8428230822382882
200	SGMCI	AUPRC	0.8380087437341428
200	SGMCI	Precision	0.62974465727668
200	SGMCI	Recall	0.9799543705045368
200	SGMCI	F1	0.766753310463005
200	Complete Hi-C clique	AUROC	0.5645896276024068
200	Complete Hi-C clique	AUPRC	0.5876413793477333
200	Complete Hi-C clique	Precision	0.9852412982433226
200	Complete Hi-C clique	Recall	0.13137637367421934
200	Complete Hi-C clique	F1	0.23183840308564668
201	SGMCI	AUROC	0.8429658470046947
201	SGMCI	AUPRC	0.839117208569925
201	SGMCI	Precision	0.6292489058071873
201	SGMCI	Recall	0.9802678555878717
201	SGMCI	F1	0.7664815804614332
201	Complete Hi-C clique	AUROC	0.5645761768974303
201	Complete Hi-C clique	AUPRC	0.5877255434903734
201	Complete Hi-C clique	Precision	0.9868257193419414
201	Complete Hi-C clique	Recall	0.13110642818579216
201	Complete Hi-C clique	F1	0.23146162419770172
202	SGMCI	AUROC	0.8414004269270657
202	SGMCI	AUPRC	0.837566366338669
202	SGMCI	Precision	0.6288621202132058
202	SGMCI	Recall	0.9801198209651858
202	SGMCI	F1	0.7661493431352528
202	Complete Hi-C clique	AUROC	0.5643222167243733
202	Complete Hi-C clique	AUPRC	0.58740811159541
202	Complete Hi-C clique	Precision	0.9854996391312906
202	Complete Hi-C clique	Recall	0.13079294310245737
202	Complete Hi-C clique	F1	0.23093658469084172
203	SGMCI	AUROC	0.84290091509489
203	SGMCI	AUPRC	0.839917190872691
203	SGMCI	Precision	0.629332005215474
203	SGMCI	Recall	0.9793012765809227
203	SGMCI	F1	0.7662475258655638
203	Complete Hi-C clique	AUROC	0.5643444934439058
203	Complete Hi-C clique	AUPRC	0.5874330198745554
203	Complete Hi-C clique	Precision	0.9855680923642088
203	Complete Hi-C clique	Recall	0.13082777477838345
203	Complete Hi-C clique	F1	0.23099275841392353
204	SGMCI	AUROC	0.8415373167137763
204	SGMCI	AUPRC	0.8384479110543441
204	SGMCI	Precision	0.6285418936663594
204	SGMCI	Recall	0.9795276824744422
204	SGMCI	F1	0.7657307787871465
204	Complete Hi-C clique	AUROC	0.5646348060591251
204	Complete Hi-C clique	AUPRC	0.5877964892525582
204	Complete Hi-C clique	Precision	0.987092124230114
204	Complete Hi-C clique	Recall	0.13118479945662587
204	Complete Hi-C clique	F1	0.23159108378170642
205	SGMCI	AUROC	0.8403796889933762
205	SGMCI	AUPRC	0.8364451131517613
205	SGMCI	Precision	0.6285781323322384
205	SGMCI	Recall	0.9797976279628694
205	SGMCI	F1	0.765840145384254
205	Complete Hi-C clique	AUROC	0.5645893290195458
205	Complete Hi-C clique	AUPRC	0.5876720228729302
205	Complete Hi-C clique	Precision	0.9857479079497908
205	Complete Hi-C clique	Recall	0.13129800240338563
205	Complete Hi-C clique	F1	0.23173037023375906
206	SGMCI	AUROC	0.8419108015870483
206	SGMCI	AUPRC	0.8378144991801596
206	SGMCI	Precision	0.6298890573511393
206	SGMCI	Recall	0.9803984743725944
206	SGMCI	F1	0.7669962769816642
206	Complete Hi-C clique	AUROC	0.5647124620686623
206	Complete Hi-C clique	AUPRC	0.5878309716291413
206	Complete Hi-C clique	Precision	0.9864714724527809
206	Complete Hi-C clique	Recall	0.13143732910709
206	Complete Hi-C clique	F1	0.23196735797877657
207	SGMCI	AUROC	0.842700780810588
207	SGMCI	AUPRC	0.8395150211036332
207	SGMCI	Precision	0.6294819826116128
207	SGMCI	Recall	0.9803897664536129
207	SGMCI	F1	0.7666917495479973
207	Complete Hi-C clique	AUROC	0.5650628065162381
207	Complete Hi-C clique	AUPRC	0.5881774576988837
207	Complete Hi-C clique	Precision	0.9867950302478371
207	Complete Hi-C clique	Recall	0.13209913094968564
207	Complete Hi-C clique	F1	0.23300642802835397
208	SGMCI	AUROC	0.8419709379699671
208	SGMCI	AUPRC	0.8392205658068156
208	SGMCI	Precision	0.6292806830070662
208	SGMCI	Recall	0.979440603284627
208	SGMCI	F1	0.7662521246555419
208	Complete Hi-C clique	AUROC	0.5642924542692344
208	Complete Hi-C clique	AUPRC	0.5874187094273364
208	Complete Hi-C clique	Precision	0.9861302833103267
208	Complete Hi-C clique	Recall	0.13063620056078998
208	Complete Hi-C clique	F1	0.23070949089203463
209	SGMCI	AUROC	0.8411818138599743
209	SGMCI	AUPRC	0.8371083919234005
209	SGMCI	Precision	0.6292433457735801
209	SGMCI	Recall	0.9792838607429597
209	SGMCI	F1	0.7661764755977504
209	Complete Hi-C clique	AUROC	0.5646635546701064
209	Complete Hi-C clique	AUPRC	0.5877770106913756
209	Complete Hi-C clique	Precision	0.9863345102654636
209	Complete Hi-C clique	Recall	0.13135895783625628
209	Complete Hi-C clique	F1	0.2318415147696185
210	SGMCI	AUROC	0.8419913877213332
210	SGMCI	AUPRC	0.8379385358755005
210	SGMCI	Precision	0.6293996554116041
210	SGMCI	Recall	0.9797627962869433
210	SGMCI	F1	0.7664389207157989
210	Complete Hi-C clique	AUROC	0.5630653529541363
210	Complete Hi-C clique	AUPRC	0.5862983688613845
210	Complete Hi-C clique	Precision	0.9865191146881288
210	Complete Hi-C clique	Recall	0.1280847802992041
210	Complete Hi-C clique	F1	0.2267318186022135
211	SGMCI	AUROC	0.8413162740101353
211	SGMCI	AUPRC	0.836201313979616
211	SGMCI	Precision	0.6294908295624255
211	SGMCI	Recall	0.9799979100994445
211	SGMCI	F1	0.7665784571161948
211	Complete Hi-C clique	AUROC	0.5640989704589006
211	Complete Hi-C clique	AUPRC	0.5873214730901242
211	Complete Hi-C clique	Precision	0.9875016532204735
211	Complete Hi-C clique	Recall	0.13003535415106499
211	Complete Hi-C clique	F1	0.22980917205293935
212	SGMCI	AUROC	0.8422913987768738
212	SGMCI	AUPRC	0.8391140043568805
212	SGMCI	Precision	0.6289365127276386
212	SGMCI	Recall	0.9797976279628694
212	SGMCI	F1	0.7661060802069858
212	Complete Hi-C clique	AUROC	0.5639167013260105
212	Complete Hi-C clique	AUPRC	0.5870870427174835
212	Complete Hi-C clique	Precision	0.986436416567421
212	Complete Hi-C clique	Recall	0.12982636409550846
212	Complete Hi-C clique	F1	0.22945395222851517
213	SGMCI	AUROC	0.841177336048279
213	SGMCI	AUPRC	0.8382109766518231
213	SGMCI	Precision	0.6285805290745108
213	SGMCI	Recall	0.9795276824744422
213	SGMCI	F1	0.7657594488617797
213	Complete Hi-C clique	AUROC	0.56388825129789
213	Complete Hi-C clique	AUPRC	0.5870757029925828
213	Complete Hi-C clique	Precision	0.986687860123187
213	Complete Hi-C clique	Recall	0.12973057698671173
213	Complete Hi-C clique	F1	0.22931112770034714
214	SGMCI	AUROC	0.8412000928538349
214	SGMCI	AUPRC	0.8367746122049493
214	SGMCI	Precision	0.6291827119231392
214	SGMCI	Recall	0.9802852714258347
214	SGMCI	F1	0.7664377942463039
214	Complete Hi-C clique	AUROC	0.5652743311821883
214	Complete Hi-C clique	AUPRC	0.5883967278138037
214	Complete Hi-C clique	Precision	0.987152034261242
214	Complete Hi-C clique	Recall	0.1324735714658911
214	Complete Hi-C clique	F1	0.23359872244700539
215	SGMCI	AUROC	0.8412410034888739
215	SGMCI	AUPRC	0.8374532452038743
215	SGMCI	Precision	0.6290067195953696
215	SGMCI	Recall	0.9789703756596249
215	SGMCI	F1	0.7659051194097469
215	Complete Hi-C clique	AUROC	0.5638114910369358
215	Complete Hi-C clique	AUPRC	0.5869489008993233
215	Complete Hi-C clique	Precision	0.9857719542055456
215	Complete Hi-C clique	Recall	0.12971316114874867
215	Complete Hi-C clique	F1	0.22925917090550904
216	SGMCI	AUROC	0.8433276497282918
216	SGMCI	AUPRC	0.8392293757679302
216	SGMCI	Precision	0.6298984765891715
216	SGMCI	Recall	0.9800675734512966
216	SGMCI	F1	0.766901974679404
216	Complete Hi-C clique	AUROC	0.5638447117029826
216	Complete Hi-C clique	AUPRC	0.5870345740171878
216	Complete Hi-C clique	Precision	0.9866790377095898
216	Complete Hi-C clique	Recall	0.1296434977968965
216	Complete Hi-C clique	F1	0.2291748443356654
217	SGMCI	AUROC	0.8415946101679631
217	SGMCI	AUPRC	0.8384949979695487
217	SGMCI	Precision	0.6290469561522679
217	SGMCI	Recall	0.979788920043888
217	SGMCI	F1	0.7661853479828538
217	Complete Hi-C clique	AUROC	0.5639843369895479
217	Complete Hi-C clique	AUPRC	0.587135414079255
217	Complete Hi-C clique	Precision	0.986193684766812
217	Complete Hi-C clique	Recall	0.13000052247513888
217	Complete Hi-C clique	F1	0.2297193327999015
218	SGMCI	AUROC	0.8418463614881682
218	SGMCI	AUPRC	0.8382124384246648
218	SGMCI	Precision	0.629875291062153
218	SGMCI	Recall	0.9799108309096293
218	SGMCI	F1	0.7668368007523153
218	Complete Hi-C clique	AUROC	0.5654942651842589
218	Complete Hi-C clique	AUPRC	0.5886552084811822
218	Complete Hi-C clique	Precision	0.9880134767396657
218	Complete Hi-C clique	Recall	0.13278705654922587
218	Complete Hi-C clique	F1	0.23411016949152544
219	SGMCI	AUROC	0.841974159989726
219	SGMCI	AUPRC	0.8377007009064336
219	SGMCI	Precision	0.6296126287505598
219	SGMCI	Recall	0.9794144795276825
219	SGMCI	F1	0.7664901628060706
219	Complete Hi-C clique	AUROC	0.5635881545278197
219	Complete Hi-C clique	AUPRC	0.5869288644134818
219	Complete Hi-C clique	Precision	0.9889007756084515
219	Complete Hi-C clique	Recall	0.12879012173670737
219	Complete Hi-C clique	F1	0.227899594742438
220	SGMCI	AUROC	0.8421569195790394
220	SGMCI	AUPRC	0.8384848459877904
220	SGMCI	Precision	0.6293317073989338
220	SGMCI	Recall	0.9796844250161096
220	SGMCI	F1	0.7663645621528098
220	Complete Hi-C clique	AUROC	0.5650817431204372
220	Complete Hi-C clique	AUPRC	0.5882070140167981
220	Complete Hi-C clique	Precision	0.986988484809056
220	Complete Hi-C clique	Recall	0.13210783886866717
220	Complete Hi-C clique	F1	0.23302536691012143
221	SGMCI	AUROC	0.8421504209361915
221	SGMCI	AUPRC	0.8385265538879787
221	SGMCI	Precision	0.6282272521654632
221	SGMCI	Recall	0.9795625141503683
221	SGMCI	F1	0.7655078785569192
221	Complete Hi-C clique	AUROC	0.5640256405569228
221	Complete Hi-C clique	AUPRC	0.5871241116563755
221	Complete Hi-C clique	Precision	0.9853706754530478
221	Complete Hi-C clique	Recall	0.1302095125306954
221	Complete Hi-C clique	F1	0.2300231515310007
222	SGMCI	AUROC	0.8406662774921685
222	SGMCI	AUPRC	0.8363580855371785
222	SGMCI	Precision	0.6292745447015234
222	SGMCI	Recall	0.9790748706874032
222	SGMCI	F1	0.7661356264820519
222	Complete Hi-C clique	AUROC	0.5639242773052602
222	Complete Hi-C clique	AUPRC	0.5869859377238897
222	Complete Hi-C clique	Precision	0.9846457990115322
222	Complete Hi-C clique	Recall	0.13011372542189867
222	Complete Hi-C clique	F1	0.2298539376831548
223	SGMCI	AUROC	0.8433129703214031
223	SGMCI	AUPRC	0.8395773781564242
223	SGMCI	Precision	0.6289243121446104
223	SGMCI	Recall	0.9795102666364792
223	SGMCI	F1	0.7660091729062178
223	Complete Hi-C clique	AUROC	0.5646329867100279
223	Complete Hi-C clique	AUPRC	0.587814247624334
223	Complete Hi-C clique	Precision	0.9874106615959609
223	Complete Hi-C clique	Recall	0.13113255194273674
223	Complete Hi-C clique	F1	0.2315184220033977
224	SGMCI	AUROC	0.8418995991424435
224	SGMCI	AUPRC	0.8382990588843895
224	SGMCI	Precision	0.6293952061962403
224	SGMCI	Recall	0.9793448161758302
224	SGMCI	F1	0.7663076991213755
224	Complete Hi-C clique	AUROC	0.564468730580823
224	Complete Hi-C clique	AUPRC	0.5875349098898845
224	Complete Hi-C clique	Precision	0.9853412734768667
224	Complete Hi-C clique	Recall	0.13111513610477368
224	Complete Hi-C clique	F1	0.2314343024462223
225	SGMCI	AUROC	0.8406713191996499
225	SGMCI	AUPRC	0.8369047044796708
225	SGMCI	Precision	0.6285385590546344
225	SGMCI	Recall	0.9800588655323151
225	SGMCI	F1	0.7658905549828003
225	Complete Hi-C clique	AUROC	0.5634779652616012
225	Complete Hi-C clique	AUPRC	0.5866803670186869
225	Complete Hi-C clique	Precision	0.9864747817975881
225	Complete Hi-C clique	Recall	0.1289294484404117
225	Complete Hi-C clique	F1	0.22805301624219274
226	SGMCI	AUROC	0.842423494772153
226	SGMCI	AUPRC	0.838436022167917
226	SGMCI	Precision	0.6297784468333958
226	SGMCI	Recall	0.9799630784235184
226	SGMCI	F1	0.7667810214253351
226	Complete Hi-C clique	AUROC	0.5651796481611923
226	Complete Hi-C clique	AUPRC	0.5882490037033077
226	Complete Hi-C clique	Precision	0.9861876661695091
226	Complete Hi-C clique	Recall	0.13243003187098348
226	Complete Hi-C clique	F1	0.23350401891615932
227	SGMCI	AUROC	0.8419243927791975
227	SGMCI	AUPRC	0.8378072712851103
227	SGMCI	Precision	0.6293395060692979
227	SGMCI	Recall	0.9801459447221303
227	SGMCI	F1	0.7665115138803292
227	Complete Hi-C clique	AUROC	0.5645454908417772
227	Complete Hi-C clique	AUPRC	0.5876616069643255
227	Complete Hi-C clique	Precision	0.9862466435260986
227	Complete Hi-C clique	Recall	0.13113255194273674
227	Complete Hi-C clique	F1	0.2314863919696865
228	SGMCI	AUROC	0.8416081000688185
228	SGMCI	AUPRC	0.837784370548445
228	SGMCI	Precision	0.6293727821249062
228	SGMCI	Recall	0.9791619498772184
228	SGMCI	F1	0.7662350936967632
228	Complete Hi-C clique	AUROC	0.5632244217669796
228	Complete Hi-C clique	AUPRC	0.5864331039107074
228	Complete Hi-C clique	Precision	0.986292209963223
228	Complete Hi-C clique	Recall	0.12844180497744648
228	Complete Hi-C clique	F1	0.2272849845523256
229	SGMCI	AUROC	0.8421728770424783
229	SGMCI	AUPRC	0.8379941738487856
229	SGMCI	Precision	0.6291563247691241
229	SGMCI	Recall	0.980041449694352
229	SGMCI	F1	0.7663436855257693
229	Complete Hi-C clique	AUROC	0.5647273432962318
229	Complete Hi-C clique	AUPRC	0.5878256309088543
229	Complete Hi-C clique	Precision	0.9861573620633366
229	Complete Hi-C clique	Recall	0.13151570037792368
229	Complete Hi-C clique	F1	0.23208070501640377
230	SGMCI	AUROC	0.8413980359361288
230	SGMCI	AUPRC	0.8374365319712032
230	SGMCI	Precision	0.6287407076183555
230	SGMCI	Recall	0.9795363903934238
230	SGMCI	F1	0.7658809591895093
230	Complete Hi-C clique	AUROC	0.5650072188870157
230	Complete Hi-C clique	AUPRC	0.5881327245604712
230	Complete Hi-C clique	Precision	0.986910653816098
230	Complete Hi-C clique	Recall	0.1319685121649628
230	Complete Hi-C clique	F1	0.2328064273315206
231	SGMCI	AUROC	0.8413420325173623
231	SGMCI	AUPRC	0.8370466767322682
231	SGMCI	Precision	0.6290327088958582
231	SGMCI	Recall	0.9798324596387955
231	SGMCI	F1	0.7661880913390009
231	Complete Hi-C clique	AUROC	0.5650112742636454
231	Complete Hi-C clique	AUPRC	0.5881677070071325
231	Complete Hi-C clique	Precision	0.9874185136897001
231	Complete Hi-C clique	Recall	0.13189884881311065
231	Complete Hi-C clique	F1	0.2327121326184148
232	SGMCI	AUROC	0.8418300370818852
232	SGMCI	AUPRC	0.8377444830376173
232	SGMCI	Precision	0.6292293154254338
232	SGMCI	Recall	0.9799195388286107
232	SGMCI	F1	0.7663605501244556
232	Complete Hi-C clique	AUROC	0.5648113809535746
232	Complete Hi-C clique	AUPRC	0.5878817694930587
232	Complete Hi-C clique	Precision	0.9857952694337656
232	Complete Hi-C clique	Recall	0.13174210627144325
232	Complete Hi-C clique	F1	0.23242309021776703
233	SGMCI	AUROC	0.8419266329972184
233	SGMCI	AUPRC	0.8377173622051534
233	SGMCI	Precision	0.6296601015273884
233	SGMCI	Recall	0.9796583012591651
233	SGMCI	F1	0.7666000020442304
233	Complete Hi-C clique	AUROC	0.56435543739042
233	Complete Hi-C clique	AUPRC	0.5874937187983693
233	Complete Hi-C clique	Precision	0.9863985807214666
233	Complete Hi-C clique	Recall	0.1307232797506052
233	Complete Hi-C clique	F1	0.23085262615622376
234	SGMCI	AUROC	0.8429013165351867
234	SGMCI	AUPRC	0.8395859379172109
234	SGMCI	Precision	0.6295625335480408
234	SGMCI	Recall	0.9804768456434282
234	SGMCI	F1	0.7667781235741575
234	Complete Hi-C clique	AUROC	0.5643799222855539
234	Complete Hi-C clique	AUPRC	0.5874047489753664
234	Complete Hi-C clique	Precision	0.9845610362423133
234	Complete Hi-C clique	Recall	0.13105418067190303
234	Complete Hi-C clique	F1	0.2313178199256094
235	SGMCI	AUROC	0.8422871182567455
235	SGMCI	AUPRC	0.8385654528861406
235	SGMCI	Precision	0.6293797825211438
235	SGMCI	Recall	0.9797976279628694
235	SGMCI	F1	0.7664348430251964
235	Complete Hi-C clique	AUROC	0.5628055180553523
235	Complete Hi-C clique	AUPRC	0.5859639262559458
235	Complete Hi-C clique	Precision	0.9849654339217397
235	Complete Hi-C clique	Recall	0.12778871105383235
235	Complete Hi-C clique	F1	0.22622690520052108
236	SGMCI	AUROC	0.8418951664948979
236	SGMCI	AUPRC	0.8388260806264383
236	SGMCI	Precision	0.6283029619118912
236	SGMCI	Recall	0.9793796478517564
236	SGMCI	F1	0.7655082288561276
236	Complete Hi-C clique	AUROC	0.5644163928232906
236	Complete Hi-C clique	AUPRC	0.5875512984498261
236	Complete Hi-C clique	Precision	0.986411081205278
236	Complete Hi-C clique	Recall	0.1308451906163465
236	Complete Hi-C clique	F1	0.23104304572118303
237	SGMCI	AUROC	0.8424328349892318
237	SGMCI	AUPRC	0.8385061382751849
237	SGMCI	Precision	0.6290522645747427
237	SGMCI	Recall	0.9803723506156499
237	SGMCI	F1	0.7663676092195009
237	Complete Hi-C clique	AUROC	0.5638453991123478
237	Complete Hi-C clique	AUPRC	0.5869075854397847
237	Complete Hi-C clique	Precision	0.9845636255689689
237	Complete Hi-C clique	Recall	0.1299656907992128
237	Complete Hi-C clique	F1	0.22962068355423584
238	SGMCI	AUROC	0.8422739514467573
238	SGMCI	AUPRC	0.8382364512304102
238	SGMCI	Precision	0.6297396812606321
238	SGMCI	Recall	0.9799630784235184
238	SGMCI	F1	0.7667522875772461
238	Complete Hi-C clique	AUROC	0.5642137844155397
238	Complete Hi-C clique	AUPRC	0.587375441457712
238	Complete Hi-C clique	Precision	0.9866253788377916
238	Complete Hi-C clique	Recall	0.1304010867482889
238	Complete Hi-C clique	F1	0.23035626384444993
239	SGMCI	AUROC	0.8408918924839646
239	SGMCI	AUPRC	0.8370203136486312
239	SGMCI	Precision	0.6287786506934278
239	SGMCI	Recall	0.9799021229906477
239	SGMCI	F1	0.7660208846714135
239	Complete Hi-C clique	AUROC	0.5652586165977479
239	Complete Hi-C clique	AUPRC	0.5882616907952776
239	Complete Hi-C clique	Precision	0.9852000258514833
239	Complete Hi-C clique	Recall	0.13274351695431827
239	Complete Hi-C clique	F1	0.23396336456630676
240	SGMCI	AUROC	0.8424054504879557
240	SGMCI	AUPRC	0.839230818411692
240	SGMCI	Precision	0.6290254095246609
240	SGMCI	Recall	0.980407182291576
240	SGMCI	F1	0.7663583209110154
240	Complete Hi-C clique	AUROC	0.5649751301607009
240	Complete Hi-C clique	AUPRC	0.5881569708403065
240	Complete Hi-C clique	Precision	0.9877929368757752
240	Complete Hi-C clique	Recall	0.1317682300283878
240	Complete Hi-C clique	F1	0.2325191883648209
241	SGMCI	AUROC	0.8440546576402033
241	SGMCI	AUPRC	0.8400979677034953
241	SGMCI	Precision	0.6301623844012391
241	SGMCI	Recall	0.9796495933401835
241	SGMCI	F1	0.7669694748862339
241	Complete Hi-C clique	AUROC	0.5644089973313274
241	Complete Hi-C clique	AUPRC	0.5875210449836621
241	Complete Hi-C clique	Precision	0.9860272894253477
241	Complete Hi-C clique	Recall	0.1308887302112541
241	Complete Hi-C clique	F1	0.2311003828354423
242	SGMCI	AUROC	0.8413865673320358
242	SGMCI	AUPRC	0.8367540020614335
242	SGMCI	Precision	0.6289369363324778
242	SGMCI	Recall	0.9795189745554608
242	SGMCI	F1	0.7660211992958537
242	Complete Hi-C clique	AUROC	0.564154558088123
242	Complete Hi-C clique	AUPRC	0.587366187929927
242	Complete Hi-C clique	Precision	0.9873835788361186
242	Complete Hi-C clique	Recall	0.1301659729357878
242	Complete Hi-C clique	F1	0.23000992483285507
243	SGMCI	AUROC	0.8421303844346797
243	SGMCI	AUPRC	0.8382992963327467
243	SGMCI	Precision	0.6295678926024332
243	SGMCI	Recall	0.9800849892892597
243	SGMCI	F1	0.766662239069796
243	Complete Hi-C clique	AUROC	0.5642560115834289
243	Complete Hi-C clique	AUPRC	0.5874386597710061
243	Complete Hi-C clique	Precision	0.9870181219110379
243	Complete Hi-C clique	Recall	0.13042721050523345
243	Complete Hi-C clique	F1	0.2304077284579234
244	SGMCI	AUROC	0.842907861273404
244	SGMCI	AUPRC	0.8387593395369566
244	SGMCI	Precision	0.6297155571457322
244	SGMCI	Recall	0.9808687019975966
244	SGMCI	F1	0.7670114465091893
244	Complete Hi-C clique	AUROC	0.5644110250196425
244	Complete Hi-C clique	AUPRC	0.5875384677483129
244	Complete Hi-C clique	Precision	0.9862824888422158
244	Complete Hi-C clique	Recall	0.13085389853532803
244	Complete Hi-C clique	F1	0.2310530928548365
245	SGMCI	AUROC	0.840654396103831
245	SGMCI	AUPRC	0.8370230497705035
245	SGMCI	Precision	0.628464214517453
245	SGMCI	Recall	0.980041449694352
245	SGMCI	F1	0.7658300416101034
245	Complete Hi-C clique	AUROC	0.564167592114664
245	Complete Hi-C clique	AUPRC	0.5872119013275481
245	Complete Hi-C clique	Precision	0.9846386135364013
245	Complete Hi-C clique	Recall	0.13061007680384543
245	Complete Hi-C clique	F1	0.2306278878458688
246	SGMCI	AUROC	0.8422814759972892
246	SGMCI	AUPRC	0.8391048315355738
246	SGMCI	Precision	0.6298425743461125
246	SGMCI	Recall	0.9796844250161096
246	SGMCI	F1	0.7667432239949294
246	Complete Hi-C clique	AUROC	0.5641279274090997
246	Complete Hi-C clique	AUPRC	0.5873371337070821
246	Complete Hi-C clique	Precision	0.9873141724479683
246	Complete Hi-C clique	Recall	0.1301224333408802
246	Complete Hi-C clique	F1	0.22994006447492937
247	SGMCI	AUROC	0.8421261136077008
247	SGMCI	AUPRC	0.8379853181371609
247	SGMCI	Precision	0.6301109723101399
247	SGMCI	Recall	0.9794928507985162
247	SGMCI	F1	0.7668833581613834
247	Complete Hi-C clique	AUROC	0.5650445851733353
247	Complete Hi-C clique	AUPRC	0.5881874846852498
247	Complete Hi-C clique	Precision	0.987234596847727
247	Complete Hi-C clique	Recall	0.13199463592190738
247	Complete Hi-C clique	F1	0.23285608946786288
248	SGMCI	AUROC	0.8417287450261924
248	SGMCI	AUPRC	0.8377218715242007
248	SGMCI	Precision	0.6289662116804654
248	SGMCI	Recall	0.9790661627684216
248	SGMCI	F1	0.7659043998937322
248	Complete Hi-C clique	AUROC	0.5633554572301379
248	Complete Hi-C clique	AUPRC	0.5866268932368943
248	Complete Hi-C clique	Precision	0.9874891282531612
248	Complete Hi-C clique	Recall	0.12852888416726171
248	Complete Hi-C clique	F1	0.22745309550410295
249	SGMCI	AUROC	0.84177694918465
249	SGMCI	AUPRC	0.8380602135745143
249	SGMCI	Precision	0.6290366759646936
249	SGMCI	Recall	0.9798934150716662
249	SGMCI	F1	0.7662096694572207
249	Complete Hi-C clique	AUROC	0.5638263722645052
249	Complete Hi-C clique	AUPRC	0.5869436188365703
249	Complete Hi-C clique	Precision	0.9854545454545455
249	Complete Hi-C clique	Recall	0.12979153241958236
249	Complete Hi-C clique	F1	0.22937297538530196
250	SGMCI	AUROC	0.8410331054999197
250	SGMCI	AUPRC	0.8370760033717173
250	SGMCI	Precision	0.6291574124320968
250	SGMCI	Recall	0.9792925686619411
250	SGMCI	F1	0.7661154350528808
250	Complete Hi-C clique	AUROC	0.5644627656114528
250	Complete Hi-C clique	AUPRC	0.5875834639064026
250	Complete Hi-C clique	Precision	0.9862295081967213
250	Complete Hi-C clique	Recall	0.13096710148208782
250	Complete Hi-C clique	F1	0.23122809175327472
251	SGMCI	AUROC	0.8414142462680128
251	SGMCI	AUPRC	0.8375216665737533
251	SGMCI	Precision	0.6291862818548792
251	SGMCI	Recall	0.9799456625855553
251	SGMCI	F1	0.7663366201786881
251	Complete Hi-C clique	AUROC	0.5645018610032264
251	Complete Hi-C clique	AUPRC	0.5876864798394106
251	Complete Hi-C clique	Precision	0.9873218156736517
251	Complete Hi-C clique	Recall	0.13088002229227258
251	Complete Hi-C clique	F1	0.2311223195269912
252	SGMCI	AUROC	0.8421633275972905
252	SGMCI	AUPRC	0.8380246009813322
252	SGMCI	Precision	0.6292178171328906
252	SGMCI	Recall	0.9801372368031488
252	SGMCI	F1	0.7664185862822669
252	Complete Hi-C clique	AUROC	0.5647648276781261
252	Complete Hi-C clique	AUPRC	0.5879817433975264
252	Complete Hi-C clique	Precision	0.9881373705597064
252	Complete Hi-C clique	Recall	0.13128929448440413
252	Complete Hi-C clique	F1	0.23178268355675813
253	SGMCI	AUROC	0.8432276207026514
253	SGMCI	AUPRC	0.8399291034389174
253	SGMCI	Precision	0.629502822393412
253	SGMCI	Recall	0.9798411675577771
253	SGMCI	F1	0.7665393903681023
253	Complete Hi-C clique	AUROC	0.5645597749036246
253	Complete Hi-C clique	AUPRC	0.5877178279364307
253	Complete Hi-C clique	Precision	0.9869499639320611
253	Complete Hi-C clique	Recall	0.13105418067190303
253	Complete Hi-C clique	F1	0.2313836125054771
254	SGMCI	AUROC	0.8427661493353928
254	SGMCI	AUPRC	0.8378736826640322
254	SGMCI	Precision	0.6297378050827542
254	SGMCI	Recall	0.9800588655323151
254	SGMCI	F1	0.7667802152881864
254	Complete Hi-C clique	AUROC	0.5641026994007381
254	Complete Hi-C clique	AUPRC	0.5872201011770639
254	Complete Hi-C clique	Precision	0.9857707509881423
254	Complete Hi-C clique	Recall	0.13030529963949217
254	Complete Hi-C clique	F1	0.23018351305203896
255	SGMCI	AUROC	0.841231347546028
255	SGMCI	AUPRC	0.8380221466530575
255	SGMCI	Precision	0.6289996923851338
255	SGMCI	Recall	0.9793099844999043
255	SGMCI	F1	0.7660038210964026
255	Complete Hi-C clique	AUROC	0.5641119142417983
255	Complete Hi-C clique	AUPRC	0.5872326762971138
255	Complete Hi-C clique	Precision	0.985836627140975
255	Complete Hi-C clique	Recall	0.13031400755847367
255	Complete Hi-C clique	F1	0.2301988955375409
256	SGMCI	AUROC	0.8412869370376898
256	SGMCI	AUPRC	0.8375048135141678
256	SGMCI	Precision	0.6296934919524143
256	SGMCI	Recall	0.9794580191225901
256	SGMCI	F1	0.7665634168532319
256	Complete Hi-C clique	AUROC	0.5644598421745548
256	Complete Hi-C clique	AUPRC	0.5876584803255083
256	Complete Hi-C clique	Precision	0.9875057539291116
256	Complete Hi-C clique	Recall	0.13076681934551282
256	Complete Hi-C clique	F1	0.23095082471452194
257	SGMCI	AUROC	0.8425650607203303
257	SGMCI	AUPRC	0.8388144068472319
257	SGMCI	Precision	0.6296642365171463
257	SGMCI	Recall	0.9799717863424998
257	SGMCI	F1	0.7666990274726211
257	Complete Hi-C clique	AUROC	0.5642328112633822
257	Complete Hi-C clique	AUPRC	0.5873391325161115
257	Complete Hi-C clique	Precision	0.985734946095188
257	Complete Hi-C clique	Recall	0.13057524512791932
257	Complete Hi-C clique	F1	0.23060361399461746
258	SGMCI	AUROC	0.840372811640455
258	SGMCI	AUPRC	0.8371596411455987
258	SGMCI	Precision	0.6281469898358092
258	SGMCI	Recall	0.9794318953656456
258	SGMCI	F1	0.7654084069983463
258	Complete Hi-C clique	AUROC	0.5642680596177437
258	Complete Hi-C clique	AUPRC	0.5874422601399649
258	Complete Hi-C clique	Precision	0.9868923725464366
258	Complete Hi-C clique	Recall	0.13047075010014106
258	Complete Hi-C clique	F1	0.23047223504076292
259	SGMCI	AUROC	0.8418059522725467
259	SGMCI	AUPRC	0.8382445395297422
259	SGMCI	Precision	0.6284953469807013
259	SGMCI	Recall	0.9803636426966683
259	SGMCI	F1	0.7659515118941114
259	Complete Hi-C clique	AUROC	0.5634572093083048
259	Complete Hi-C clique	AUPRC	0.5866685270432244
259	Complete Hi-C clique	Precision	0.9866
259	Complete Hi-C clique	Recall	0.12886849300754105
259	Complete Hi-C clique	F1	0.22796099755079408
260	SGMCI	AUROC	0.8413405054442299
260	SGMCI	AUPRC	0.8379852301516253
260	SGMCI	Precision	0.6288591841180644
260	SGMCI	Recall	0.9803288110207422
260	SGMCI	F1	0.7662110059586401
260	Complete Hi-C clique	AUROC	0.5644242049936892
260	Complete Hi-C clique	AUPRC	0.5876521386130692
260	Complete Hi-C clique	Precision	0.9879478398314014
260	Complete Hi-C clique	Recall	0.13062749264180845
260	Complete Hi-C clique	F1	0.23074556613496178
261	SGMCI	AUROC	0.8423881649784062
261	SGMCI	AUPRC	0.8391552699479693
261	SGMCI	Precision	0.6290937979031699
261	SGMCI	Recall	0.9791880736341629
261	SGMCI	F1	0.7660362962559267
261	Complete Hi-C clique	AUROC	0.5645563445446481
261	Complete Hi-C clique	AUPRC	0.5877886984391996
261	Complete Hi-C clique	Precision	0.9881641241451867
261	Complete Hi-C clique	Recall	0.13086260645430955
261	Complete Hi-C clique	F1	0.23111821970687296
262	SGMCI	AUROC	0.841656473116646
262	SGMCI	AUPRC	0.8372808416930984
262	SGMCI	Precision	0.6296866256295467
262	SGMCI	Recall	0.9798585833957401
262	SGMCI	F1	0.7666809748652644
262	Complete Hi-C clique	AUROC	0.5641078588651686
262	Complete Hi-C clique	AUPRC	0.5871979084922334
262	Complete Hi-C clique	Precision	0.9853250855488287
262	Complete Hi-C clique	Recall	0.13038367091032585
262	Complete Hi-C clique	F1	0.230293615515942
263	SGMCI	AUROC	0.8427656455455981
263	SGMCI	AUPRC	0.838474040571181
263	SGMCI	Precision	0.6296963660171683
263	SGMCI	Recall	0.9798847071526846
263	SGMCI	F1	0.7666961913197521
263	Complete Hi-C clique	AUROC	0.5640432647341037
263	Complete Hi-C clique	AUPRC	0.5871755754793428
263	Complete Hi-C clique	Precision	0.9859498680738786
263	Complete Hi-C clique	Recall	0.13015726501680627
263	Complete Hi-C clique	F1	0.2299573839597532
264	SGMCI	AUROC	0.8427623519489158
264	SGMCI	AUPRC	0.8390332134315438
264	SGMCI	Precision	0.62905805124076
264	SGMCI	Recall	0.9796583012591651
264	SGMCI	F1	0.7661536366112776
264	Complete Hi-C clique	AUROC	0.5648008536854959
264	Complete Hi-C clique	AUPRC	0.5878911926270166
264	Complete Hi-C clique	Precision	0.9861092995956697
264	Complete Hi-C clique	Recall	0.13167244291959107
264	Complete Hi-C clique	F1	0.23232338751805306
265	SGMCI	AUROC	0.8421142436902953
265	SGMCI	AUPRC	0.8388268155353505
265	SGMCI	Precision	0.6292444548814377
265	SGMCI	Recall	0.9799979100994445
265	SGMCI	F1	0.7663957451589948
265	Complete Hi-C clique	AUROC	0.5651751137144149
265	Complete Hi-C clique	AUPRC	0.588377169731922
265	Complete Hi-C clique	Precision	0.9883372426374772
265	Complete Hi-C clique	Recall	0.13209042303070412
265	Complete Hi-C clique	F1	0.23303581030218307
266	SGMCI	AUROC	0.8405343162274315
266	SGMCI	AUPRC	0.8376889493344624
266	SGMCI	Precision	0.6290393855826728
266	SGMCI	Recall	0.979240321148052
266	SGMCI	F1	0.7660119410508534
266	Complete Hi-C clique	AUROC	0.5644886810291796
266	Complete Hi-C clique	AUPRC	0.5875730835548261
266	Complete Hi-C clique	Precision	0.9856628477905074
266	Complete Hi-C clique	Recall	0.13110642818579216
266	Complete Hi-C clique	F1	0.23142960349849745
267	SGMCI	AUROC	0.8425130802548211
267	SGMCI	AUPRC	0.8385881497997661
267	SGMCI	Precision	0.6297654164124552
267	SGMCI	Recall	0.9797453804489803
267	SGMCI	F1	0.7667047138792825
267	Complete Hi-C clique	AUROC	0.5646658809412823
267	Complete Hi-C clique	AUPRC	0.5877636971256367
267	Complete Hi-C clique	Precision	0.9860811605567535
267	Complete Hi-C clique	Recall	0.1314024974311639
267	Complete Hi-C clique	F1	0.23190232132840533
268	SGMCI	AUROC	0.8422643990385983
268	SGMCI	AUPRC	0.838782366382633
268	SGMCI	Precision	0.6293398943159896
268	SGMCI	Recall	0.9800588655323151
268	SGMCI	F1	0.766485172283458
268	Complete Hi-C clique	AUROC	0.5649664222417192
268	Complete Hi-C clique	AUPRC	0.5881487445523825
268	Complete Hi-C clique	Precision	0.9877913429522752
268	Complete Hi-C clique	Recall	0.13175081419042478
268	Complete Hi-C clique	F1	0.23249202873496982
269	SGMCI	AUROC	0.8421882903350553
269	SGMCI	AUPRC	0.8390555198955003
269	SGMCI	Precision	0.6283430524834104
269	SGMCI	Recall	0.9795625141503683
269	SGMCI	F1	0.7655938420912932
269	Complete Hi-C clique	AUROC	0.5645885513665373
269	Complete Hi-C clique	AUPRC	0.587866134839288
269	Complete Hi-C clique	Precision	0.9889400921658986
269	Complete Hi-C clique	Recall	0.13081035894042042
269	Complete Hi-C clique	F1	0.23105792598517244
270	SGMCI	AUROC	0.843097510321493
270	SGMCI	AUPRC	0.8403159855241388
270	SGMCI	Precision	0.629762571396573
270	SGMCI	Recall	0.9793186924188857
270	SGMCI	F1	0.7665719212863561
270	Complete Hi-C clique	AUROC	0.5632962030507899
270	Complete Hi-C clique	AUPRC	0.5864505694094425
270	Complete Hi-C clique	Precision	0.9854656977131809
270	Complete Hi-C clique	Recall	0.12871175046587366
270	Complete Hi-C clique	F1	0.22768548256660276
271	SGMCI	AUROC	0.8417863291902019
271	SGMCI	AUPRC	0.838226386353506
271	SGMCI	Precision	0.6299703264094956
271	SGMCI	Recall	0.979806335881851
271	SGMCI	F1	0.7668752215043211
271	Complete Hi-C clique	AUROC	0.5643812625645035
271	Complete Hi-C clique	AUPRC	0.587549196792394
271	Complete Hi-C clique	Precision	0.9869147816938454
271	Complete Hi-C clique	Recall	0.13069715599366064
271	Complete Hi-C clique	F1	0.2308260154099319
272	SGMCI	AUROC	0.8423601450467487
272	SGMCI	AUPRC	0.8382961506569471
272	SGMCI	Precision	0.6294685828128848
272	SGMCI	Recall	0.9794754349605531
272	SGMCI	F1	0.7664020713385343
272	Complete Hi-C clique	AUROC	0.5642613793870771
272	Complete Hi-C clique	AUPRC	0.5874515155965405
272	Complete Hi-C clique	Precision	0.9871473767466385
272	Complete Hi-C clique	Recall	0.13041850258625193
272	Complete Hi-C clique	F1	0.23039766171832934
273	SGMCI	AUROC	0.8422458639170239
273	SGMCI	AUPRC	0.8385750982664867
273	SGMCI	Precision	0.629550884299694
273	SGMCI	Recall	0.979806335881851
273	SGMCI	F1	0.7665643617981585
273	Complete Hi-C clique	AUROC	0.5634687504205408
273	Complete Hi-C clique	AUPRC	0.5866677807911745
273	Complete Hi-C clique	Precision	0.9864081551069358
273	Complete Hi-C clique	Recall	0.12892074052143018
273	Complete Hi-C clique	F1	0.22803761349896412
274	SGMCI	AUROC	0.8424733777925351
274	SGMCI	AUPRC	0.8385056047465175
274	SGMCI	Precision	0.6302824200388811
274	SGMCI	Recall	0.9796495933401835
274	SGMCI	F1	0.7670583743279776
274	Complete Hi-C clique	AUROC	0.5641613285624328
274	Complete Hi-C clique	AUPRC	0.5872909722603357
274	Complete Hi-C clique	Precision	0.9860388541323675
274	Complete Hi-C clique	Recall	0.13038367091032585
274	Complete Hi-C clique	F1	0.2303130984518124
275	SGMCI	AUROC	0.841716469731971
275	SGMCI	AUPRC	0.8379113871122138
275	SGMCI	Precision	0.6295805072415105
275	SGMCI	Recall	0.9796495933401835
275	SGMCI	F1	0.7665383436105339
275	Complete Hi-C clique	AUROC	0.5645976481120231
275	Complete Hi-C clique	AUPRC	0.5877769668087288
275	Complete Hi-C clique	Precision	0.9873401115119711
275	Complete Hi-C clique	Recall	0.13107159650986608
275	Complete Hi-C clique	F1	0.23142147705695595
276	SGMCI	AUROC	0.8411275258323367
276	SGMCI	AUPRC	0.8369611233434142
276	SGMCI	Precision	0.6282147246117752
276	SGMCI	Recall	0.9793186924188857
276	SGMCI	F1	0.7654241164099668
276	Complete Hi-C clique	AUROC	0.5636775321368798
276	Complete Hi-C clique	AUPRC	0.5868301075752368
276	Complete Hi-C clique	Precision	0.985871583974529
276	Complete Hi-C clique	Recall	0.12942579982235844
276	Complete Hi-C clique	F1	0.2288129070000154
277	SGMCI	AUROC	0.8428627679809495
277	SGMCI	AUPRC	0.8389834957426132
277	SGMCI	Precision	0.629165386012462
277	SGMCI	Recall	0.9803897664536129
277	SGMCI	F1	0.7664568746319563
277	Complete Hi-C clique	AUROC	0.5640699856567701
277	Complete Hi-C clique	AUPRC	0.5871389782718408
277	Complete Hi-C clique	Precision	0.9849342105263158
277	Complete Hi-C clique	Recall	0.1303662550723628
277	Complete Hi-C clique	F1	0.23025577138990136
278	SGMCI	AUROC	0.8423496552814222
278	SGMCI	AUPRC	0.8392068980795665
278	SGMCI	Precision	0.6290319875203382
278	SGMCI	Recall	0.9796670091781466
278	SGMCI	F1	0.7661369680171882
278	Complete Hi-C clique	AUROC	0.5639005979150659
278	Complete Hi-C clique	AUPRC	0.5870485613318828
278	Complete Hi-C clique	Precision	0.986047741850162
278	Complete Hi-C clique	Recall	0.129852487852453
278	Complete Hi-C clique	F1	0.2294842298843499
279	SGMCI	AUROC	0.8421180770133827
279	SGMCI	AUPRC	0.8383619849939636
279	SGMCI	Precision	0.628502806713771
279	SGMCI	Recall	0.9798498754767586
279	SGMCI	F1	0.7658001926002049
279	Complete Hi-C clique	AUROC	0.564701427878505
279	Complete Hi-C clique	AUPRC	0.5878360857483885
279	Complete Hi-C clique	Precision	0.9867233485938522
279	Complete Hi-C clique	Recall	0.13137637367421934
279	Complete Hi-C clique	F1	0.2318793803024714
280	SGMCI	AUROC	0.8426480510942672
280	SGMCI	AUPRC	0.839043296310998
280	SGMCI	Precision	0.6296302510668523
280	SGMCI	Recall	0.9803026872637977
280	SGMCI	F1	0.7667750779028386
280	Complete Hi-C clique	AUROC	0.5636630675877456
280	Complete Hi-C clique	AUPRC	0.5869057892838294
280	Complete Hi-C clique	Precision	0.9873535676251332
280	Complete Hi-C clique	Recall	0.1291732701718943
280	Complete Hi-C clique	F1	0.22845790146463166
281	SGMCI	AUROC	0.8432831758661731
281	SGMCI	AUPRC	0.8397738863613755
281	SGMCI	Precision	0.6290049459300864
281	SGMCI	Recall	0.9800849892892597
281	SGMCI	F1	0.7662446855224954
281	Complete Hi-C clique	AUROC	0.5646068629530834
281	Complete Hi-C clique	AUPRC	0.5877895692580615
281	Complete Hi-C clique	Precision	0.9874057067891112
281	Complete Hi-C clique	Recall	0.1310803044288476
281	Complete Hi-C clique	F1	0.23143685185612264
282	SGMCI	AUROC	0.8430500232021148
282	SGMCI	AUPRC	0.8395412561737237
282	SGMCI	Precision	0.6293221600031327
282	SGMCI	Recall	0.9796147616642574
282	SGMCI	F1	0.7663361682850983
282	Complete Hi-C clique	AUROC	0.5654169980012258
282	Complete Hi-C clique	AUPRC	0.5885237130780147
282	Complete Hi-C clique	Precision	0.9870533402382186
282	Complete Hi-C clique	Recall	0.13277834863024435
282	Complete Hi-C clique	F1	0.2340696621279339
283	SGMCI	AUROC	0.8413759728468345
283	SGMCI	AUPRC	0.8381291634974279
283	SGMCI	Precision	0.629037403524875
283	SGMCI	Recall	0.9787004301711977
283	SGMCI	F1	0.7658452323762993
283	Complete Hi-C clique	AUROC	0.5648123045540888
283	Complete Hi-C clique	AUPRC	0.5879563798687237
283	Complete Hi-C clique	Precision	0.9869994120337101
283	Complete Hi-C clique	Recall	0.13155923997283128
283	Complete Hi-C clique	F1	0.23217180836758997
284	SGMCI	AUROC	0.8409265695774397
284	SGMCI	AUPRC	0.8369318212751451
284	SGMCI	Precision	0.6288021007933847
284	SGMCI	Recall	0.9800153259374075
284	SGMCI	F1	0.7660728750450959
284	Complete Hi-C clique	AUROC	0.5626926415433847
284	Complete Hi-C clique	AUPRC	0.5859929573657736
284	Complete Hi-C clique	Precision	0.9872288668153254
284	Complete Hi-C clique	Recall	0.12722269632003344
284	Complete Hi-C clique	F1	0.22539861305028658
285	SGMCI	AUROC	0.8421691226190867
285	SGMCI	AUPRC	0.8385847436998765
285	SGMCI	Precision	0.6295939728419662
285	SGMCI	Recall	0.9794841428795347
285	SGMCI	F1	0.7664976694742006
285	Complete Hi-C clique	AUROC	0.5643697214522674
285	Complete Hi-C clique	AUPRC	0.5875499684073158
285	Complete Hi-C clique	Precision	0.9871044147641292
285	Complete Hi-C clique	Recall	0.1306449084797715
285	Complete Hi-C clique	F1	0.23074970969800898
286	SGMCI	AUROC	0.843103116348042
286	SGMCI	AUPRC	0.8388723396316868
286	SGMCI	Precision	0.6300359943797267
286	SGMCI	Recall	0.9800675734512966
286	SGMCI	F1	0.7670038878685552
286	Complete Hi-C clique	AUROC	0.5646120224175137
286	Complete Hi-C clique	AUPRC	0.5877671834551919
286	Complete Hi-C clique	Precision	0.9869602254111788
286	Complete Hi-C clique	Recall	0.1311586756996813
286	Complete Hi-C clique	F1	0.23154674517098517
287	SGMCI	AUROC	0.8426132992915845
287	SGMCI	AUPRC	0.8390078462017896
287	SGMCI	Precision	0.6286597431053179
287	SGMCI	Recall	0.9793883557707379
287	SGMCI	F1	0.7657756413748026
287	Complete Hi-C clique	AUROC	0.5645369912620135
287	Complete Hi-C clique	AUPRC	0.5876885271251776
287	Complete Hi-C clique	Precision	0.986817943336831
287	Complete Hi-C clique	Recall	0.13102805691495847
287	Complete Hi-C clique	F1	0.2313392678689482
288	SGMCI	AUROC	0.8411608702659319
288	SGMCI	AUPRC	0.8374069516053942
288	SGMCI	Precision	0.6281453295691666
288	SGMCI	Recall	0.9803810585346314
288	SGMCI	F1	0.7656968361489703
288	Complete Hi-C clique	AUROC	0.5646740819381852
288	Complete Hi-C clique	AUPRC	0.5877675686992845
288	Complete Hi-C clique	Precision	0.9860194682171556
288	Complete Hi-C clique	Recall	0.13142862118810847
288	Complete Hi-C clique	F1	0.2319412962464943
289	SGMCI	AUROC	0.8427648678502614
289	SGMCI	AUPRC	0.8393307712671538
289	SGMCI	Precision	0.6291338890845759
289	SGMCI	Recall	0.9798585833957401
289	SGMCI	F1	0.7662711316161324
289	Complete Hi-C clique	AUROC	0.5648807457225659
289	Complete Hi-C clique	AUPRC	0.5879782927829393
289	Complete Hi-C clique	Precision	0.9863156522872409
289	Complete Hi-C clique	Recall	0.1318030617043139
289	Complete Hi-C clique	F1	0.2325324156578381
290	SGMCI	AUROC	0.8433024695084262
290	SGMCI	AUPRC	0.8390721176676544
290	SGMCI	Precision	0.6297411332833432
290	SGMCI	Recall	0.9799543705045368
290	SGMCI	F1	0.7667506983716018
290	Complete Hi-C clique	AUROC	0.5645369912620135
290	Complete Hi-C clique	AUPRC	0.5876885271251776
290	Complete Hi-C clique	Precision	0.986817943336831
290	Complete Hi-C clique	Recall	0.13102805691495847
290	Complete Hi-C clique	F1	0.2313392678689482
291	SGMCI	AUROC	0.8423674729406356
291	SGMCI	AUPRC	0.8384351936563865
291	SGMCI	Precision	0.6292631908634325
291	SGMCI	Recall	0.9797366725299987
291	SGMCI	F1	0.7663297415848193
291	Complete Hi-C clique	AUROC	0.5643130297352442
291	Complete Hi-C clique	AUPRC	0.5875627478577121
291	Complete Hi-C clique	Precision	0.9881848184818481
291	Complete Hi-C clique	Recall	0.1303662550723628
291	Complete Hi-C clique	F1	0.23034433947749022
292	SGMCI	AUROC	0.841728504602227
292	SGMCI	AUPRC	0.8376546557804467
292	SGMCI	Precision	0.6284505924878905
292	SGMCI	Recall	0.9795276824744422
292	SGMCI	F1	0.7656630216894862
292	Complete Hi-C clique	AUROC	0.5645761768974303
292	Complete Hi-C clique	AUPRC	0.5877255434903734
292	Complete Hi-C clique	Precision	0.9868257193419414
292	Complete Hi-C clique	Recall	0.13110642818579216
292	Complete Hi-C clique	F1	0.23146162419770172
293	SGMCI	AUROC	0.842130333852525
293	SGMCI	AUPRC	0.8386167837127237
293	SGMCI	Precision	0.6291188210695797
293	SGMCI	Recall	0.9799282467475923
293	SGMCI	F1	0.7662812551070437
293	Complete Hi-C clique	AUROC	0.5643090646022578
293	Complete Hi-C clique	AUPRC	0.5874615615083618
293	Complete Hi-C clique	Precision	0.9865807130640705
293	Complete Hi-C clique	Recall	0.1306013688848639
293	Complete Hi-C clique	F1	0.23066748692709935
294	SGMCI	AUROC	0.8419536111481307
294	SGMCI	AUPRC	0.8386699411752959
294	SGMCI	Precision	0.628732812997592
294	SGMCI	Recall	0.9799456625855553
294	SGMCI	F1	0.7660001701693184
294	Complete Hi-C clique	AUROC	0.5647168160281532
294	Complete Hi-C clique	AUPRC	0.5878350844772322
294	Complete Hi-C clique	Precision	0.9864723565546988
294	Complete Hi-C clique	Recall	0.13144603702607152
294	Complete Hi-C clique	F1	0.23198094359920085
295	SGMCI	AUROC	0.8422264090467985
295	SGMCI	AUPRC	0.8388076355536609
295	SGMCI	Precision	0.628822181228688
295	SGMCI	Recall	0.9795538062313868
295	SGMCI	F1	0.7659467262229002
295	Complete Hi-C clique	AUROC	0.5642599488644842
295	Complete Hi-C clique	AUPRC	0.5873725080564702
295	Complete Hi-C clique	Precision	0.9858682792165111
295	Complete Hi-C clique	Recall	0.13061007680384543
295	Complete Hi-C clique	F1	0.23066158152123767
296	SGMCI	AUROC	0.8426760238300229
296	SGMCI	AUPRC	0.8389813577845238
296	SGMCI	Precision	0.6289907211369261
296	SGMCI	Recall	0.9804681377244466
296	SGMCI	F1	0.7663511963709005
296	Complete Hi-C clique	AUROC	0.5648955367064921
296	Complete Hi-C clique	AUPRC	0.5880388971495935
296	Complete Hi-C clique	Precision	0.9870790916209867
296	Complete Hi-C clique	Recall	0.13171598251449868
296	Complete Hi-C clique	F1	0.23241806364376702
297	SGMCI	AUROC	0.843592918970596
297	SGMCI	AUPRC	0.8404867907488065
297	SGMCI	Precision	0.6296070513752643
297	SGMCI	Recall	0.9802939793448162
297	SGMCI	F1	0.76675521046179
297	Complete Hi-C clique	AUROC	0.565241825777438
297	Complete Hi-C clique	AUPRC	0.5883504553898233
297	Complete Hi-C clique	Precision	0.9868933298728264
297	Complete Hi-C clique	Recall	0.1324474477089465
297	Complete Hi-C clique	F1	0.2335508637236084
298	SGMCI	AUROC	0.8424087794709822
298	SGMCI	AUPRC	0.8397005278561405
298	SGMCI	Precision	0.6285390143851923
298	SGMCI	Recall	0.9793535240948118
298	SGMCI	F1	0.7656754217556472
298	Complete Hi-C clique	AUROC	0.5645472199472311
298	Complete Hi-C clique	AUPRC	0.5877098587252859
298	Complete Hi-C clique	Precision	0.987011283127788
298	Complete Hi-C clique	Recall	0.13101934899597695
298	Complete Hi-C clique	F1	0.23133100659583955
299	SGMCI	AUROC	0.8420759902480097
299	SGMCI	AUPRC	0.8384008833948732
299	SGMCI	Precision	0.6290509291622162
299	SGMCI	Recall	0.9795102666364792
299	SGMCI	F1	0.7661030801450682
299	Complete Hi-C clique	AUROC	0.5640851933191319
299	Complete Hi-C clique	AUPRC	0.5872695165985523
299	Complete Hi-C clique	Precision	0.9868560105680317
299	Complete Hi-C clique	Recall	0.13010501750291714
299	Complete Hi-C clique	F1	0.22990044469063994
300	SGMCI	AUROC	0.8414443845972381
300	SGMCI	AUPRC	0.8381736901404033
300	SGMCI	Precision	0.6288558938294518
300	SGMCI	Recall	0.9795625141503683
300	SGMCI	F1	0.765974397385265
300	Complete Hi-C clique	AUROC	0.5646794497418334
300	Complete Hi-C clique	AUPRC	0.5877803904177294
300	Complete Hi-C clique	Precision	0.9861474124411919
300	Complete Hi-C clique	Recall	0.13141991326912694
300	Complete Hi-C clique	F1	0.23193127506877098
301	SGMCI	AUROC	0.8408644516439034
301	SGMCI	AUPRC	0.8365529734598496
301	SGMCI	Precision	0.6291559244118091
301	SGMCI	Recall	0.9796408854212021
301	SGMCI	F1	0.766220896376286
301	Complete Hi-C clique	AUROC	0.5647009209564262
301	Complete Hi-C clique	AUPRC	0.5878317209648583
301	Complete Hi-C clique	Precision	0.9866596913418781
301	Complete Hi-C clique	Recall	0.13138508159320086
301	Complete Hi-C clique	F1	0.2318911857373396
302	SGMCI	AUROC	0.8412215727033729
302	SGMCI	AUPRC	0.8376231911645391
302	SGMCI	Precision	0.6290215245583523
302	SGMCI	Recall	0.9794754349605531
302	SGMCI	F1	0.7660706198047381
302	Complete Hi-C clique	AUROC	0.5640740410333999
302	Complete Hi-C clique	AUPRC	0.58717369317226
302	Complete Hi-C clique	Precision	0.985445205479452
302	Complete Hi-C clique	Recall	0.13029659172051064
302	Complete Hi-C clique	F1	0.23016104966851766
303	SGMCI	AUROC	0.8436761930278804
303	SGMCI	AUPRC	0.8403375558625041
303	SGMCI	Precision	0.6293975607302159
303	SGMCI	Recall	0.9805378010762987
303	SGMCI	F1	0.7666743831363365
303	Complete Hi-C clique	AUROC	0.5651029157521691
303	Complete Hi-C clique	AUPRC	0.5882894085578978
303	Complete Hi-C clique	Precision	0.9880067787772129
303	Complete Hi-C clique	Recall	0.13199463592190738
303	Complete Hi-C clique	F1	0.23287755415578432
304	SGMCI	AUROC	0.8424866113963644
304	SGMCI	AUPRC	0.8393149054549344
304	SGMCI	Precision	0.629798734325953
304	SGMCI	Recall	0.9801372368031488
304	SGMCI	F1	0.7668493682657883
304	Complete Hi-C clique	AUROC	0.5642064791672199
304	Complete Hi-C clique	AUPRC	0.5872794763554301
304	Complete Hi-C clique	Precision	0.9851559934318554
304	Complete Hi-C clique	Recall	0.13061007680384543
304	Complete Hi-C clique	F1	0.23064207345670948
305	SGMCI	AUROC	0.8414363996009504
305	SGMCI	AUPRC	0.8373225760969508
305	SGMCI	Precision	0.6285739834126931
305	SGMCI	Recall	0.9793970636897195
305	SGMCI	F1	0.7657146747455492
305	Complete Hi-C clique	AUROC	0.5644608281667812
305	Complete Hi-C clique	AUPRC	0.5875004302412304
305	Complete Hi-C clique	Precision	0.9848960376618282
305	Complete Hi-C clique	Recall	0.13116738361866281
305	Complete Hi-C clique	F1	0.23150339655119417
306	SGMCI	AUROC	0.8425144230311321
306	SGMCI	AUPRC	0.8389560499027666
306	SGMCI	Precision	0.6289157704089618
306	SGMCI	Recall	0.9797105487730542
306	SGMCI	F1	0.7660640724474858
306	Complete Hi-C clique	AUROC	0.5657249069416949
306	Complete Hi-C clique	AUPRC	0.5887718213002059
306	Complete Hi-C clique	Precision	0.9864238836700553
306	Complete Hi-C clique	Recall	0.13350110590571065
306	Complete Hi-C clique	F1	0.23517410645804573
307	SGMCI	AUROC	0.8438756348657657
307	SGMCI	AUPRC	0.8399732831369643
307	SGMCI	Precision	0.6299420166562192
307	SGMCI	Recall	0.9801024051272227
307	SGMCI	F1	0.7669449081803006
307	Complete Hi-C clique	AUROC	0.5650420505629418
307	Complete Hi-C clique	AUPRC	0.5881656281649492
307	Complete Hi-C clique	Precision	0.986917469409008
307	Complete Hi-C clique	Recall	0.132038175516815
307	Complete Hi-C clique	F1	0.23291500898603704
308	SGMCI	AUROC	0.8423403792761668
308	SGMCI	AUPRC	0.838884868460351
308	SGMCI	Precision	0.6294925974643867
308	SGMCI	Recall	0.9793099844999043
308	SGMCI	F1	0.7663692149386869
308	Complete Hi-C clique	AUROC	0.5645131937762449
308	Complete Hi-C clique	AUPRC	0.5876505037301795
308	Complete Hi-C clique	Precision	0.9865582584748541
308	Complete Hi-C clique	Recall	0.13101934899597695
308	Complete Hi-C clique	F1	0.23131855883279911
309	SGMCI	AUROC	0.8396684823963108
309	SGMCI	AUPRC	0.8367972773787612
309	SGMCI	Precision	0.6280466345267557
309	SGMCI	Recall	0.9789964994165694
309	SGMCI	F1	0.7652009379030584
309	Complete Hi-C clique	AUROC	0.5639788789422563
309	Complete Hi-C clique	AUPRC	0.5871885429108189
309	Complete Hi-C clique	Precision	0.9871565706719629
309	Complete Hi-C clique	Recall	0.1298437799334715
309	Complete Hi-C clique	F1	0.22950062719807912
310	SGMCI	AUROC	0.8426113582066908
310	SGMCI	AUPRC	0.8389676047175969
310	SGMCI	Precision	0.6296043388950147
310	SGMCI	Recall	0.9795276824744422
310	SGMCI	F1	0.7665186830709265
310	Complete Hi-C clique	AUROC	0.5650143157961177
310	Complete Hi-C clique	AUPRC	0.5881939891443463
310	Complete Hi-C clique	Precision	0.9878001043841336
310	Complete Hi-C clique	Recall	0.13184660129922152
310	Complete Hi-C clique	F1	0.2326413963707881
311	SGMCI	AUROC	0.8422515335628016
311	SGMCI	AUPRC	0.8394596905911621
311	SGMCI	Precision	0.6285466983107636
311	SGMCI	Recall	0.9801372368031488
311	SGMCI	F1	0.7659205275030365
311	Complete Hi-C clique	AUROC	0.5637002255348477
311	Complete Hi-C clique	AUPRC	0.5869253109617609
311	Complete Hi-C clique	Precision	0.9871019214147996
311	Complete Hi-C clique	Recall	0.1292864731186541
311	Complete Hi-C clique	F1	0.22862818469498536
312	SGMCI	AUROC	0.84182456874885
312	SGMCI	AUPRC	0.8377184179790202
312	SGMCI	Precision	0.6289024062975221
312	SGMCI	Recall	0.9795363903934238
312	SGMCI	F1	0.7660009124895302
312	Complete Hi-C clique	AUROC	0.5648533095386028
312	Complete Hi-C clique	AUPRC	0.5879756723095768
312	Complete Hi-C clique	Precision	0.9866901546290859
312	Complete Hi-C clique	Recall	0.13168985875755412
312	Complete Hi-C clique	F1	0.23236661160834327
313	SGMCI	AUROC	0.8413878827220254
313	SGMCI	AUPRC	0.83714297823564
313	SGMCI	Precision	0.6298448092330102
313	SGMCI	Recall	0.9789529598216619
313	SGMCI	F1	0.7665207549228168
313	Complete Hi-C clique	AUROC	0.5632102558007066
313	Complete Hi-C clique	AUPRC	0.586478033193044
313	Complete Hi-C clique	Precision	0.9872654155495979
313	Complete Hi-C clique	Recall	0.12826764659781606
313	Complete Hi-C clique	F1	0.22703802463046596
314	SGMCI	AUROC	0.8416283743699495
314	SGMCI	AUPRC	0.8375984391121372
314	SGMCI	Precision	0.6289457944134204
314	SGMCI	Recall	0.9797627962869433
314	SGMCI	F1	0.7661023181073839
314	Complete Hi-C clique	AUROC	0.5643702283743461
314	Complete Hi-C clique	AUPRC	0.5875543407371683
314	Complete Hi-C clique	Precision	0.9871685201026519
314	Complete Hi-C clique	Recall	0.13063620056078998
314	Complete Hi-C clique	F1	0.23073787826354444
315	SGMCI	AUROC	0.840126811109116
315	SGMCI	AUPRC	0.8372932004312899
315	SGMCI	Precision	0.6281044364253874
315	SGMCI	Recall	0.9791358261202737
315	SGMCI	F1	0.7652863987803549
315	Complete Hi-C clique	AUROC	0.5638660648220009
315	Complete Hi-C clique	AUPRC	0.5869849767702853
315	Complete Hi-C clique	Precision	0.9855273592386995
315	Complete Hi-C clique	Recall	0.12986119577143454
315	Complete Hi-C clique	F1	0.22948372701392628
316	SGMCI	AUROC	0.8415216144891597
316	SGMCI	AUPRC	0.8371994520321189
316	SGMCI	Precision	0.6295204973944938
316	SGMCI	Recall	0.9804333060485205
316	SGMCI	F1	0.7667336306990364
316	Complete Hi-C clique	AUROC	0.5634117322687255
316	Complete Hi-C clique	AUPRC	0.586544240612239
316	Complete Hi-C clique	Precision	0.9852334707995211
316	Complete Hi-C clique	Recall	0.12898169595430084
316	Complete Hi-C clique	F1	0.22810151533817913
317	SGMCI	AUROC	0.8410788811646881
317	SGMCI	AUPRC	0.837786956358313
317	SGMCI	Precision	0.6281036956800912
317	SGMCI	Recall	0.9795886379073129
317	SGMCI	F1	0.7654241186096435
317	Complete Hi-C clique	AUROC	0.5642821353403734
317	Complete Hi-C clique	AUPRC	0.5874633376195719
317	Complete Hi-C clique	Precision	0.9870232527501482
317	Complete Hi-C clique	Recall	0.13047945801912259
317	Complete Hi-C clique	F1	0.230489390012229
318	SGMCI	AUROC	0.8410207524488631
318	SGMCI	AUPRC	0.8379088096078577
318	SGMCI	Precision	0.6286856152706743
318	SGMCI	Recall	0.979423187446664
318	SGMCI	F1	0.7658054830242762
318	Complete Hi-C clique	AUROC	0.5643688880953965
318	Complete Hi-C clique	AUPRC	0.5874097352244061
318	Complete Hi-C clique	Precision	0.9848117839607201
318	Complete Hi-C clique	Recall	0.13099322523903237
318	Complete Hi-C clique	F1	0.23122977719367008
319	SGMCI	AUROC	0.8410511515619
319	SGMCI	AUPRC	0.8367562355775989
319	SGMCI	Precision	0.6291708146441315
319	SGMCI	Recall	0.9796147616642574
319	SGMCI	F1	0.7662239476910502
319	Complete Hi-C clique	AUROC	0.5635373999282357
319	Complete Hi-C clique	AUPRC	0.5867248678876092
319	Complete Hi-C clique	Precision	0.9862931665446802
319	Complete Hi-C clique	Recall	0.12907748306309758
319	Complete Hi-C clique	F1	0.22827970154080715
320	SGMCI	AUROC	0.8416527161958928
320	SGMCI	AUPRC	0.8379011715053504
320	SGMCI	Precision	0.6283629374263157
320	SGMCI	Recall	0.9792925686619411
320	SGMCI	F1	0.7655261375510106
320	Complete Hi-C clique	AUROC	0.5642468869860119
320	Complete Hi-C clique	AUPRC	0.5873601699494003
320	Complete Hi-C clique	Precision	0.9858654920781014
320	Complete Hi-C clique	Recall	0.13058395304690085
320	Complete Hi-C clique	F1	0.2306207660189621
321	SGMCI	AUROC	0.8431254520730338
321	SGMCI	AUPRC	0.8395042520279595
321	SGMCI	Precision	0.6293194595955358
321	SGMCI	Recall	0.9795886379073129
321	SGMCI	F1	0.7663261726267315
321	Complete Hi-C clique	AUROC	0.5624076064881703
321	Complete Hi-C clique	AUPRC	0.585708128584715
321	Complete Hi-C clique	Precision	0.9869081535748202
321	Complete Hi-C clique	Recall	0.1266915132621606
321	Complete Hi-C clique	F1	0.22455625868189535
322	SGMCI	AUROC	0.8427976099964267
322	SGMCI	AUPRC	0.8397892959459661
322	SGMCI	Precision	0.6291065637929106
322	SGMCI	Recall	0.9798324596387955
322	SGMCI	F1	0.7662428753345273
322	Complete Hi-C clique	AUROC	0.5640164257158626
322	Complete Hi-C clique	AUPRC	0.5871115446514538
322	Complete Hi-C clique	Precision	0.9853047775947281
322	Complete Hi-C clique	Recall	0.1302008046117139
322	Complete Hi-C clique	F1	0.23000776845392384
323	SGMCI	AUROC	0.8403450007675941
323	SGMCI	AUPRC	0.8360682181718099
323	SGMCI	Precision	0.6285118678358455
323	SGMCI	Recall	0.9792838607429597
323	SGMCI	F1	0.7656339888414968
323	Complete Hi-C clique	AUROC	0.5640785130884651
323	Complete Hi-C clique	AUPRC	0.5872787696273822
323	Complete Hi-C clique	Precision	0.9871116986120291
323	Complete Hi-C clique	Recall	0.130052769989028
323	Complete Hi-C clique	F1	0.2298258032746522
324	SGMCI	AUROC	0.8422933481157591
324	SGMCI	AUPRC	0.838386727094742
324	SGMCI	Precision	0.6297731076912741
324	SGMCI	Recall	0.9796147616642574
324	SGMCI	F1	0.7666704149330934
324	Complete Hi-C clique	AUROC	0.5639103196782048
324	Complete Hi-C clique	AUPRC	0.5870654968192739
324	Complete Hi-C clique	Precision	0.9861781628199193
324	Complete Hi-C clique	Recall	0.129852487852453
324	Complete Hi-C clique	F1	0.2294877615247886
325	SGMCI	AUROC	0.8415586978117103
325	SGMCI	AUPRC	0.8371467152053955
325	SGMCI	Precision	0.6290933679057603
325	SGMCI	Recall	0.9802939793448162
325	SGMCI	F1	0.7663741635067702
325	Complete Hi-C clique	AUROC	0.5643618190382256
325	Complete Hi-C clique	AUPRC	0.5875152796335259
325	Complete Hi-C clique	Precision	0.986655272153563
325	Complete Hi-C clique	Recall	0.13069715599366064
325	Complete Hi-C clique	F1	0.2308189158016148
326	SGMCI	AUROC	0.8408066590560199
326	SGMCI	AUPRC	0.8374737224837968
326	SGMCI	Precision	0.6290071984261826
326	SGMCI	Recall	0.9800501576133336
326	SGMCI	F1	0.7662357114165697
326	Complete Hi-C clique	AUROC	0.5647800977321996
326	Complete Hi-C clique	AUPRC	0.5878793406560304
326	Complete Hi-C clique	Precision	0.986231647634584
326	Complete Hi-C clique	Recall	0.1316114874867204
326	Complete Hi-C clique	F1	0.23223189385616494
327	SGMCI	AUROC	0.8442728916162681
327	SGMCI	AUPRC	0.8404975572291179
327	SGMCI	Precision	0.62900522858292
327	SGMCI	Recall	0.9805290931573173
327	SGMCI	F1	0.7663805835550989
327	Complete Hi-C clique	AUROC	0.5651690306494701
327	Complete Hi-C clique	AUPRC	0.5883245347902041
327	Complete Hi-C clique	Precision	0.9875748113453031
327	Complete Hi-C clique	Recall	0.13219491805848238
327	Complete Hi-C clique	F1	0.2331771753321557
328	SGMCI	AUROC	0.8439340651697514
328	SGMCI	AUPRC	0.8406233246837189
328	SGMCI	Precision	0.6290860722848473
328	SGMCI	Recall	0.9801894843170379
328	SGMCI	F1	0.7663368156612849
328	Complete Hi-C clique	AUROC	0.5640349734935575
328	Complete Hi-C clique	AUPRC	0.5872376396843337
328	Complete Hi-C clique	Precision	0.9871031746031746
328	Complete Hi-C clique	Recall	0.1299656907992128
328	Complete Hi-C clique	F1	0.22968959202203787
329	SGMCI	AUROC	0.842132716293173
329	SGMCI	AUPRC	0.8386317926057698
329	SGMCI	Precision	0.6288698413763412
329	SGMCI	Recall	0.9794144795276825
329	SGMCI	F1	0.7659394801984413
329	Complete Hi-C clique	AUROC	0.5641721822653039
329	Complete Hi-C clique	AUPRC	0.587417960508183
329	Complete Hi-C clique	Precision	0.9879661465220841
329	Complete Hi-C clique	Recall	0.13011372542189867
329	Complete Hi-C clique	F1	0.2299441375171204
330	SGMCI	AUROC	0.8423258872983833
330	SGMCI	AUPRC	0.8392934358534384
330	SGMCI	Precision	0.6288919836462581
330	SGMCI	Recall	0.9791532419582368
330	SGMCI	F1	0.7658760025201357
330	Complete Hi-C clique	AUROC	0.5648178806969547
330	Complete Hi-C clique	AUPRC	0.5880045153161104
330	Complete Hi-C clique	Precision	0.9877003598298986
330	Complete Hi-C clique	Recall	0.13146345286403455
330	Complete Hi-C clique	F1	0.23204199103924744
331	SGMCI	AUROC	0.8434240900452983
331	SGMCI	AUPRC	0.8397759993367392
331	SGMCI	Precision	0.6297838055592856
331	SGMCI	Recall	0.9801633605600933
331	SGMCI	F1	0.7668462969144928
331	Complete Hi-C clique	AUROC	0.5643635481436794
331	Complete Hi-C clique	AUPRC	0.5875636148111291
331	Complete Hi-C clique	Precision	0.9874234542700995
331	Complete Hi-C clique	Recall	0.13058395304690085
331	Complete Hi-C clique	F1	0.23066333397423575
332	SGMCI	AUROC	0.8422943394836621
332	SGMCI	AUPRC	0.8382893771415845
332	SGMCI	Precision	0.6299491362118802
332	SGMCI	Recall	0.979257736986015
332	SGMCI	F1	0.7666914376487111
332	Complete Hi-C clique	AUROC	0.5646509094700696
332	Complete Hi-C clique	AUPRC	0.5878350774543438
332	Complete Hi-C clique	Precision	0.9874778732052711
332	Complete Hi-C clique	Recall	0.1311586756996813
332	Complete Hi-C clique	F1	0.23156098423411303
333	SGMCI	AUROC	0.8427236129602738
333	SGMCI	AUPRC	0.8386622089240335
333	SGMCI	Precision	0.6301156571172534
333	SGMCI	Recall	0.9796757170971281
333	SGMCI	F1	0.7669428699004374
333	Complete Hi-C clique	AUROC	0.5640992690417616
333	Complete Hi-C clique	AUPRC	0.5872905928261221
333	Complete Hi-C clique	Precision	0.986987251469714
333	Complete Hi-C clique	Recall	0.13011372542189867
333	Complete Hi-C clique	F1	0.22991760080629647
334	SGMCI	AUROC	0.8424635124099396
334	SGMCI	AUPRC	0.8396947110988497
334	SGMCI	Precision	0.6293975257017314
334	SGMCI	Recall	0.9803897664536129
334	SGMCI	F1	0.7666291021629663
334	Complete Hi-C clique	AUROC	0.5645632052626013
334	Complete Hi-C clique	AUPRC	0.5876473468394054
334	Complete Hi-C clique	Precision	0.9857423152387181
334	Complete Hi-C clique	Recall	0.1312457548894965
334	Complete Hi-C clique	F1	0.23164883806713388
335	SGMCI	AUROC	0.8415823798262507
335	SGMCI	AUPRC	0.8366628166258936
335	SGMCI	Precision	0.6286625662683583
335	SGMCI	Recall	0.9799456625855553
335	SGMCI	F1	0.765948033827358
335	Complete Hi-C clique	AUROC	0.5643969492970128
335	Complete Hi-C clique	AUPRC	0.5875174158887062
335	Complete Hi-C clique	Precision	0.9861521296843211
335	Complete Hi-C clique	Recall	0.1308451906163465
335	Complete Hi-C clique	F1	0.2310359408033827
336	SGMCI	AUROC	0.8445843061751872
336	SGMCI	AUPRC	0.8419379018514654
336	SGMCI	Precision	0.6289713570758301
336	SGMCI	Recall	0.9805639248332434
336	SGMCI	F1	0.7663660802395617
336	Complete Hi-C clique	AUROC	0.5654694538543327
336	Complete Hi-C clique	AUPRC	0.5886083389214879
336	Complete Hi-C clique	Precision	0.9876303348228742
336	Complete Hi-C clique	Recall	0.1327957644682074
336	Complete Hi-C clique	F1	0.2341129422239962
337	SGMCI	AUROC	0.842602940997532
337	SGMCI	AUPRC	0.8390385755758724
337	SGMCI	Precision	0.6293518295988688
337	SGMCI	Recall	0.9805378010762987
337	SGMCI	F1	0.766640454525339
337	Complete Hi-C clique	AUROC	0.5652121535659423
337	Complete Hi-C clique	AUPRC	0.5882952271253832
337	Complete Hi-C clique	Precision	0.9864461738002595
337	Complete Hi-C clique	Recall	0.13245615562792803
337	Complete Hi-C clique	F1	0.23355187397319166
338	SGMCI	AUROC	0.8413858257849501
338	SGMCI	AUPRC	0.8378704153138837
338	SGMCI	Precision	0.6284929150306354
338	SGMCI	Recall	0.9798672913147216
338	SGMCI	F1	0.7657981686340296
338	Complete Hi-C clique	AUROC	0.5632530801343177
338	Complete Hi-C clique	AUPRC	0.586479585072239
338	Complete Hi-C clique	Precision	0.9866229683633202
338	Complete Hi-C clique	Recall	0.128450512896428
338	Complete Hi-C clique	F1	0.22730739893211285
339	SGMCI	AUROC	0.8418502812030357
339	SGMCI	AUPRC	0.8383034188133407
339	SGMCI	Precision	0.6294814474928515
339	SGMCI	Recall	0.9795886379073129
339	SGMCI	F1	0.7664462590317735
339	Complete Hi-C clique	AUROC	0.5643434795997484
339	Complete Hi-C clique	AUPRC	0.5874243305071979
339	Complete Hi-C clique	Precision	0.9854407135362014
339	Complete Hi-C clique	Recall	0.1308451906163465
339	Complete Hi-C clique	F1	0.23101640453238628
340	SGMCI	AUROC	0.843138244490421
340	SGMCI	AUPRC	0.839004337258435
340	SGMCI	Precision	0.6300148837833905
340	SGMCI	Recall	0.9804681377244466
340	SGMCI	F1	0.7671108749267601
340	Complete Hi-C clique	AUROC	0.5644655988047074
340	Complete Hi-C clique	AUPRC	0.587574510643481
340	Complete Hi-C clique	Precision	0.9860391951235499
340	Complete Hi-C clique	Recall	0.1310019331580139
340	Complete Hi-C clique	F1	0.23127714362581192
341	SGMCI	AUROC	0.8417464210977008
341	SGMCI	AUPRC	0.8382230020677581
341	SGMCI	Precision	0.6285717476644386
341	SGMCI	Recall	0.9801981922360194
341	SGMCI	F1	0.76595773636775
341	Complete Hi-C clique	AUROC	0.5637315989998659
341	Complete Hi-C clique	AUPRC	0.5868618308484113
341	Complete Hi-C clique	Precision	0.9855619577455461
341	Complete Hi-C clique	Recall	0.12958254236402583
341	Complete Hi-C clique	F1	0.22904946243179386
342	SGMCI	AUROC	0.8434140693183448
342	SGMCI	AUPRC	0.8401885939432575
342	SGMCI	Precision	0.6288944878018804
342	SGMCI	Recall	0.9802852714258347
342	SGMCI	F1	0.7662239102099434
342	Complete Hi-C clique	AUROC	0.5636960799145746
342	Complete Hi-C clique	AUPRC	0.5869564749729238
342	Complete Hi-C clique	Precision	0.9876839091937953
342	Complete Hi-C clique	Recall	0.12919068600985736
342	Complete Hi-C clique	F1	0.22849398193425177
343	SGMCI	AUROC	0.8423040268340045
343	SGMCI	AUPRC	0.8386385144015587
343	SGMCI	Precision	0.6294993400595065
343	SGMCI	Recall	0.9801372368031488
343	SGMCI	F1	0.7666273898148085
343	Complete Hi-C clique	AUROC	0.5642664486078643
343	Complete Hi-C clique	AUPRC	0.5874952953001505
343	Complete Hi-C clique	Precision	0.9877903907074974
343	Complete Hi-C clique	Recall	0.13033142339643672
343	Complete Hi-C clique	F1	0.2302792522501731
344	SGMCI	AUROC	0.8425966099318811
344	SGMCI	AUPRC	0.8380339003538713
344	SGMCI	Precision	0.6299557252164762
344	SGMCI	Recall	0.980041449694352
344	SGMCI	F1	0.7669364043680471
344	Complete Hi-C clique	AUROC	0.5646826996135235
344	Complete Hi-C clique	AUPRC	0.587841732163562
344	Complete Hi-C clique	Precision	0.9871014208079618
344	Complete Hi-C clique	Recall	0.1312805865654226
344	Complete Hi-C clique	F1	0.2317405907263798
345	SGMCI	AUROC	0.8426952227418475
345	SGMCI	AUPRC	0.8394533667664986
345	SGMCI	Precision	0.6296754406093814
345	SGMCI	Recall	0.9796931329350912
345	SGMCI	F1	0.7666220346085837
345	Complete Hi-C clique	AUROC	0.5648261719375008
345	Complete Hi-C clique	AUPRC	0.5879422677279795
345	Complete Hi-C clique	Precision	0.9865579119086461
345	Complete Hi-C clique	Recall	0.13165502708162805
345	Complete Hi-C clique	F1	0.23230872060416558
346	SGMCI	AUROC	0.8418766218918152
346	SGMCI	AUPRC	0.8377054994335373
346	SGMCI	Precision	0.6290420886058254
346	SGMCI	Recall	0.979606053745276
346	SGMCI	F1	0.766125819358134
346	Complete Hi-C clique	AUROC	0.5642380888233872
346	Complete Hi-C clique	AUPRC	0.587417838156326
346	Complete Hi-C clique	Precision	0.9869505041850656
346	Complete Hi-C clique	Recall	0.1304010867482889
346	Complete Hi-C clique	F1	0.2303651229511349
347	SGMCI	AUROC	0.8411481571715216
347	SGMCI	AUPRC	0.83873402959536
347	SGMCI	Precision	0.6287305296821013
347	SGMCI	Recall	0.979257736986015
347	SGMCI	F1	0.7657882192713653
347	Complete Hi-C clique	AUROC	0.5642239228571141
347	Complete Hi-C clique	AUPRC	0.5874629326545773
347	Complete Hi-C clique	Precision	0.9879112168053904
347	Complete Hi-C clique	Recall	0.13022692836865846
347	Complete Hi-C clique	F1	0.23011940665969102
348	SGMCI	AUROC	0.8415063164984984
348	SGMCI	AUPRC	0.8380254419583636
348	SGMCI	Precision	0.6283007491933053
348	SGMCI	Recall	0.9800327417753705
348	SGMCI	F1	0.7657060048169163
348	Complete Hi-C clique	AUROC	0.5646982961023894
348	Complete Hi-C clique	AUPRC	0.5878759435685043
348	Complete Hi-C clique	Precision	0.9874230315734311
348	Complete Hi-C clique	Recall	0.13126317072745955
348	Complete Hi-C clique	F1	0.23172231445612737
349	SGMCI	AUROC	0.842881227292784
349	SGMCI	AUPRC	0.8389487408624966
349	SGMCI	Precision	0.6294479557022205
349	SGMCI	Recall	0.9799804942614814
349	SGMCI	F1	0.766541338019535
349	Complete Hi-C clique	AUROC	0.5643067383310819
349	Complete Hi-C clique	AUPRC	0.5874749088811079
349	Complete Hi-C clique	Precision	0.9868360429145001
349	Complete Hi-C clique	Recall	0.1305578292899563
349	Complete Hi-C clique	F1	0.2306065476694019
350	SGMCI	AUROC	0.8421683030611968
350	SGMCI	AUPRC	0.8377752408760321
350	SGMCI	Precision	0.6288403530331806
350	SGMCI	Recall	0.9802939793448162
350	SGMCI	F1	0.7661863893445133
350	Complete Hi-C clique	AUROC	0.5644853409138463
350	Complete Hi-C clique	AUPRC	0.5875776677507911
350	Complete Hi-C clique	Precision	0.9857891290111329
350	Complete Hi-C clique	Recall	0.1310803044288476
350	Complete Hi-C clique	F1	0.23139238171365328
351	SGMCI	AUROC	0.8426205672911208
351	SGMCI	AUPRC	0.8382279426620591
351	SGMCI	Precision	0.6292952010114912
351	SGMCI	Recall	0.9795015587174977
351	SGMCI	F1	0.7662815412284048
351	Complete Hi-C clique	AUROC	0.5646885743392503
351	Complete Hi-C clique	AUPRC	0.5878589652769175
351	Complete Hi-C clique	Precision	0.9872936861409484
351	Complete Hi-C clique	Recall	0.13126317072745955
351	Complete Hi-C clique	F1	0.23171875240188772
352	SGMCI	AUROC	0.8428581753752764
352	SGMCI	AUPRC	0.8390887521705167
352	SGMCI	Precision	0.6293114537715957
352	SGMCI	Recall	0.979806335881851
352	SGMCI	F1	0.7663868408057622
352	Complete Hi-C clique	AUROC	0.5641025813051637
352	Complete Hi-C clique	AUPRC	0.5871197237673319
352	Complete Hi-C clique	Precision	0.984115523465704
352	Complete Hi-C clique	Recall	0.1305578292899563
352	Complete Hi-C clique	F1	0.23053208582872695
353	SGMCI	AUROC	0.8414735099711974
353	SGMCI	AUPRC	0.8377776648989825
353	SGMCI	Precision	0.6287299671427613
353	SGMCI	Recall	0.9797715042059248
353	SGMCI	F1	0.7659448457082173
353	Complete Hi-C clique	AUROC	0.5644850423309853
353	Complete Hi-C clique	AUPRC	0.5876083854328944
353	Complete Hi-C clique	Precision	0.9862977774863961
353	Complete Hi-C clique	Recall	0.1310019331580139
353	Complete Hi-C clique	F1	0.23128425486774642
354	SGMCI	AUROC	0.8419267298863831
354	SGMCI	AUPRC	0.8386269984519155
354	SGMCI	Precision	0.6288022813688213
354	SGMCI	Recall	0.9792490290670336
354	SGMCI	F1	0.7658387758020689
354	Complete Hi-C clique	AUROC	0.564195563072637
354	Complete Hi-C clique	AUPRC	0.5873854488151146
354	Complete Hi-C clique	Precision	0.987070387228709
354	Complete Hi-C clique	Recall	0.13029659172051064
354	Complete Hi-C clique	F1	0.23020531243028686
355	SGMCI	AUROC	0.8434384774725194
355	SGMCI	AUPRC	0.8400801037040526
355	SGMCI	Precision	0.6291325201524993
355	SGMCI	Recall	0.9800153259374075
355	SGMCI	F1	0.7663180400648227
355	Complete Hi-C clique	AUROC	0.5646990113636858
355	Complete Hi-C clique	AUPRC	0.5879156565832067
355	Complete Hi-C clique	Precision	0.9880616595605116
355	Complete Hi-C clique	Recall	0.13116738361866281
355	Complete Hi-C clique	F1	0.23159059984778946
356	SGMCI	AUROC	0.8424260576577594
356	SGMCI	AUPRC	0.83915320831505
356	SGMCI	Precision	0.628567755206994
356	SGMCI	Recall	0.9791793657151814
356	SGMCI	F1	0.7656435117726362
356	Complete Hi-C clique	AUROC	0.5637930613548153
356	Complete Hi-C clique	AUPRC	0.5869237540696562
356	Complete Hi-C clique	Precision	0.9856396002911786
356	Complete Hi-C clique	Recall	0.12969574531078562
356	Complete Hi-C clique	F1	0.22922838959899652
357	SGMCI	AUROC	0.8426647062104868
357	SGMCI	AUPRC	0.839070393288855
357	SGMCI	Precision	0.629118405378046
357	SGMCI	Recall	0.9795276824744422
357	SGMCI	F1	0.766158446255436
357	Complete Hi-C clique	AUROC	0.5647964997260052
357	Complete Hi-C clique	AUPRC	0.5878870798656134
357	Complete Hi-C clique	Precision	0.9861083936607318
357	Complete Hi-C clique	Recall	0.13166373500060954
357	Complete Hi-C clique	F1	0.23230980786811192
358	SGMCI	AUROC	0.8419571122797956
358	SGMCI	AUPRC	0.8378743995085155
358	SGMCI	Precision	0.6297286862910761
358	SGMCI	Recall	0.9800501576133336
358	SGMCI	F1	0.7667707903979071
358	Complete Hi-C clique	AUROC	0.5638436978588252
358	Complete Hi-C clique	AUPRC	0.5870258470597651
358	Complete Hi-C clique	Precision	0.9865500563174981
358	Complete Hi-C clique	Recall	0.12966091363485954
358	Complete Hi-C clique	F1	0.22919857462807183
359	SGMCI	AUROC	0.8419310340679543
359	SGMCI	AUPRC	0.838406996527906
359	SGMCI	Precision	0.6297594713409683
359	SGMCI	Recall	0.9792316132290705
359	SGMCI	F1	0.766542946050313
359	Complete Hi-C clique	AUROC	0.5636921147815882
359	Complete Hi-C clique	AUPRC	0.5868555034257532
359	Complete Hi-C clique	Precision	0.986067803356996
359	Complete Hi-C clique	Recall	0.12942579982235844
359	Complete Hi-C clique	F1	0.22881819091531896
360	SGMCI	AUROC	0.8420741784756538
360	SGMCI	AUPRC	0.837447283186835
360	SGMCI	Precision	0.6295964777819425
360	SGMCI	Recall	0.9799979100994445
360	SGMCI	F1	0.7666567889123911
360	Complete Hi-C clique	AUROC	0.5639955795189229
360	Complete Hi-C clique	AUPRC	0.5871654351449263
360	Complete Hi-C clique	Precision	0.9865168539325843
360	Complete Hi-C clique	Recall	0.12997439871819433
360	Complete Hi-C clique	F1	0.22968730764495876
361	SGMCI	AUROC	0.8434374618505791
361	SGMCI	AUPRC	0.8399077016688049
361	SGMCI	Precision	0.6299862833468634
361	SGMCI	Recall	0.9798585833957401
361	SGMCI	F1	0.7669030475067558
361	Complete Hi-C clique	AUROC	0.5643971576362303
361	Complete Hi-C clique	AUPRC	0.5875525475981073
361	Complete Hi-C clique	Precision	0.9867262452359048
361	Complete Hi-C clique	Recall	0.1307581114265313
361	Complete Hi-C clique	F1	0.23091591314510673
362	SGMCI	AUROC	0.8409116358629484
362	SGMCI	AUPRC	0.8378853263926814
362	SGMCI	Precision	0.6286661708540465
362	SGMCI	Recall	0.9789877914975879
362	SGMCI	F1	0.7656579346134593
362	Complete Hi-C clique	AUROC	0.5645346649908376
362	Complete Hi-C clique	AUPRC	0.5877018905130392
362	Complete Hi-C clique	Precision	0.9870726425618479
362	Complete Hi-C clique	Recall	0.13098451732005084
362	Complete Hi-C clique	F1	0.231278396641989
363	SGMCI	AUROC	0.8425602594791424
363	SGMCI	AUPRC	0.8390463321040341
363	SGMCI	Precision	0.6293845172695436
363	SGMCI	Recall	0.9796844250161096
363	SGMCI	F1	0.7664037167225265
363	Complete Hi-C clique	AUROC	0.5647277321227361
363	Complete Hi-C clique	AUPRC	0.5877294095562762
363	Complete Hi-C clique	Precision	0.9845783446121812
363	Complete Hi-C clique	Recall	0.1317595221094063
363	Complete Hi-C clique	F1	0.2324163249005422
364	SGMCI	AUROC	0.8408858638107092
364	SGMCI	AUPRC	0.8373595343801006
364	SGMCI	Precision	0.6290326189091234
364	SGMCI	Recall	0.9793448161758302
364	SGMCI	F1	0.7660388924837379
364	Complete Hi-C clique	AUROC	0.5632523648730213
364	Complete Hi-C clique	AUPRC	0.5864401166800324
364	Complete Hi-C clique	Precision	0.985973817793214
364	Complete Hi-C clique	Recall	0.12854630000522474
364	Complete Hi-C clique	F1	0.2274401047685078
365	SGMCI	AUROC	0.8412862710040467
365	SGMCI	AUPRC	0.8383273656195996
365	SGMCI	Precision	0.628517142138646
365	SGMCI	Recall	0.9793796478517564
365	SGMCI	F1	0.7656671761129814
365	Complete Hi-C clique	AUROC	0.5645457894246382
365	Complete Hi-C clique	AUPRC	0.5876308961550193
365	Complete Hi-C clique	Precision	0.9857385843255266
365	Complete Hi-C clique	Recall	0.13121092321357042
365	Complete Hi-C clique	F1	0.2315944791122314
366	SGMCI	AUROC	0.841542507628032
366	SGMCI	AUPRC	0.8378429859469911
366	SGMCI	Precision	0.6283063241217118
366	SGMCI	Recall	0.979423187446664
366	SGMCI	F1	0.7655240240802312
366	Complete Hi-C clique	AUROC	0.5644204203479892
366	Complete Hi-C clique	AUPRC	0.5874199183855757
366	Complete Hi-C clique	Precision	0.9841912725372355
366	Complete Hi-C clique	Recall	0.13119350737560737
366	Complete Hi-C clique	F1	0.23152459545433587
367	SGMCI	AUROC	0.8442421819838282
367	SGMCI	AUPRC	0.8413813694164485
367	SGMCI	Precision	0.6294952363912868
367	SGMCI	Recall	0.9804158902105575
367	SGMCI	F1	0.7667095684624131
367	Complete Hi-C clique	AUROC	0.564498520887893
367	Complete Hi-C clique	AUPRC	0.5876911198942584
367	Complete Hi-C clique	Precision	0.9874490734656328
367	Complete Hi-C clique	Recall	0.13085389853532803
367	Complete Hi-C clique	F1	0.23108507104631848
368	SGMCI	AUROC	0.8427058139254522
368	SGMCI	AUPRC	0.8394547901134244
368	SGMCI	Precision	0.6301588367641626
368	SGMCI	Recall	0.9804507218864835
368	SGMCI	F1	0.7672122434517158
368	Complete Hi-C clique	AUROC	0.5642311100098595
368	Complete Hi-C clique	AUPRC	0.5874580073807403
368	Complete Hi-C clique	Precision	0.9877195299088868
368	Complete Hi-C clique	Recall	0.13027046796356606
368	Complete Hi-C clique	F1	0.23018217626784837
369	SGMCI	AUROC	0.8434496714514916
369	SGMCI	AUPRC	0.8397920801188623
369	SGMCI	Precision	0.6299641817774793
369	SGMCI	Recall	0.9801807763980563
369	SGMCI	F1	0.7669853296901722
369	Complete Hi-C clique	AUROC	0.5642204646462063
369	Complete Hi-C clique	AUPRC	0.587366221146543
369	Complete Hi-C clique	Precision	0.986370819067685
369	Complete Hi-C clique	Recall	0.13045333426217803
369	Complete Hi-C clique	F1	0.2304308369095412
370	SGMCI	AUROC	0.841359363529687
370	SGMCI	AUPRC	0.8370645423751952
370	SGMCI	Precision	0.6290555356663385
370	SGMCI	Recall	0.9792490290670336
370	SGMCI	F1	0.7660265798382868
370	Complete Hi-C clique	AUROC	0.5650388006912517
370	Complete Hi-C clique	AUPRC	0.588104332372881
370	Complete Hi-C clique	Precision	0.9859694706073401
370	Complete Hi-C clique	Recall	0.13217750222051933
370	Complete Hi-C clique	F1	0.2331052805356553
371	SGMCI	AUROC	0.8417552604033001
371	SGMCI	AUPRC	0.8381213976547973
371	SGMCI	Precision	0.6284600215631616
371	SGMCI	Recall	0.9796408854212021
371	SGMCI	F1	0.7657046013741845
371	Complete Hi-C clique	AUROC	0.5644417110752955
371	Complete Hi-C clique	AUPRC	0.5876024098908672
371	Complete Hi-C clique	Precision	0.9868628481345244
371	Complete Hi-C clique	Recall	0.13082777477838345
371	Complete Hi-C clique	F1	0.23102827882087007
372	SGMCI	AUROC	0.8417360654703228
372	SGMCI	AUPRC	0.8385130154458234
372	SGMCI	Precision	0.6290909090909091
372	SGMCI	Recall	0.9792054894721259
372	SGMCI	F1	0.7660394839026118
372	Complete Hi-C clique	AUROC	0.5645164157960036
372	Complete Hi-C clique	AUPRC	0.5875452250825959
372	Complete Hi-C clique	Precision	0.9847821827444321
372	Complete Hi-C clique	Recall	0.13129800240338563
372	Complete Hi-C clique	F1	0.2317036627250305
373	SGMCI	AUROC	0.8410967819140851
373	SGMCI	AUPRC	0.8369797424204799
373	SGMCI	Precision	0.6277089826435545
373	SGMCI	Recall	0.9803723506156499
373	SGMCI	F1	0.7653699077142712
373	Complete Hi-C clique	AUROC	0.5639030422818163
373	Complete Hi-C clique	AUPRC	0.5871363846068157
373	Complete Hi-C clique	Precision	0.9874643496716854
373	Complete Hi-C clique	Recall	0.1296434977968965
373	Complete Hi-C clique	F1	0.22919601277758536
374	SGMCI	AUROC	0.8420294070888781
374	SGMCI	AUPRC	0.83826013308034
374	SGMCI	Precision	0.628996448843777
374	SGMCI	Recall	0.9794144795276825
374	SGMCI	F1	0.7660333795329862
374	Complete Hi-C clique	AUROC	0.563507429133879
374	Complete Hi-C clique	AUPRC	0.5867004367265668
374	Complete Hi-C clique	Precision	0.9863515312916112
374	Complete Hi-C clique	Recall	0.12900781971124542
374	Complete Hi-C clique	F1	0.22817231129387486
375	SGMCI	AUROC	0.8413719668248425
375	SGMCI	AUPRC	0.8382459523311088
375	SGMCI	Precision	0.6284259197212356
375	SGMCI	Recall	0.9799543705045368
375	SGMCI	F1	0.765775022625666
375	Complete Hi-C clique	AUROC	0.5641431072195301
375	Complete Hi-C clique	AUPRC	0.5873009106683656
375	Complete Hi-C clique	Precision	0.9864829223262561
375	Complete Hi-C clique	Recall	0.1302791758825476
375	Complete Hi-C clique	F1	0.23016214885695824
376	SGMCI	AUROC	0.8428036530612575
376	SGMCI	AUPRC	0.8395627609496822
376	SGMCI	Precision	0.6295562865006377
376	SGMCI	Recall	0.9800066180184259
376	SGMCI	F1	0.7666296551113412
376	Complete Hi-C clique	AUROC	0.5645818432839396
376	Complete Hi-C clique	AUPRC	0.5877075862834676
376	Complete Hi-C clique	Precision	0.9864448955536638
376	Complete Hi-C clique	Recall	0.13117609153764434
376	Complete Hi-C clique	F1	0.23155969225802983
377	SGMCI	AUROC	0.8417977310004539
377	SGMCI	AUPRC	0.8377590708994067
377	SGMCI	Precision	0.6296414494311565
377	SGMCI	Recall	0.9792838607429597
377	SGMCI	F1	0.76647151435017
377	Complete Hi-C clique	AUROC	0.5641064561945069
377	Complete Hi-C clique	AUPRC	0.5872857141865151
377	Complete Hi-C clique	Precision	0.9867960652274378
377	Complete Hi-C clique	Recall	0.13015726501680627
377	Complete Hi-C clique	F1	0.22998038235180981
378	SGMCI	AUROC	0.8433016971887661
378	SGMCI	AUPRC	0.8399681371974803
378	SGMCI	Precision	0.6294642357497006
378	SGMCI	Recall	0.9795015587174977
378	SGMCI	F1	0.7664068461790036
378	Complete Hi-C clique	AUROC	0.5643124047175911
378	Complete Hi-C clique	AUPRC	0.5874569507107154
378	Complete Hi-C clique	Precision	0.9864536068915631
378	Complete Hi-C clique	Recall	0.13062749264180845
378	Complete Hi-C clique	F1	0.23070475604598412
379	SGMCI	AUROC	0.8424102236232434
379	SGMCI	AUPRC	0.8391267313625369
379	SGMCI	Precision	0.6281443511957608
379	SGMCI	Recall	0.9795973458262944
379	SGMCI	F1	0.7654569640967717
379	Complete Hi-C clique	AUROC	0.5644174969110913
379	Complete Hi-C clique	AUPRC	0.5874942446720539
379	Complete Hi-C clique	Precision	0.9854569276121847
379	Complete Hi-C clique	Recall	0.13099322523903237
379	Complete Hi-C clique	F1	0.23124755001806258
380	SGMCI	AUROC	0.8419480067723802
380	SGMCI	AUPRC	0.8376133942002743
380	SGMCI	Precision	0.6302472041058742
380	SGMCI	Recall	0.9795015587174977
380	SGMCI	F1	0.7669869150466736
380	Complete Hi-C clique	AUROC	0.5647681677934593
380	Complete Hi-C clique	AUPRC	0.5879770801017551
380	Complete Hi-C clique	Precision	0.9880102207953876
380	Complete Hi-C clique	Recall	0.13131541824134868
380	Complete Hi-C clique	F1	0.23181989377483647
381	SGMCI	AUROC	0.8417953688773241
381	SGMCI	AUPRC	0.8378751299109584
381	SGMCI	Precision	0.6286239475257427
381	SGMCI	Recall	0.9797540883679619
381	SGMCI	F1	0.7658608472505369
381	Complete Hi-C clique	AUROC	0.5635281850871754
381	Complete Hi-C clique	AUPRC	0.5867122848223068
381	Complete Hi-C clique	Precision	0.9862266285181982
381	Complete Hi-C clique	Recall	0.12906877514411605
381	Complete Hi-C clique	F1	0.22826430116965818
382	SGMCI	AUROC	0.8403994407533362
382	SGMCI	AUPRC	0.8364225049220122
382	SGMCI	Precision	0.6286541697648026
382	SGMCI	Recall	0.9791880736341629
382	SGMCI	F1	0.7657102778600587
382	Complete Hi-C clique	AUROC	0.5638387467336122
382	Complete Hi-C clique	AUPRC	0.5870834460921748
382	Complete Hi-C clique	Precision	0.9875813521051933
382	Complete Hi-C clique	Recall	0.12949546317421062
382	Complete Hi-C clique	F1	0.2289677896163084
383	SGMCI	AUROC	0.8425620211349536
383	SGMCI	AUPRC	0.8391258364892775
383	SGMCI	Precision	0.6295801121043623
383	SGMCI	Recall	0.9800327417753705
383	SGMCI	F1	0.7666553133514987
383	Complete Hi-C clique	AUROC	0.5654388580423229
383	Complete Hi-C clique	AUPRC	0.5884783508092053
383	Complete Hi-C clique	Precision	0.985990057460133
383	Complete Hi-C clique	Recall	0.13298733868580087
383	Complete Hi-C clique	F1	0.23436432972446233
384	SGMCI	AUROC	0.8418366007407911
384	SGMCI	AUPRC	0.8379186838244755
384	SGMCI	Precision	0.6298295518175914
384	SGMCI	Recall	0.9794667270415716
384	SGMCI	F1	0.7666668938676191
384	Complete Hi-C clique	AUROC	0.5649088971678252
384	Complete Hi-C clique	AUPRC	0.5880204122624639
384	Complete Hi-C clique	Precision	0.9865745568300313
384	Complete Hi-C clique	Recall	0.13182047754227694
384	Complete Hi-C clique	F1	0.2325667142922985
385	SGMCI	AUROC	0.8424341999455004
385	SGMCI	AUPRC	0.8389688722041182
385	SGMCI	Precision	0.6297061177431902
385	SGMCI	Recall	0.9797627962869433
385	SGMCI	F1	0.766666098836516
385	Complete Hi-C clique	AUROC	0.5640854919019929
385	Complete Hi-C clique	AUPRC	0.5872387236994123
385	Complete Hi-C clique	Precision	0.9863429438543247
385	Complete Hi-C clique	Recall	0.13018338877375085
385	Complete Hi-C clique	F1	0.2300088464940959
386	SGMCI	AUROC	0.8426435950392475
386	SGMCI	AUPRC	0.8388290492566561
386	SGMCI	Precision	0.6294318499860062
386	SGMCI	Recall	0.9791880736341629
386	SGMCI	F1	0.7662868669247125
386	Complete Hi-C clique	AUROC	0.5658962321280705
386	Complete Hi-C clique	AUPRC	0.5889453093238532
386	Complete Hi-C clique	Precision	0.986645264847512
386	Complete Hi-C clique	Recall	0.13381459098904544
386	Complete Hi-C clique	F1	0.2356666896705083
387	SGMCI	AUROC	0.8412791774811976
387	SGMCI	AUPRC	0.8370424779195743
387	SGMCI	Precision	0.6284701482122421
387	SGMCI	Recall	0.9803462268587053
387	SGMCI	F1	0.7659274831362063
387	Complete Hi-C clique	AUROC	0.5639760457490017
387	Complete Hi-C clique	AUPRC	0.5871975528028388
387	Complete Hi-C clique	Precision	0.9873493177904358
387	Complete Hi-C clique	Recall	0.1298089482575454
387	Complete Hi-C clique	F1	0.22945142223864054
388	SGMCI	AUROC	0.8422896755973626
388	SGMCI	AUPRC	0.8379113468026248
388	SGMCI	Precision	0.6303860843852556
388	SGMCI	Recall	0.9801894843170379
388	SGMCI	F1	0.7673006134969325
388	Complete Hi-C clique	AUROC	0.5639082017462467
388	Complete Hi-C clique	AUPRC	0.5871139921609829
388	Complete Hi-C clique	Precision	0.9870138474789638
388	Complete Hi-C clique	Recall	0.1297218690677302
388	Complete Hi-C clique	F1	0.22930632412588223
389	SGMCI	AUROC	0.8425354665619671
389	SGMCI	AUPRC	0.8386781221914497
389	SGMCI	Precision	0.6295204314550419
389	SGMCI	Recall	0.9798411675577771
389	SGMCI	F1	0.7665524453134048
389	Complete Hi-C clique	AUROC	0.5639472692860891
389	Complete Hi-C clique	AUPRC	0.587050085290857
389	Complete Hi-C clique	Precision	0.9853533021046381
389	Complete Hi-C clique	Recall	0.130052769989028
389	Complete Hi-C clique	F1	0.22977806838724568
390	SGMCI	AUROC	0.8426481724491102
390	SGMCI	AUPRC	0.8385008844072434
390	SGMCI	Precision	0.6299141183979218
390	SGMCI	Recall	0.9797627962869433
390	SGMCI	F1	0.7668202388092252
390	Complete Hi-C clique	AUROC	0.5652282569768871
390	Complete Hi-C clique	AUPRC	0.5883337489268893
390	Complete Hi-C clique	Precision	0.9868275906819804
390	Complete Hi-C clique	Recall	0.13243003187098348
390	Complete Hi-C clique	F1	0.23352194642569235
391	SGMCI	AUROC	0.8425508290607485
391	SGMCI	AUPRC	0.8388083973285789
391	SGMCI	Precision	0.6290514596153524
391	SGMCI	Recall	0.9800588655323151
391	SGMCI	F1	0.7662712124048953
391	Complete Hi-C clique	AUROC	0.5641277190698819
391	Complete Hi-C clique	AUPRC	0.5873019127215443
391	Complete Hi-C clique	Precision	0.9867361752672562
391	Complete Hi-C clique	Recall	0.1302095125306954
391	Complete Hi-C clique	F1	0.2300603114037787
392	SGMCI	AUROC	0.8408567448706306
392	SGMCI	AUPRC	0.8363322035929115
392	SGMCI	Precision	0.6285016841599589
392	SGMCI	Recall	0.9797715042059248
392	SGMCI	F1	0.7657754229069043
392	Complete Hi-C clique	AUROC	0.5638886401243943
392	Complete Hi-C clique	AUPRC	0.5869792628529427
392	Complete Hi-C clique	Precision	0.9850844772967265
392	Complete Hi-C clique	Recall	0.12997439871819433
392	Complete Hi-C clique	F1	0.22964843449496117
393	SGMCI	AUROC	0.8432474935634856
393	SGMCI	AUPRC	0.8391744700067176
393	SGMCI	Precision	0.6295249185430686
393	SGMCI	Recall	0.9791793657151814
393	SGMCI	F1	0.766353165678457
393	Complete Hi-C clique	AUROC	0.5636525124677358
393	Complete Hi-C clique	AUPRC	0.5867485167892015
393	Complete Hi-C clique	Precision	0.9849026618990863
393	Complete Hi-C clique	Recall	0.1295215869311552
393	Complete Hi-C clique	F1	0.22893643219947674
394	SGMCI	AUROC	0.8419373386785035
394	SGMCI	AUPRC	0.8382448050408616
394	SGMCI	Precision	0.628717822639675
394	SGMCI	Recall	0.979823751719814
394	SGMCI	F1	0.7659517982893532
394	Complete Hi-C clique	AUROC	0.5636650674241294
394	Complete Hi-C clique	AUPRC	0.5867565201386049
394	Complete Hi-C clique	Precision	0.9848414642218839
394	Complete Hi-C clique	Recall	0.12955641860708128
394	Complete Hi-C clique	F1	0.2289891877332718
395	SGMCI	AUROC	0.8430809332160776
395	SGMCI	AUPRC	0.8393323748888886
395	SGMCI	Precision	0.6300920430878104
395	SGMCI	Recall	0.9800066180184259
395	SGMCI	F1	0.7670267507241438
395	Complete Hi-C clique	AUROC	0.563802991457172
395	Complete Hi-C clique	AUPRC	0.5869757494386743
395	Complete Hi-C clique	Precision	0.9863485752153744
395	Complete Hi-C clique	Recall	0.1296086661209704
395	Complete Hi-C clique	F1	0.22911150791207438
396	SGMCI	AUROC	0.8413742106830853
396	SGMCI	AUPRC	0.8368269535846424
396	SGMCI	Precision	0.6287626352983272
396	SGMCI	Recall	0.9793186924188857
396	SGMCI	F1	0.765830671905537
396	Complete Hi-C clique	AUROC	0.5634662158101472
396	Complete Hi-C clique	AUPRC	0.5866459946023503
396	Complete Hi-C clique	Precision	0.9860842932285772
396	Complete Hi-C clique	Recall	0.1289642801163378
396	Complete Hi-C clique	F1	0.22809706061282792
397	SGMCI	AUROC	0.8426188797942512
397	SGMCI	AUPRC	0.8393261436950945
397	SGMCI	Precision	0.6299034019319614
397	SGMCI	Recall	0.9795102666364792
397	SGMCI	F1	0.7667349435778238
397	Complete Hi-C clique	AUROC	0.5649739079773257
397	Complete Hi-C clique	AUPRC	0.5881129309630939
397	Complete Hi-C clique	Precision	0.9870942510754791
397	Complete Hi-C clique	Recall	0.13187272505616607
397	Complete Hi-C clique	F1	0.23266246735289597
398	SGMCI	AUROC	0.8421706792796051
398	SGMCI	AUPRC	0.8385857562402693
398	SGMCI	Precision	0.6292661638654522
398	SGMCI	Recall	0.9793796478517564
398	SGMCI	F1	0.7662227066798378
398	Complete Hi-C clique	AUROC	0.5645140895248277
398	Complete Hi-C clique	AUPRC	0.5875584510674247
398	Complete Hi-C clique	Precision	0.9850346359952947
398	Complete Hi-C clique	Recall	0.13125446280847802
398	Complete Hi-C clique	F1	0.2316428461656677
399	SGMCI	AUROC	0.8436052914926074
399	SGMCI	AUPRC	0.8393614288050242
399	SGMCI	Precision	0.6302355287631939
399	SGMCI	Recall	0.9795712220693499
399	SGMCI	F1	0.7669996249957386
399	Complete Hi-C clique	AUROC	0.5645390189503284
399	Complete Hi-C clique	AUPRC	0.5877060034996164
399	Complete Hi-C clique	Precision	0.9870734908136483
399	Complete Hi-C clique	Recall	0.13099322523903237
399	Complete Hi-C clique	F1	0.23129199403434858
400	SGMCI	AUROC	0.8427513996214255
400	SGMCI	AUPRC	0.8391581926731847
400	SGMCI	Precision	0.6285246853607602
400	SGMCI	Recall	0.980206900155001
400	SGMCI	F1	0.7659254521453942
400	Complete Hi-C clique	AUROC	0.5650358772543539
400	Complete Hi-C clique	AUPRC	0.588179258640188
400	Complete Hi-C clique	Precision	0.9872329338196978
400	Complete Hi-C clique	Recall	0.13197722008394433
400	Complete Hi-C clique	F1	0.23282894231507797
401	SGMCI	AUROC	0.8429295274515152
401	SGMCI	AUPRC	0.8394253620070053
401	SGMCI	Precision	0.6301067806854559
401	SGMCI	Recall	0.980424598129539
401	SGMCI	F1	0.7671656639025354
401	Complete Hi-C clique	AUROC	0.5651157692914236
401	Complete Hi-C clique	AUPRC	0.5882664205782414
401	Complete Hi-C clique	Precision	0.9874381671439729
401	Complete Hi-C clique	Recall	0.13210783886866717
401	Complete Hi-C clique	F1	0.233037894963211
402	SGMCI	AUROC	0.8425716730142957
402	SGMCI	AUPRC	0.8386068821872059
402	SGMCI	Precision	0.6290410958904109
402	SGMCI	Recall	0.9796757170971281
402	SGMCI	F1	0.7661463866416061
402	Complete Hi-C clique	AUROC	0.5643313413217902
402	Complete Hi-C clique	AUPRC	0.5874864894015395
402	Complete Hi-C clique	Precision	0.9866491285761263
402	Complete Hi-C clique	Recall	0.13063620056078998
402	Complete Hi-C clique	F1	0.23072368370462076
403	SGMCI	AUROC	0.8422001988980734
403	SGMCI	AUPRC	0.8386145059353458
403	SGMCI	Precision	0.6293540542806831
403	SGMCI	Recall	0.9803549347776869
403	SGMCI	F1	0.7665862053703659
403	Complete Hi-C clique	AUROC	0.5640968525269423
403	Complete Hi-C clique	AUPRC	0.5873702601184686
403	Complete Hi-C clique	Precision	0.988339737644097
403	Complete Hi-C clique	Recall	0.12990473536634214
403	Complete Hi-C clique	F1	0.22962780531354865
404	SGMCI	AUROC	0.8421006643923601
404	SGMCI	AUPRC	0.8388170605183509
404	SGMCI	Precision	0.6306179696642236
404	SGMCI	Recall	0.9807642069698184
404	SGMCI	F1	0.7676484720844877
404	Complete Hi-C clique	AUROC	0.5649575962271635
404	Complete Hi-C clique	AUPRC	0.588039252183149
404	Complete Hi-C clique	Precision	0.9861418347430059
404	Complete Hi-C clique	Recall	0.13198592800292586
404	Complete Hi-C clique	F1	0.23281211599901697
405	SGMCI	AUROC	0.8426148758463392
405	SGMCI	AUPRC	0.8390226339163391
405	SGMCI	Precision	0.6288193261113687
405	SGMCI	Recall	0.9801024051272227
405	SGMCI	F1	0.7661122625744905
405	Complete Hi-C clique	AUROC	0.5645170408136568
405	Complete Hi-C clique	AUPRC	0.5876502545995269
405	Complete Hi-C clique	Precision	0.986495345483152
405	Complete Hi-C clique	Recall	0.13103676483393997
405	Complete Hi-C clique	F1	0.23134397195830644
406	SGMCI	AUROC	0.8430807616600335
406	SGMCI	AUPRC	0.8388054841589219
406	SGMCI	Precision	0.6296211354190556
406	SGMCI	Recall	0.9801459447221303
406	SGMCI	F1	0.7667203662013086
406	Complete Hi-C clique	AUROC	0.5646594090498336
406	Complete Hi-C clique	AUPRC	0.5878080570801064
406	Complete Hi-C clique	Precision	0.9869058530836716
406	Complete Hi-C clique	Recall	0.13126317072745955
406	Complete Hi-C clique	F1	0.23170806689621248
407	SGMCI	AUROC	0.8423598471411384
407	SGMCI	AUPRC	0.8386605658224743
407	SGMCI	Precision	0.6285527623599835
407	SGMCI	Recall	0.980206900155001
407	SGMCI	F1	0.7659462990432901
407	Complete Hi-C clique	AUROC	0.5640657497928538
407	Complete Hi-C clique	AUPRC	0.5872356035191736
407	Complete Hi-C clique	Precision	0.9865953512942419
407	Complete Hi-C clique	Recall	0.13010501750291714
407	Complete Hi-C clique	F1	0.22989336985121017
408	SGMCI	AUROC	0.8417307967145755
408	SGMCI	AUPRC	0.8372869413281282
408	SGMCI	Precision	0.6288216685111283
408	SGMCI	Recall	0.9796844250161096
408	SGMCI	F1	0.7659862741360058
408	Complete Hi-C clique	AUROC	0.5638937093451816
408	Complete Hi-C clique	AUPRC	0.587022692872063
408	Complete Hi-C clique	Precision	0.985725614591594
408	Complete Hi-C clique	Recall	0.12988731952837912
408	Complete Hi-C clique	F1	0.2295298915134262
409	SGMCI	AUROC	0.842217212152879
409	SGMCI	AUPRC	0.838926714108064
409	SGMCI	Precision	0.6289103553140583
409	SGMCI	Recall	0.9796583012591651
409	SGMCI	F1	0.7660440824997786
409	Complete Hi-C clique	AUROC	0.56413985734784
409	Complete Hi-C clique	AUPRC	0.5872397266205793
409	Complete Hi-C clique	Precision	0.9855234585773508
409	Complete Hi-C clique	Recall	0.13041850258625193
409	Complete Hi-C clique	F1	0.23035336640135345
410	SGMCI	AUROC	0.8422738705999664
410	SGMCI	AUPRC	0.8383642198991843
410	SGMCI	Precision	0.6287303317403091
410	SGMCI	Recall	0.9794928507985162
410	SGMCI	F1	0.7658599524073765
410	Complete Hi-C clique	AUROC	0.5647739244236117
410	Complete Hi-C clique	AUPRC	0.5878929133233235
410	Complete Hi-C clique	Precision	0.9865473780447985
410	Complete Hi-C clique	Recall	0.13155053205384978
410	Complete Hi-C clique	F1	0.23214573841153738
411	SGMCI	AUROC	0.8434903407736741
411	SGMCI	AUPRC	0.8401995654617603
411	SGMCI	Precision	0.6290683243702553
411	SGMCI	Recall	0.9798934150716662
411	SGMCI	F1	0.7662331472150348
411	Complete Hi-C clique	AUROC	0.564905557052492
411	Complete Hi-C clique	AUPRC	0.588025027113188
411	Complete Hi-C clique	Precision	0.9867005671816937
411	Complete Hi-C clique	Recall	0.13179435378533239
411	Complete Hi-C clique	F1	0.23252955591233476
412	SGMCI	AUROC	0.8440750629046702
412	SGMCI	AUPRC	0.8398376935061307
412	SGMCI	Precision	0.6299442452983184
412	SGMCI	Recall	0.9809122415925042
412	SGMCI	F1	0.7671943798377018
412	Complete Hi-C clique	AUROC	0.5639609561822145
412	Complete Hi-C clique	AUPRC	0.58716771882514
412	Complete Hi-C clique	Precision	0.9870886578825399
412	Complete Hi-C clique	Recall	0.12981765617652694
412	Complete Hi-C clique	F1	0.22945798477770682
413	SGMCI	AUROC	0.8420832918561075
413	SGMCI	AUPRC	0.8390082907703602
413	SGMCI	Precision	0.6284452582862056
413	SGMCI	Recall	0.980241731830927
413	SGMCI	F1	0.7658771061467338
413	Complete Hi-C clique	AUROC	0.5653107738679937
413	Complete Hi-C clique	AUPRC	0.5883767444462766
413	Complete Hi-C clique	Precision	0.9862774289598032
413	Complete Hi-C clique	Recall	0.1326825615214476
413	Complete Hi-C clique	F1	0.23389900757558316
414	SGMCI	AUROC	0.8420632027830176
414	SGMCI	AUPRC	0.8392102982162157
414	SGMCI	Precision	0.6291818130977015
414	SGMCI	Recall	0.9796757170971281
414	SGMCI	F1	0.7662507491963166
414	Complete Hi-C clique	AUROC	0.5643101686900585
414	Complete Hi-C clique	AUPRC	0.5874044650296766
414	Complete Hi-C clique	Precision	0.9856242615202836
414	Complete Hi-C clique	Recall	0.13074940350754977
414	Complete Hi-C clique	F1	0.2308721323574636
415	SGMCI	AUROC	0.8425437229241068
415	SGMCI	AUPRC	0.8387920467752978
415	SGMCI	Precision	0.6295121050334106
415	SGMCI	Recall	0.9795102666364792
415	SGMCI	F1	0.7664449925730094
415	Complete Hi-C clique	AUROC	0.5649367500302238
415	Complete Hi-C clique	AUPRC	0.5880934086168381
415	Complete Hi-C clique	Precision	0.9873409461663948
415	Complete Hi-C clique	Recall	0.1317595221094063
415	Complete Hi-C clique	F1	0.23249310479936697
416	SGMCI	AUROC	0.8409459171881005
416	SGMCI	AUPRC	0.8368798152165877
416	SGMCI	Precision	0.6286389857794473
416	SGMCI	Recall	0.9793012765809227
416	SGMCI	F1	0.76573362293776
416	Complete Hi-C clique	AUROC	0.5641649672606271
416	Complete Hi-C clique	AUPRC	0.5872557142802796
416	Complete Hi-C clique	Precision	0.9854014598540146
416	Complete Hi-C clique	Recall	0.1304881659381041
416	Complete Hi-C clique	F1	0.23045868737744626
417	SGMCI	AUROC	0.8436213959617563
417	SGMCI	AUPRC	0.8404815887031735
417	SGMCI	Precision	0.6293568946511406
417	SGMCI	Recall	0.9794057716087009
417	SGMCI	F1	0.7662979604767858
417	Complete Hi-C clique	AUROC	0.5651617254011504
417	Complete Hi-C clique	AUPRC	0.5882281969315254
417	Complete Hi-C clique	Precision	0.9861210195213698
417	Complete Hi-C clique	Recall	0.1324039081140389
417	Complete Hi-C clique	F1	0.23346154141428094
418	SGMCI	AUROC	0.8403554469349128
418	SGMCI	AUPRC	0.8369402926294843
418	SGMCI	Precision	0.628340035746202
418	SGMCI	Recall	0.979623469583239
418	SGMCI	F1	0.7656102192066097
418	Complete Hi-C clique	AUROC	0.563919208084473
418	Complete Hi-C clique	AUPRC	0.5869426897981065
418	Complete Hi-C clique	Precision	0.9840078973346496
418	Complete Hi-C clique	Recall	0.1302008046117139
418	Complete Hi-C clique	F1	0.22997239162366478
419	SGMCI	AUROC	0.842266411869728
419	SGMCI	AUPRC	0.8391748325652106
419	SGMCI	Precision	0.6284836637810668
419	SGMCI	Recall	0.9799021229906477
419	SGMCI	F1	0.76580193815331
419	Complete Hi-C clique	AUROC	0.5642749481876281
419	Complete Hi-C clique	AUPRC	0.5874682277100521
419	Complete Hi-C clique	Precision	0.9872141303631451
419	Complete Hi-C clique	Recall	0.13043591842421498
419	Complete Hi-C clique	F1	0.2304266562060133
420	SGMCI	AUROC	0.8417642092965127
420	SGMCI	AUPRC	0.8385228127176656
420	SGMCI	Precision	0.6294253542241192
420	SGMCI	Recall	0.9798411675577771
420	SGMCI	F1	0.7664819538910592
420	Complete Hi-C clique	AUROC	0.5642576225933083
420	Complete Hi-C clique	AUPRC	0.5873858073017056
420	Complete Hi-C clique	Precision	0.9861229858599145
420	Complete Hi-C clique	Recall	0.13056653720893782
420	Complete Hi-C clique	F1	0.23060064747814188
421	SGMCI	AUROC	0.8421959797114533
421	SGMCI	AUPRC	0.839099268666456
421	SGMCI	Precision	0.629048498070146
421	SGMCI	Recall	0.9792490290670336
421	SGMCI	F1	0.7660213618157544
421	Complete Hi-C clique	AUROC	0.5643248694303414
421	Complete Hi-C clique	AUPRC	0.587530974858452
421	Complete Hi-C clique	Precision	0.9874802319451766
421	Complete Hi-C clique	Recall	0.13049687385708564
421	Complete Hi-C clique	F1	0.2305290199516975
422	SGMCI	AUROC	0.839975596244568
422	SGMCI	AUPRC	0.835982068180991
422	SGMCI	Precision	0.6279248905956952
422	SGMCI	Recall	0.9795886379073129
422	SGMCI	F1	0.765291336440015
422	Complete Hi-C clique	AUROC	0.5643666799197952
422	Complete Hi-C clique	AUPRC	0.5875237572509091
422	Complete Hi-C clique	Precision	0.9867201367431464
422	Complete Hi-C clique	Recall	0.13069715599366064
422	Complete Hi-C clique	F1	0.23082069066275016
423	SGMCI	AUROC	0.8425265903462099
423	SGMCI	AUPRC	0.838499248012095
423	SGMCI	Precision	0.6288159086082203
423	SGMCI	Recall	0.9797192566920357
423	SGMCI	F1	0.7659926470588235
423	Complete Hi-C clique	AUROC	0.5649361528645017
423	Complete Hi-C clique	AUPRC	0.5881553333755989
423	Complete Hi-C clique	Precision	0.9883591655222026
423	Complete Hi-C clique	Recall	0.13160277956773891
423	Complete Hi-C clique	F1	0.23227720185354536
424	SGMCI	AUROC	0.8421225026767815
424	SGMCI	AUPRC	0.8390753199311497
424	SGMCI	Precision	0.6284930557883328
424	SGMCI	Recall	0.9796321775022205
424	SGMCI	F1	0.7657264596577683
424	Complete Hi-C clique	AUROC	0.5647656331830655
424	Complete Hi-C clique	AUPRC	0.5879551578360279
424	Complete Hi-C clique	Precision	0.9876906959994762
424	Complete Hi-C clique	Recall	0.13135895783625628
424	Complete Hi-C clique	F1	0.23187893414084892
425	SGMCI	AUROC	0.8419733269291523
425	SGMCI	AUPRC	0.8387474558307348
425	SGMCI	Precision	0.6296810374259122
425	SGMCI	Recall	0.9797018408540727
425	SGMCI	F1	0.766628848663253
425	Complete Hi-C clique	AUROC	0.563969365518335
425	Complete Hi-C clique	AUPRC	0.587206839135066
425	Complete Hi-C clique	Precision	0.9876060445387063
425	Complete Hi-C clique	Recall	0.12975670074365628
425	Complete Hi-C clique	F1	0.2293767221341379
426	SGMCI	AUROC	0.8421977518646487
426	SGMCI	AUPRC	0.838458135077653
426	SGMCI	Precision	0.628908280831605
426	SGMCI	Recall	0.9796495933401835
426	SGMCI	F1	0.7660398813840346
426	Complete Hi-C clique	AUROC	0.5652226808340212
426	Complete Hi-C clique	AUPRC	0.5882857756536829
426	Complete Hi-C clique	Precision	0.9861336097971879
426	Complete Hi-C clique	Recall	0.13252581897978022
426	Complete Hi-C clique	F1	0.23365138825985826
427	SGMCI	AUROC	0.8407408597575015
427	SGMCI	AUPRC	0.8368320994940885
427	SGMCI	Precision	0.6289279681399693
427	SGMCI	Recall	0.9791271182012923
427	SGMCI	F1	0.7658946938219467
427	Complete Hi-C clique	AUROC	0.5647938748719684
427	Complete Hi-C clique	AUPRC	0.5879311902551282
427	Complete Hi-C clique	Precision	0.9868687528581694
427	Complete Hi-C clique	Recall	0.13154182413486826
427	Complete Hi-C clique	F1	0.2321410734181106
428	SGMCI	AUROC	0.8427297228189455
428	SGMCI	AUPRC	0.838990945227038
428	SGMCI	Precision	0.6295113507346238
428	SGMCI	Recall	0.9801285288841672
428	SGMCI	F1	0.7666336326825297
428	Complete Hi-C clique	AUROC	0.5644906184738513
428	Complete Hi-C clique	AUPRC	0.5876563900973396
428	Complete Hi-C clique	Precision	0.9870001969667126
428	Complete Hi-C clique	Recall	0.13090614604921716
428	Complete Hi-C clique	F1	0.23115423352220743
429	SGMCI	AUROC	0.843345567662923
429	SGMCI	AUPRC	0.8400416668357258
429	SGMCI	Precision	0.6295229412192435
429	SGMCI	Recall	0.9800588655323151
429	SGMCI	F1	0.7666209160788908
429	Complete Hi-C clique	AUROC	0.5649310836437145
429	Complete Hi-C clique	AUPRC	0.5881114566080294
429	Complete Hi-C clique	Precision	0.9877212461628895
429	Complete Hi-C clique	Recall	0.13168985875755412
429	Complete Hi-C clique	F1	0.2323951778346357
430	SGMCI	AUROC	0.8413457665809077
430	SGMCI	AUPRC	0.8376947059246618
430	SGMCI	Precision	0.6285442914210688
430	SGMCI	Recall	0.9796408854212021
430	SGMCI	F1	0.7657671455263885
430	Complete Hi-C clique	AUROC	0.5640487506333263
430	Complete Hi-C clique	AUPRC	0.5872896383355415
430	Complete Hi-C clique	Precision	0.9877499668918024
430	Complete Hi-C clique	Recall	0.12989602744736062
430	Complete Hi-C clique	F1	0.2295982761274434
431	SGMCI	AUROC	0.8429759259328722
431	SGMCI	AUPRC	0.8388577023124286
431	SGMCI	Precision	0.6297255568856915
431	SGMCI	Recall	0.9802591476688901
431	SGMCI	F1	0.7668324250681198
431	Complete Hi-C clique	AUROC	0.564604418586333
431	Complete Hi-C clique	AUPRC	0.5877017648924099
431	Complete Hi-C clique	Precision	0.9860048394480413
431	Complete Hi-C clique	Recall	0.13128929448440413
431	Complete Hi-C clique	F1	0.23172390474068041
432	SGMCI	AUROC	0.8422266429098983
432	SGMCI	AUPRC	0.8390886975044287
432	SGMCI	Precision	0.6291574403363976
432	SGMCI	Recall	0.9797802121249064
432	SGMCI	F1	0.766264633573282
432	Complete Hi-C clique	AUROC	0.5640895472786226
432	Complete Hi-C clique	AUPRC	0.587273629535952
432	Complete Hi-C clique	Precision	0.9868568786737996
432	Complete Hi-C clique	Recall	0.13011372542189867
432	Complete Hi-C clique	F1	0.2299140630409528
433	SGMCI	AUROC	0.8426672228314112
433	SGMCI	AUPRC	0.8386219731863503
433	SGMCI	Precision	0.6294318906045596
433	SGMCI	Recall	0.9804158902105575
433	SGMCI	F1	0.7666625810317589
433	Complete Hi-C clique	AUROC	0.5640239393034001
433	Complete Hi-C clique	AUPRC	0.5872427963431651
433	Complete Hi-C clique	Precision	0.9873585280296512
433	Complete Hi-C clique	Recall	0.12990473536634214
433	Complete Hi-C clique	F1	0.2296012989911271
434	SGMCI	AUROC	0.842399311549836
434	SGMCI	AUPRC	0.8390798140718908
434	SGMCI	Precision	0.6294522196045953
434	SGMCI	Recall	0.9795102666364792
434	SGMCI	F1	0.7664006050262143
434	Complete Hi-C clique	AUROC	0.5640397162795525
434	Complete Hi-C clique	AUPRC	0.5871451364978356
434	Complete Hi-C clique	Precision	0.9855015157506261
434	Complete Hi-C clique	Recall	0.13021822044967693
434	Complete Hi-C clique	F1	0.23004030397194106
435	SGMCI	AUROC	0.84262015488783
435	SGMCI	AUPRC	0.8393698838988158
435	SGMCI	Precision	0.6293079340932225
435	SGMCI	Recall	0.979806335881851
435	SGMCI	F1	0.7663842308163848
435	Complete Hi-C clique	AUROC	0.5649209452021402
435	Complete Hi-C clique	AUPRC	0.5880240273378103
435	Complete Hi-C clique	Precision	0.9864503941111328
435	Complete Hi-C clique	Recall	0.13186401713718457
435	Complete Hi-C clique	F1	0.23263102105400613
436	SGMCI	AUROC	0.8412365416348958
436	SGMCI	AUPRC	0.8378191735277736
436	SGMCI	Precision	0.6286253426454743
436	SGMCI	Recall	0.9805116773193542
436	SGMCI	F1	0.7660932306886336
436	Complete Hi-C clique	AUROC	0.5637334183489631
436	Complete Hi-C clique	AUPRC	0.5868442286961473
436	Complete Hi-C clique	Precision	0.9852415618795499
436	Complete Hi-C clique	Recall	0.12963478987791496
436	Complete Hi-C clique	F1	0.2291224181980484
437	SGMCI	AUROC	0.8422396022695602
437	SGMCI	AUPRC	0.8384160526667516
437	SGMCI	Precision	0.629467060068416
437	SGMCI	Recall	0.9790400390114771
437	SGMCI	F1	0.7662676221924614
437	Complete Hi-C clique	AUROC	0.5645782045857451
437	Complete Hi-C clique	AUPRC	0.5877430203873991
437	Complete Hi-C clique	Precision	0.9870811200734474
437	Complete Hi-C clique	Recall	0.13107159650986608
437	Complete Hi-C clique	F1	0.23141436115830177
438	SGMCI	AUROC	0.8424564924111095
438	SGMCI	AUPRC	0.8388414135901231
438	SGMCI	Precision	0.6295324907728442
438	SGMCI	Recall	0.9802765635068531
438	SGMCI	F1	0.7666945903057297
438	Complete Hi-C clique	AUROC	0.5646671031246575
438	Complete Hi-C clique	AUPRC	0.5878075482459009
438	Complete Hi-C clique	Precision	0.9867801047120419
438	Complete Hi-C clique	Recall	0.13129800240338563
438	Complete Hi-C clique	F1	0.23175886503020332
439	SGMCI	AUROC	0.8423303914805241
439	SGMCI	AUPRC	0.8396333948998312
439	SGMCI	Precision	0.6291307481298152
439	SGMCI	Recall	0.9805987565091694
439	SGMCI	F1	0.7664950260523907
439	Complete Hi-C clique	AUROC	0.5642890239102578
439	Complete Hi-C clique	AUPRC	0.5874893163265509
439	Complete Hi-C clique	Precision	0.9873451094120749
439	Complete Hi-C clique	Recall	0.1304446263431965
439	Complete Hi-C clique	F1	0.23044381201446043
440	SGMCI	AUROC	0.8421922561452924
440	SGMCI	AUPRC	0.8387636626234425
440	SGMCI	Precision	0.6289321886109062
440	SGMCI	Recall	0.979823751719814
440	SGMCI	F1	0.7661108576797642
440	Complete Hi-C clique	AUROC	0.5647285654796069
440	Complete Hi-C clique	AUPRC	0.5878694961739837
440	Complete Hi-C clique	Precision	0.9868558723515564
440	Complete Hi-C clique	Recall	0.13141120535014542
440	Complete Hi-C clique	F1	0.231937293475755
441	SGMCI	AUROC	0.8403400436317822
441	SGMCI	AUPRC	0.8363205589854095
441	SGMCI	Precision	0.6273965424004727
441	SGMCI	Recall	0.9799717863424998
441	SGMCI	F1	0.7650155840536214
441	Complete Hi-C clique	AUROC	0.564234540368836
441	Complete Hi-C clique	AUPRC	0.5873872805789147
441	Complete Hi-C clique	Precision	0.9865016132218345
441	Complete Hi-C clique	Recall	0.13046204218115956
441	Complete Hi-C clique	F1	0.2304479907710056
442	SGMCI	AUROC	0.8427292470080666
442	SGMCI	AUPRC	0.8388210753453353
442	SGMCI	Precision	0.629468831474001
442	SGMCI	Recall	0.9797279646110173
442	SGMCI	F1	0.766479548736954
442	Complete Hi-C clique	AUROC	0.5648526845209497
442	Complete Hi-C clique	AUPRC	0.5878705522537859
442	Complete Hi-C clique	Precision	0.984984399375975
442	Complete Hi-C clique	Recall	0.13195109632699978
442	Complete Hi-C clique	F1	0.23272565311544902
443	SGMCI	AUROC	0.8428722730662226
443	SGMCI	AUPRC	0.8387828415883332
443	SGMCI	Precision	0.6294830751320856
443	SGMCI	Recall	0.9793883557707379
443	SGMCI	F1	0.7663861537937379
443	Complete Hi-C clique	AUROC	0.565438260876601
443	Complete Hi-C clique	AUPRC	0.5885399075351111
443	Complete Hi-C clique	Precision	0.9869945001617599
443	Complete Hi-C clique	Recall	0.13283059614413348
443	Complete Hi-C clique	F1	0.23414918683275388
444	SGMCI	AUROC	0.8414540800322599
444	SGMCI	AUPRC	0.8378155569649539
444	SGMCI	Precision	0.6282582855739772
444	SGMCI	Recall	0.9803549347776869
444	SGMCI	F1	0.7657727821517847
444	Complete Hi-C clique	AUROC	0.565191099029785
444	Complete Hi-C clique	AUPRC	0.5883142089778308
444	Complete Hi-C clique	Precision	0.9870728855398208
444	Complete Hi-C clique	Recall	0.1323168289242237
444	Complete Hi-C clique	F1	0.23335278579765342
445	SGMCI	AUROC	0.842657501787851
445	SGMCI	AUPRC	0.8390278195461753
445	SGMCI	Precision	0.6297745606816363
445	SGMCI	Recall	0.979606053745276
445	SGMCI	F1	0.7666688247741654
445	Complete Hi-C clique	AUROC	0.5650526959265949
445	Complete Hi-C clique	AUPRC	0.5882576067641779
445	Complete Hi-C clique	Precision	0.9882521863986424
445	Complete Hi-C clique	Recall	0.13185530921820304
445	Complete Hi-C clique	F1	0.23266748617086663
446	SGMCI	AUROC	0.8428312336689123
446	SGMCI	AUPRC	0.8385947559664927
446	SGMCI	Precision	0.6299029626352952
446	SGMCI	Recall	0.9795973458262944
446	SGMCI	F1	0.7667612948958691
446	Complete Hi-C clique	AUROC	0.5647190520556857
446	Complete Hi-C clique	AUPRC	0.5878877565321823
446	Complete Hi-C clique	Precision	0.9872995090016367
446	Complete Hi-C clique	Recall	0.1313241261603302
446	Complete Hi-C clique	F1	0.23181388485393464
447	SGMCI	AUROC	0.8421327553197393
447	SGMCI	AUPRC	0.8385259337961056
447	SGMCI	Precision	0.6288769276344104
447	SGMCI	Recall	0.9797540883679619
447	SGMCI	F1	0.7660485652717115
447	Complete Hi-C clique	AUROC	0.5638131298987464
447	Complete Hi-C clique	AUPRC	0.587063147850984
447	Complete Hi-C clique	Precision	0.987641196013289
447	Complete Hi-C clique	Recall	0.12943450774133997
447	Complete Hi-C clique	F1	0.2288741069228874
448	SGMCI	AUROC	0.8417688933733459
448	SGMCI	AUPRC	0.8377958663081191
448	SGMCI	Precision	0.629182524912116
448	SGMCI	Recall	0.9803288110207422
448	SGMCI	F1	0.7664509628378953
448	Complete Hi-C clique	AUROC	0.5639372489400891
448	Complete Hi-C clique	AUPRC	0.5870638195578848
448	Complete Hi-C clique	Precision	0.9857350416061287
448	Complete Hi-C clique	Recall	0.12997439871819433
448	Complete Hi-C clique	F1	0.2296661024773042
449	SGMCI	AUROC	0.8424807640569589
449	SGMCI	AUPRC	0.8386961048130238
449	SGMCI	Precision	0.6291062754677116
449	SGMCI	Recall	0.9800675734512966
449	SGMCI	F1	0.7663145424030013
449	Complete Hi-C clique	AUROC	0.5644497939766238
449	Complete Hi-C clique	AUPRC	0.5875054388592196
449	Complete Hi-C clique	Precision	0.9851468952430805
449	Complete Hi-C clique	Recall	0.13110642818579216
449	Complete Hi-C clique	F1	0.23141537492026648
450	SGMCI	AUROC	0.8417143419798792
450	SGMCI	AUPRC	0.837196439831467
450	SGMCI	Precision	0.6291170679316209
450	SGMCI	Recall	0.9793448161758302
450	SGMCI	F1	0.7661015101871215
450	Complete Hi-C clique	AUROC	0.5639720806160152
450	Complete Hi-C clique	AUPRC	0.5870967209233956
450	Complete Hi-C clique	Precision	0.9857425742574257
450	Complete Hi-C clique	Recall	0.1300440620700465
450	Complete Hi-C clique	F1	0.22977505615903007
451	SGMCI	AUROC	0.8428899243757558
451	SGMCI	AUPRC	0.8394846741361429
451	SGMCI	Precision	0.6303583032693213
451	SGMCI	Recall	0.9798498754767586
451	SGMCI	F1	0.7671759628561495
451	Complete Hi-C clique	AUROC	0.5636897885104123
451	Complete Hi-C clique	AUPRC	0.5868688162201176
451	Complete Hi-C clique	Precision	0.9863250132766861
451	Complete Hi-C clique	Recall	0.12938226022745083
451	Complete Hi-C clique	F1	0.22875706301673568
452	SGMCI	AUROC	0.8426462301790281
452	SGMCI	AUPRC	0.8385600085563071
452	SGMCI	Precision	0.6296343932090412
452	SGMCI	Recall	0.9804681377244466
452	SGMCI	F1	0.7668287566742945
452	Complete Hi-C clique	AUROC	0.5639968017022982
452	Complete Hi-C clique	AUPRC	0.5872093682094767
452	Complete Hi-C clique	Precision	0.987224465479579
452	Complete Hi-C clique	Recall	0.12986990369041607
452	Complete Hi-C clique	F1	0.22954326830582172
453	SGMCI	AUROC	0.8397883779335609
453	SGMCI	AUPRC	0.8352284154050684
453	SGMCI	Precision	0.628276782374191
453	SGMCI	Recall	0.9798585833957401
453	SGMCI	F1	0.7656350467273823
453	Complete Hi-C clique	AUROC	0.5643169670162995
453	Complete Hi-C clique	AUPRC	0.5874962414284769
453	Complete Hi-C clique	Precision	0.9870300875633682
453	Complete Hi-C clique	Recall	0.13054912137097477
453	Complete Hi-C clique	F1	0.23059826036130956
454	SGMCI	AUROC	0.8418029516714078
454	SGMCI	AUPRC	0.8375967442581684
454	SGMCI	Precision	0.6296648416484445
454	SGMCI	Recall	0.9804333060485205
454	SGMCI	F1	0.7668406839457993
454	Complete Hi-C clique	AUROC	0.5652649982455535
454	Complete Hi-C clique	AUPRC	0.5882831700298505
454	Complete Hi-C clique	Precision	0.9854519591361697
454	Complete Hi-C clique	Recall	0.1327173931973737
454	Complete Hi-C clique	F1	0.23392988703339881
455	SGMCI	AUROC	0.8407863872099226
455	SGMCI	AUPRC	0.8367945126411447
455	SGMCI	Precision	0.6291803682079502
455	SGMCI	Recall	0.9796844250161096
455	SGMCI	F1	0.7662523412225438
455	Complete Hi-C clique	AUROC	0.5636894899275512
455	Complete Hi-C clique	AUPRC	0.5868996069053543
455	Complete Hi-C clique	Precision	0.9868412308101283
455	Complete Hi-C clique	Recall	0.12930388895661715
455	Complete Hi-C clique	F1	0.22864841975593797
456	SGMCI	AUROC	0.8435279197166841
456	SGMCI	AUPRC	0.8395447835972503
456	SGMCI	Precision	0.629555923259246
456	SGMCI	Recall	0.9806858356989847
456	SGMCI	F1	0.766837120309404
456	Complete Hi-C clique	AUROC	0.5650761669775715
456	Complete Hi-C clique	AUPRC	0.5881590109385849
456	Complete Hi-C clique	Precision	0.9862924706035211
456	Complete Hi-C clique	Recall	0.1322036259774639
456	Complete Hi-C clique	F1	0.23315493238936966
457	SGMCI	AUROC	0.8425392523505273
457	SGMCI	AUPRC	0.839553217661653
457	SGMCI	Precision	0.6302445201488188
457	SGMCI	Recall	0.9794754349605531
457	SGMCI	F1	0.7669769186185263
457	Complete Hi-C clique	AUROC	0.5643919981717999
457	Complete Hi-C clique	AUPRC	0.5875749057794639
457	Complete Hi-C clique	Precision	0.9871727404288909
457	Complete Hi-C clique	Recall	0.13067974015569758
457	Complete Hi-C clique	F1	0.23080590587511537
458	SGMCI	AUROC	0.8424571790585679
458	SGMCI	AUPRC	0.8379619902408164
458	SGMCI	Precision	0.6291726532232366
458	SGMCI	Recall	0.9800066180184259
458	SGMCI	F1	0.7663451488027346
458	Complete Hi-C clique	AUROC	0.5641697378985533
458	Complete Hi-C clique	AUPRC	0.5873299496583382
458	Complete Hi-C clique	Precision	0.9865524060646012
458	Complete Hi-C clique	Recall	0.1303227154774552
458	Complete Hi-C clique	F1	0.23023198572395545
459	SGMCI	AUROC	0.8397119316629189
459	SGMCI	AUPRC	0.8364581999782948
459	SGMCI	Precision	0.6290518287398162
459	SGMCI	Recall	0.9796321775022205
459	SGMCI	F1	0.7661410324948837
459	Complete Hi-C clique	AUROC	0.5641907021910675
459	Complete Hi-C clique	AUPRC	0.5873769651800721
459	Complete Hi-C clique	Precision	0.9870052770448549
459	Complete Hi-C clique	Recall	0.13029659172051064
459	Complete Hi-C clique	F1	0.23020354159294762
460	SGMCI	AUROC	0.8422004546025053
460	SGMCI	AUPRC	0.8388430506197152
460	SGMCI	Precision	0.6290841999329084
460	SGMCI	Recall	0.9797976279628694
460	SGMCI	F1	0.7662156364701155
460	Complete Hi-C clique	AUROC	0.5650089479924696
460	Complete Hi-C clique	AUPRC	0.5881811109923034
460	Complete Hi-C clique	Precision	0.9876720370491162
460	Complete Hi-C clique	Recall	0.13185530921820304
460	Complete Hi-C clique	F1	0.23265139933471107
461	SGMCI	AUROC	0.8433224055228793
461	SGMCI	AUPRC	0.8394519741690618
461	SGMCI	Precision	0.6293800915856392
461	SGMCI	Recall	0.9801981922360194
461	SGMCI	F1	0.766557593628591
461	Complete Hi-C clique	AUROC	0.564277573041665
461	Complete Hi-C clique	AUPRC	0.5874240479672472
461	Complete Hi-C clique	Precision	0.9864464767418909
461	Complete Hi-C clique	Recall	0.1305578292899563
461	Complete Hi-C clique	F1	0.2305959073186863
462	SGMCI	AUROC	0.8423909904256068
462	SGMCI	AUPRC	0.8387348191398531
462	SGMCI	Precision	0.6287487708947886
462	SGMCI	Recall	0.9799979100994445
462	SGMCI	F1	0.7660279753599021
462	Complete Hi-C clique	AUROC	0.5640156202109229
462	Complete Hi-C clique	AUPRC	0.5871378476513125
462	Complete Hi-C clique	Precision	0.9857519788918205
462	Complete Hi-C clique	Recall	0.13013114125986172
462	Complete Hi-C clique	F1	0.2299112294035293
463	SGMCI	AUROC	0.8401174824476256
463	SGMCI	AUPRC	0.8361569364676855
463	SGMCI	Precision	0.6291283736946848
463	SGMCI	Recall	0.9799979100994445
463	SGMCI	F1	0.7663096397273612
463	Complete Hi-C clique	AUROC	0.5640727286063814
463	Complete Hi-C clique	AUPRC	0.5871956620523328
463	Complete Hi-C clique	Precision	0.985828224902775
463	Complete Hi-C clique	Recall	0.13023563628763998
463	Complete Hi-C clique	F1	0.230076379327585
464	SGMCI	AUROC	0.8427899684085246
464	SGMCI	AUPRC	0.8396334062136577
464	SGMCI	Precision	0.6282465355386678
464	SGMCI	Recall	0.9790400390114771
464	SGMCI	F1	0.7653625960694083
464	Complete Hi-C clique	AUROC	0.5642036459739653
464	Complete Hi-C clique	AUPRC	0.5872883850135944
464	Complete Hi-C clique	Precision	0.985346300433697
464	Complete Hi-C clique	Recall	0.13057524512791932
464	Complete Hi-C clique	F1	0.23059297533370238
465	SGMCI	AUROC	0.8415689977775545
465	SGMCI	AUPRC	0.837294571741257
465	SGMCI	Precision	0.6288304492084948
465	SGMCI	Recall	0.9803113951827792
465	SGMCI	F1	0.7661843573898129
465	Complete Hi-C clique	AUROC	0.5639798025427706
465	Complete Hi-C clique	AUPRC	0.5872635951836391
465	Complete Hi-C clique	Precision	0.9883836707600399
465	Complete Hi-C clique	Recall	0.12966091363485954
465	Complete Hi-C clique	F1	0.22924797733693603
466	SGMCI	AUROC	0.8425185273391183
466	SGMCI	AUPRC	0.8393254786135416
466	SGMCI	Precision	0.6286919124218052
466	SGMCI	Recall	0.9801720684790749
466	SGMCI	F1	0.7660389685515758
466	Complete Hi-C clique	AUROC	0.5643124047175911
466	Complete Hi-C clique	AUPRC	0.5874569507107154
466	Complete Hi-C clique	Precision	0.9864536068915631
466	Complete Hi-C clique	Recall	0.13062749264180845
466	Complete Hi-C clique	F1	0.23070475604598412
467	SGMCI	AUROC	0.8424333762817786
467	SGMCI	AUPRC	0.8390978695366593
467	SGMCI	Precision	0.629067075284933
467	SGMCI	Recall	0.9795189745554608
467	SGMCI	F1	0.7661177175704574
467	Complete Hi-C clique	AUROC	0.5645518724895829
467	Complete Hi-C clique	AUPRC	0.5876831574350383
467	Complete Hi-C clique	Precision	0.9865024243218451
467	Complete Hi-C clique	Recall	0.13110642818579216
467	Complete Hi-C clique	F1	0.23145272867025363
468	SGMCI	AUROC	0.8421208341429286
468	SGMCI	AUPRC	0.8377227665359075
468	SGMCI	Precision	0.6282425738427257
468	SGMCI	Recall	0.9795973458262944
468	SGMCI	F1	0.7655298893164705
468	Complete Hi-C clique	AUROC	0.5648413517479313
468	Complete Hi-C clique	AUPRC	0.5879062091131493
468	Complete Hi-C clique	Precision	0.9857384735608231
468	Complete Hi-C clique	Recall	0.13181176962329544
468	Complete Hi-C clique	F1	0.23252991689325161
469	SGMCI	AUROC	0.84166543005221
469	SGMCI	AUPRC	0.838122199429294
469	SGMCI	Precision	0.6292341596563451
469	SGMCI	Recall	0.9796147616642574
469	SGMCI	F1	0.7662709197539694
469	Complete Hi-C clique	AUROC	0.5644292463625451
469	Complete Hi-C clique	AUPRC	0.587528552723195
469	Complete Hi-C clique	Precision	0.9858407079646018
469	Complete Hi-C clique	Recall	0.1309583935631063
469	Complete Hi-C clique	F1	0.23120383110543993
470	SGMCI	AUROC	0.8419178793214928
470	SGMCI	AUPRC	0.8372908452517583
470	SGMCI	Precision	0.6287512506497789
470	SGMCI	Recall	0.9795363903934238
470	SGMCI	F1	0.7658887810856354
470	Complete Hi-C clique	AUROC	0.5647948887161257
470	Complete Hi-C clique	AUPRC	0.5879399279904713
470	Complete Hi-C clique	Precision	0.9869960138534928
470	Complete Hi-C clique	Recall	0.1315244082969052
470	Complete Hi-C clique	F1	0.23211747258742443
471	SGMCI	AUROC	0.8410345538426691
471	SGMCI	AUPRC	0.8365518444918293
471	SGMCI	Precision	0.62914122094714
471	SGMCI	Recall	0.979623469583239
471	SGMCI	F1	0.7662046654180147
471	Complete Hi-C clique	AUROC	0.5641119142417983
471	Complete Hi-C clique	AUPRC	0.5872326762971138
471	Complete Hi-C clique	Precision	0.985836627140975
471	Complete Hi-C clique	Recall	0.13031400755847367
471	Complete Hi-C clique	F1	0.2301988955375409
472	SGMCI	AUROC	0.8430253160841257
472	SGMCI	AUPRC	0.8391497794349185
472	SGMCI	Precision	0.6301256354556245
472	SGMCI	Recall	0.9800588655323151
472	SGMCI	F1	0.7670676435508605
472	Complete Hi-C clique	AUROC	0.5640360775813582
472	Complete Hi-C clique	AUPRC	0.5871804114872212
472	Complete Hi-C clique	Precision	0.9861404435058078
472	Complete Hi-C clique	Recall	0.13011372542189867
472	Complete Hi-C clique	F1	0.22989460727748287
473	SGMCI	AUROC	0.8429050987681814
473	SGMCI	AUPRC	0.840012509489618
473	SGMCI	Precision	0.629383181332722
473	SGMCI	Recall	0.9801372368031488
473	SGMCI	F1	0.7665412445730825
473	Complete Hi-C clique	AUROC	0.5649581933928853
473	Complete Hi-C clique	AUPRC	0.5879779265151115
473	Complete Hi-C clique	Precision	0.9851337314983122
473	Complete Hi-C clique	Recall	0.13214267054459325
473	Complete Hi-C clique	F1	0.23302774834538784
474	SGMCI	AUROC	0.8422825422437121
474	SGMCI	AUPRC	0.8396058048310884
474	SGMCI	Precision	0.6285888343030243
474	SGMCI	Recall	0.9793709399327749
474	SGMCI	F1	0.7657177092942903
474	Complete Hi-C clique	AUROC	0.5640540003414
474	Complete Hi-C clique	AUPRC	0.5872012186171353
474	Complete Hi-C clique	Precision	0.9862082618450574
474	Complete Hi-C clique	Recall	0.13013984917884325
474	Complete Hi-C clique	F1	0.22993722690627116
475	SGMCI	AUROC	0.8426791789712844
475	SGMCI	AUPRC	0.8395619352643436
475	SGMCI	Precision	0.6296128353262573
475	SGMCI	Recall	0.9793709399327749
475	SGMCI	F1	0.7664769823150578
475	Complete Hi-C clique	AUROC	0.5639500122357005
475	Complete Hi-C clique	AUPRC	0.5871068686004021
475	Complete Hi-C clique	Precision	0.9862506610259122
475	Complete Hi-C clique	Recall	0.1299221512043052
475	Complete Hi-C clique	F1	0.22959851037963772
476	SGMCI	AUROC	0.8411058743420983
476	SGMCI	AUPRC	0.8361991214852481
476	SGMCI	Precision	0.6289549752036543
476	SGMCI	Recall	0.9795799299883314
476	SGMCI	F1	0.7660532184749484
476	Complete Hi-C clique	AUROC	0.5634715836137955
476	Complete Hi-C clique	AUPRC	0.5866588185738
476	Complete Hi-C clique	Precision	0.9862147043153969
476	Complete Hi-C clique	Recall	0.1289555721973563
476	Complete Hi-C clique	F1	0.2280869283965069
477	SGMCI	AUROC	0.8420475466537702
477	SGMCI	AUPRC	0.8377862403029357
477	SGMCI	Precision	0.6296683630669425
477	SGMCI	Recall	0.9804333060485205
477	SGMCI	F1	0.7668432953740533
477	Complete Hi-C clique	AUROC	0.564166696366081
477	Complete Hi-C clique	AUPRC	0.587303794657535
477	Complete Hi-C clique	Precision	0.9861678303253854
477	Complete Hi-C clique	Recall	0.13037496299134432
477	Complete Hi-C clique	F1	0.23030303030303031
478	SGMCI	AUROC	0.8421982826174832
478	SGMCI	AUPRC	0.8384924647821953
478	SGMCI	Precision	0.6293265008139723
478	SGMCI	Recall	0.9795886379073129
478	SGMCI	F1	0.766331392992292
478	Complete Hi-C clique	AUROC	0.5646010784709998
478	Complete Hi-C clique	AUPRC	0.5877063605801834
478	Complete Hi-C clique	Precision	0.9861311003532645
478	Complete Hi-C clique	Recall	0.13126317072745955
478	Complete Hi-C clique	F1	0.23168669884110538
479	SGMCI	AUROC	0.8424397637708709
479	SGMCI	AUPRC	0.8386120843967662
479	SGMCI	Precision	0.6287270594150675
479	SGMCI	Recall	0.9799804942614814
479	SGMCI	F1	0.7660065411305061
479	Complete Hi-C clique	AUROC	0.5643748809166979
479	Complete Hi-C clique	AUPRC	0.5875276183074363
479	Complete Hi-C clique	Precision	0.9866579033848176
479	Complete Hi-C clique	Recall	0.1307232797506052
479	Complete Hi-C clique	F1	0.23085972641922908
480	SGMCI	AUROC	0.8417375071675506
480	SGMCI	AUPRC	0.8371777647760362
480	SGMCI	Precision	0.6295355486300335
480	SGMCI	Recall	0.9797715042059248
480	SGMCI	F1	0.7665423330437892
480	Complete Hi-C clique	AUROC	0.5636222430905182
480	Complete Hi-C clique	AUPRC	0.5867546705539084
480	Complete Hi-C clique	Precision	0.9854736004245158
480	Complete Hi-C clique	Recall	0.1293735523084693
480	Complete Hi-C clique	F1	0.2287205382021953
481	SGMCI	AUROC	0.8419340561294717
481	SGMCI	AUPRC	0.8376562552384246
481	SGMCI	Precision	0.6288396142656921
481	SGMCI	Recall	0.98065971194204
481	SGMCI	F1	0.7662975248787957
481	Complete Hi-C clique	AUROC	0.5637807147376396
481	Complete Hi-C clique	AUPRC	0.5869508269977021
481	Complete Hi-C clique	Precision	0.9862795784450189
481	Complete Hi-C clique	Recall	0.12957383444504433
481	Complete Hi-C clique	F1	0.22905522416778912
482	SGMCI	AUROC	0.8419566749028885
482	SGMCI	AUPRC	0.8393186201336121
482	SGMCI	Precision	0.6286223583187116
482	SGMCI	Recall	0.9796147616642574
482	SGMCI	F1	0.7658170975779112
482	Complete Hi-C clique	AUROC	0.5653980613970268
482	Complete Hi-C clique	AUPRC	0.5884941533763517
482	Complete Hi-C clique	Precision	0.9868608414239483
482	Complete Hi-C clique	Recall	0.13276964071126282
482	Complete Hi-C clique	F1	0.234050718408449
483	SGMCI	AUROC	0.8422768918149206
483	SGMCI	AUPRC	0.8377448443381091
483	SGMCI	Precision	0.6293874491685172
483	SGMCI	Recall	0.9798150438008325
483	SGMCI	F1	0.7664458559678492
483	Complete Hi-C clique	AUROC	0.5646175707084486
483	Complete Hi-C clique	AUPRC	0.5876484787958135
483	Complete Hi-C clique	Precision	0.9849315068493151
483	Complete Hi-C clique	Recall	0.1314808687019976
483	Complete Hi-C clique	F1	0.23199250199741872
484	SGMCI	AUROC	0.8433974416731029
484	SGMCI	AUPRC	0.8396752275191568
484	SGMCI	Precision	0.6303735517938438
484	SGMCI	Recall	0.9802852714258347
484	SGMCI	F1	0.7673206757525876
484	Complete Hi-C clique	AUROC	0.5654316708895777
484	Complete Hi-C clique	AUPRC	0.588483188737524
484	Complete Hi-C clique	Precision	0.9861766035785802
484	Complete Hi-C clique	Recall	0.13294379909089327
484	Complete Hi-C clique	F1	0.23430198205940808
485	SGMCI	AUROC	0.8410452090264561
485	SGMCI	AUPRC	0.8372230183457205
485	SGMCI	Precision	0.6290787914029476
485	SGMCI	Recall	0.9797453804489803
485	SGMCI	F1	0.7661956484728795
485	Complete Hi-C clique	AUROC	0.5643971576362303
485	Complete Hi-C clique	AUPRC	0.5875525475981073
485	Complete Hi-C clique	Precision	0.9867262452359048
485	Complete Hi-C clique	Recall	0.1307581114265313
485	Complete Hi-C clique	F1	0.23091591314510673
486	SGMCI	AUROC	0.8430309235921603
486	SGMCI	AUPRC	0.8392928177077064
486	SGMCI	Precision	0.6292253580195827
486	SGMCI	Recall	0.9798585833957401
486	SGMCI	F1	0.7663389734701314
486	Complete Hi-C clique	AUROC	0.5650802223542012
486	Complete Hi-C clique	AUPRC	0.5881939093936985
486	Complete Hi-C clique	Precision	0.9867984652402939
486	Complete Hi-C clique	Recall	0.13213396262561172
486	Complete Hi-C clique	F1	0.23306070729178666
487	SGMCI	AUROC	0.8430899236755465
487	SGMCI	AUPRC	0.8397499801424109
487	SGMCI	Precision	0.6293936325544187
487	SGMCI	Recall	0.9796931329350912
487	SGMCI	F1	0.7664131393673511
487	Complete Hi-C clique	AUROC	0.5643055161477066
487	Complete Hi-C clique	AUPRC	0.587431047728083
487	Complete Hi-C clique	Precision	0.9861330178759201
487	Complete Hi-C clique	Recall	0.13066232431773456
487	Complete Hi-C clique	F1	0.23075030371999322
488	SGMCI	AUROC	0.842311610559308
488	SGMCI	AUPRC	0.8386252454592027
488	SGMCI	Precision	0.628162773307142
488	SGMCI	Recall	0.9801894843170379
488	SGMCI	F1	0.7656513576753552
488	Complete Hi-C clique	AUROC	0.5646382364181016
488	Complete Hi-C clique	AUPRC	0.5877259623895926
488	Complete Hi-C clique	Precision	0.9858851205645952
488	Complete Hi-C clique	Recall	0.13137637367421934
488	Complete Hi-C clique	F1	0.23185621748718696
489	SGMCI	AUROC	0.8412999802494423
489	SGMCI	AUPRC	0.8372814606222415
489	SGMCI	Precision	0.6287944007781666
489	SGMCI	Recall	0.9794667270415716
489	SGMCI	F1	0.7658994961187526
489	Complete Hi-C clique	AUROC	0.5645369010183702
489	Complete Hi-C clique	AUPRC	0.5877546953540325
489	Complete Hi-C clique	Precision	0.987904286089929
489	Complete Hi-C clique	Recall	0.13086260645430955
489	Complete Hi-C clique	F1	0.23111111111111113
490	SGMCI	AUROC	0.8418056478060711
490	SGMCI	AUPRC	0.8388749232357003
490	SGMCI	Precision	0.6286188642118856
490	SGMCI	Recall	0.9792316132290705
490	SGMCI	F1	0.7656973992857313
490	Complete Hi-C clique	AUROC	0.563977031741228
490	Complete Hi-C clique	AUPRC	0.5870396173295314
490	Complete Hi-C clique	Precision	0.984721764899572
490	Complete Hi-C clique	Recall	0.1302095125306954
490	Complete Hi-C clique	F1	0.23000546057236027
491	SGMCI	AUROC	0.8434300631840038
491	SGMCI	AUPRC	0.8398635150707363
491	SGMCI	Precision	0.6293225468969414
491	SGMCI	Recall	0.9795276824744422
491	SGMCI	F1	0.7663098088772775
491	Complete Hi-C clique	AUROC	0.5657637939942506
491	Complete Hi-C clique	AUPRC	0.5888396408853027
491	Complete Hi-C clique	Precision	0.9869318913351358
491	Complete Hi-C clique	Recall	0.13350110590571065
491	Complete Hi-C clique	F1	0.2351885374160096
492	SGMCI	AUROC	0.8414681267177698
492	SGMCI	AUPRC	0.8378806281274553
492	SGMCI	Precision	0.6294343294265009
492	SGMCI	Recall	0.9801894843170379
492	SGMCI	F1	0.7665951578302176
492	Complete Hi-C clique	AUROC	0.5647096288754078
492	Complete Hi-C clique	AUPRC	0.5878399467493128
492	Complete Hi-C clique	Precision	0.9866614358571989
492	Complete Hi-C clique	Recall	0.1314024974311639
492	Complete Hi-C clique	F1	0.23191835981926043
493	SGMCI	AUROC	0.8423954394118234
493	SGMCI	AUPRC	0.8384653650600815
493	SGMCI	Precision	0.628643109382683
493	SGMCI	Recall	0.9797018408540727
493	SGMCI	F1	0.7658591043069237
493	Complete Hi-C clique	AUROC	0.5645971411899444
493	Complete Hi-C clique	AUPRC	0.5877725915653166
493	Complete Hi-C clique	Precision	0.9872761854791107
493	Complete Hi-C clique	Recall	0.1310803044288476
493	Complete Hi-C clique	F1	0.23143329361571283
494	SGMCI	AUROC	0.8426739095806148
494	SGMCI	AUPRC	0.8383609824605095
494	SGMCI	Precision	0.6301855513052439
494	SGMCI	Recall	0.979806335881851
494	SGMCI	F1	0.7670346675210558
494	Complete Hi-C clique	AUROC	0.5646351046419862
494	Complete Hi-C clique	AUPRC	0.5877656641252386
494	Complete Hi-C clique	Precision	0.9865828915504942
494	Complete Hi-C clique	Recall	0.13126317072745955
494	Complete Hi-C clique	F1	0.23169916306093744
495	SGMCI	AUROC	0.841465207725329
495	SGMCI	AUPRC	0.837388726377553
495	SGMCI	Precision	0.6290999759605977
495	SGMCI	Recall	0.9798934150716662
495	SGMCI	F1	0.7662566264116769
495	Complete Hi-C clique	AUROC	0.5641843205432617
495	Complete Hi-C clique	AUPRC	0.587355380565278
495	Complete Hi-C clique	Precision	0.9867475440100217
495	Complete Hi-C clique	Recall	0.1303227154774552
495	Complete Hi-C clique	F1	0.2302372985654398
496	SGMCI	AUROC	0.8426953746152959
496	SGMCI	AUPRC	0.838856727845311
496	SGMCI	Precision	0.6293837325070195
496	SGMCI	Recall	0.9798585833957401
496	SGMCI	F1	0.7664564204560934
496	Complete Hi-C clique	AUROC	0.5644846535044811
496	Complete Hi-C clique	AUPRC	0.5877053373537517
496	Complete Hi-C clique	Precision	0.9878947368421053
496	Complete Hi-C clique	Recall	0.1307581114265313
496	Complete Hi-C clique	F1	0.2309478767744813
497	SGMCI	AUROC	0.8417112419922138
497	SGMCI	AUPRC	0.8382975291842507
497	SGMCI	Precision	0.6283318810465403
497	SGMCI	Recall	0.9795450983124053
497	SGMCI	F1	0.7655802304451689
497	Complete Hi-C clique	AUROC	0.564675720799996
497	Complete Hi-C clique	AUPRC	0.5878819315499616
497	Complete Hi-C clique	Precision	0.9878656696838515
497	Complete Hi-C clique	Recall	0.13114996778069976
497	Complete Hi-C clique	F1	0.23155807017004398
498	SGMCI	AUROC	0.8409089804479778
498	SGMCI	AUPRC	0.8373260335819552
498	SGMCI	Precision	0.6299184388627344
498	SGMCI	Recall	0.9798847071526846
498	SGMCI	F1	0.7668607761425938
498	Complete Hi-C clique	AUROC	0.5648108740314959
498	Complete Hi-C clique	AUPRC	0.5878774204245635
498	Complete Hi-C clique	Precision	0.9857319695094143
498	Complete Hi-C clique	Recall	0.13175081419042478
498	Complete Hi-C clique	F1	0.23243488213108837
499	SGMCI	AUROC	0.8419854076408089
499	SGMCI	AUPRC	0.8381496582298518
499	SGMCI	Precision	0.628979450447531
499	SGMCI	Recall	0.9803026872637977
499	SGMCI	F1	0.7662922877952487
499	Complete Hi-C clique	AUROC	0.5646053421868471
499	Complete Hi-C clique	AUPRC	0.5877764434426276
499	Complete Hi-C clique	Precision	0.9872139531833978
499	Complete Hi-C clique	Recall	0.13110642818579216
499	Complete Hi-C clique	F1	0.23147229973325953
500	SGMCI	AUROC	0.8422570000333977
500	SGMCI	AUPRC	0.8383231562644295
500	SGMCI	Precision	0.6294105135897551
500	SGMCI	Recall	0.9792316132290705
500	SGMCI	F1	0.7662843864777752
500	Complete Hi-C clique	AUROC	0.5636974825852364
500	Complete Hi-C clique	AUPRC	0.5868683268267487
500	Complete Hi-C clique	Precision	0.9861977438619774
500	Complete Hi-C clique	Recall	0.12941709190337694
500	Complete Hi-C clique	F1	0.22880807956399915
501	SGMCI	AUROC	0.842645343023062
501	SGMCI	AUPRC	0.8386695321632396
501	SGMCI	Precision	0.6289049838491545
501	SGMCI	Recall	0.9799456625855553
501	SGMCI	F1	0.7661279342083764
501	Complete Hi-C clique	AUROC	0.564195563072637
501	Complete Hi-C clique	AUPRC	0.5873854488151146
501	Complete Hi-C clique	Precision	0.987070387228709
501	Complete Hi-C clique	Recall	0.13029659172051064
501	Complete Hi-C clique	F1	0.23020531243028686
502	SGMCI	AUROC	0.841533389337511
502	SGMCI	AUPRC	0.8379673134647763
502	SGMCI	Precision	0.6291925570053524
502	SGMCI	Recall	0.9796321775022205
502	SGMCI	F1	0.7662453982297872
502	Complete Hi-C clique	AUROC	0.5638083592608202
502	Complete Hi-C clique	AUPRC	0.5869885824165111
502	Complete Hi-C clique	Precision	0.9864784251342216
502	Complete Hi-C clique	Recall	0.12959995820198889
502	Complete Hi-C clique	F1	0.22910140465653261
503	SGMCI	AUROC	0.8410559530993853
503	SGMCI	AUPRC	0.8373516929675054
503	SGMCI	Precision	0.6285735041015669
503	SGMCI	Recall	0.9795276824744422
503	SGMCI	F1	0.7657542359612518
503	Complete Hi-C clique	AUROC	0.564677241566232
503	Complete Hi-C clique	AUPRC	0.5878950905820824
503	Complete Hi-C clique	Precision	0.9880577427821522
503	Complete Hi-C clique	Recall	0.1311238440237552
503	Complete Hi-C clique	F1	0.23152262488660652
504	SGMCI	AUROC	0.8424841359607425
504	SGMCI	AUPRC	0.8379430350126694
504	SGMCI	Precision	0.629593172183134
504	SGMCI	Recall	0.9802504397499086
504	SGMCI	F1	0.7667315996676157
504	Complete Hi-C clique	AUROC	0.5643714227057901
504	Complete Hi-C clique	AUPRC	0.5874314135287606
504	Complete Hi-C clique	Precision	0.9851293809367835
504	Complete Hi-C clique	Recall	0.13094968564412476
504	Complete Hi-C clique	F1	0.23117068783963476
505	SGMCI	AUROC	0.8432054856554801
505	SGMCI	AUPRC	0.8401124666162108
505	SGMCI	Precision	0.6295241399377756
505	SGMCI	Recall	0.9796495933401835
505	SGMCI	F1	0.7664965627193012
505	Complete Hi-C clique	AUROC	0.5641792513224746
505	Complete Hi-C clique	AUPRC	0.5873117775706842
505	Complete Hi-C clique	Precision	0.9861065384868638
505	Complete Hi-C clique	Recall	0.13040979466727043
505	Complete Hi-C clique	F1	0.23035570082676407
506	SGMCI	AUROC	0.8432520349097535
506	SGMCI	AUPRC	0.8397605558698303
506	SGMCI	Precision	0.6294756281828866
506	SGMCI	Recall	0.9794754349605531
506	SGMCI	F1	0.7664072933416916
506	Complete Hi-C clique	AUROC	0.5646084739629628
506	Complete Hi-C clique	AUPRC	0.5877366245711128
506	Complete Hi-C clique	Precision	0.9865139116202946
506	Complete Hi-C clique	Recall	0.13121963113255194
506	Complete Hi-C clique	F1	0.2316294298033248
507	SGMCI	AUROC	0.8430685918899221
507	SGMCI	AUPRC	0.8386133764574308
507	SGMCI	Precision	0.6289275860913467
507	SGMCI	Recall	0.9806161723471325
507	SGMCI	F1	0.7663495433696732
507	Complete Hi-C clique	AUROC	0.5651045267620486
507	Complete Hi-C clique	AUPRC	0.5882363207882877
507	Complete Hi-C clique	Precision	0.9871194379391101
507	Complete Hi-C clique	Recall	0.13213396262561172
507	Complete Hi-C clique	F1	0.2330696567083941
508	SGMCI	AUROC	0.8415119350118554
508	SGMCI	AUPRC	0.8372834818862341
508	SGMCI	Precision	0.6293057170976112
508	SGMCI	Recall	0.9799892021804629
508	SGMCI	F1	0.7664385194265672
508	Complete Hi-C clique	AUROC	0.5648251580933433
508	Complete Hi-C clique	AUPRC	0.5879335448419241
508	Complete Hi-C clique	Precision	0.9864309478765738
508	Complete Hi-C clique	Recall	0.13167244291959107
508	Complete Hi-C clique	F1	0.23233231156898448
509	SGMCI	AUROC	0.8423684268481146
509	SGMCI	AUPRC	0.8380160251499817
509	SGMCI	Precision	0.6289674219933692
509	SGMCI	Recall	0.9796321775022205
509	SGMCI	F1	0.7660784266992621
509	Complete Hi-C clique	AUROC	0.564445141434272
509	Complete Hi-C clique	AUPRC	0.5875319570488294
509	Complete Hi-C clique	Precision	0.9856534556174255
509	Complete Hi-C clique	Recall	0.13101934899597695
509	Complete Hi-C clique	F1	0.23129366732511936
510	SGMCI	AUROC	0.8436667094453142
510	SGMCI	AUPRC	0.8396905033755235
510	SGMCI	Precision	0.6296830615759691
510	SGMCI	Recall	0.9805987565091694
510	SGMCI	F1	0.766904799199112
510	Complete Hi-C clique	AUROC	0.5650647161089786
510	Complete Hi-C clique	AUPRC	0.5880939907412922
510	Complete Hi-C clique	Precision	0.9854085603112841
510	Complete Hi-C clique	Recall	0.1323168289242237
510	Complete Hi-C clique	F1	0.23330620768014249
511	SGMCI	AUROC	0.8418574123556217
511	SGMCI	AUPRC	0.8383255092804378
511	SGMCI	Precision	0.6291020979020979
511	SGMCI	Recall	0.979222905310089
511	SGMCI	F1	0.7660531084376746
511	Complete Hi-C clique	AUROC	0.564366381336934
511	Complete Hi-C clique	AUPRC	0.5875546011327729
511	Complete Hi-C clique	Precision	0.9872318020271159
511	Complete Hi-C clique	Recall	0.13061878472282692
511	Complete Hi-C clique	F1	0.23071244001476554
512	SGMCI	AUROC	0.8418626942330992
512	SGMCI	AUPRC	0.837599786193224
512	SGMCI	Precision	0.6293027755873586
512	SGMCI	Recall	0.9798585833957401
512	SGMCI	F1	0.7663963874992763
512	Complete Hi-C clique	AUROC	0.565020579348349
512	Complete Hi-C clique	AUPRC	0.5881142622779006
512	Complete Hi-C clique	Precision	0.986407388137357
512	Complete Hi-C clique	Recall	0.13207300719274107
512	Complete Hi-C clique	F1	0.23295498179919208
513	SGMCI	AUROC	0.8429186633782443
513	SGMCI	AUPRC	0.8394879663336848
513	SGMCI	Precision	0.6291018660345926
513	SGMCI	Recall	0.9799456625855553
513	SGMCI	F1	0.766274002451314
513	Complete Hi-C clique	AUROC	0.5646263967230046
513	Complete Hi-C clique	AUPRC	0.5877574383773887
513	Complete Hi-C clique	Precision	0.986581135039602
513	Complete Hi-C clique	Recall	0.1312457548894965
513	Complete Hi-C clique	F1	0.23167198247703955
514	SGMCI	AUROC	0.8420178385903206
514	SGMCI	AUPRC	0.8384114754891304
514	SGMCI	Precision	0.6293978008196538
514	SGMCI	Recall	0.9789268360647172
514	SGMCI	F1	0.7661816323053331
514	Complete Hi-C clique	AUROC	0.5647213783268616
514	Complete Hi-C clique	AUPRC	0.587874377784452
514	Complete Hi-C clique	Precision	0.9870452761057315
514	Complete Hi-C clique	Recall	0.1313676657552378
514	Complete Hi-C clique	F1	0.2318747022025484
515	SGMCI	AUROC	0.841355762588214
515	SGMCI	AUPRC	0.837348360832573
515	SGMCI	Precision	0.6298948523565837
515	SGMCI	Recall	0.9796670091781466
515	SGMCI	F1	0.7667766251823176
515	Complete Hi-C clique	AUROC	0.5644451692862033
515	Complete Hi-C clique	AUPRC	0.5876993212398739
515	Complete Hi-C clique	Precision	0.9884012126005008
515	Complete Hi-C clique	Recall	0.1306013688848639
515	Complete Hi-C clique	F1	0.23071716456942437
516	SGMCI	AUROC	0.843086665634521
516	SGMCI	AUPRC	0.8387246008298137
516	SGMCI	Precision	0.629567493205382
516	SGMCI	Recall	0.9803201031017608
516	SGMCI	F1	0.7667338654752499
516	Complete Hi-C clique	AUROC	0.5648041938008292
516	Complete Hi-C clique	AUPRC	0.5878865976653692
516	Complete Hi-C clique	Precision	0.9859834409022753
516	Complete Hi-C clique	Recall	0.13169856667653565
516	Complete Hi-C clique	F1	0.23236055524401392
517	SGMCI	AUROC	0.8420084367434366
517	SGMCI	AUPRC	0.83779896063946
517	SGMCI	Precision	0.6295398973819529
517	SGMCI	Recall	0.9797453804489803
517	SGMCI	F1	0.7665375614442071
517	Complete Hi-C clique	AUROC	0.5641594189696925
517	Complete Hi-C clique	AUPRC	0.5873746780702493
517	Complete Hi-C clique	Precision	0.9874488043334655
517	Complete Hi-C clique	Recall	0.1301659729357878
517	Complete Hi-C clique	F1	0.23001169446667075
518	SGMCI	AUROC	0.8426484888521278
518	SGMCI	AUPRC	0.8388241152987826
518	SGMCI	Precision	0.6292924211938297
518	SGMCI	Recall	0.9804507218864835
518	SGMCI	F1	0.7665697615043675
518	Complete Hi-C clique	AUROC	0.5652853653723456
518	Complete Hi-C clique	AUPRC	0.5883915848578342
518	Complete Hi-C clique	Precision	0.9869018285566075
518	Complete Hi-C clique	Recall	0.13253452689876175
518	Complete Hi-C clique	F1	0.23368647320743133
519	SGMCI	AUROC	0.8424636139128742
519	SGMCI	AUPRC	0.8380440600914784
519	SGMCI	Precision	0.6290860275198568
519	SGMCI	Recall	0.9793622320137934
519	SGMCI	F1	0.7660838231988502
519	Complete Hi-C clique	AUROC	0.5642741426826884
519	Complete Hi-C clique	AUPRC	0.5874947568540942
519	Complete Hi-C clique	Precision	0.9876632801161103
519	Complete Hi-C clique	Recall	0.1303662550723628
519	Complete Hi-C clique	F1	0.2303301640050463
520	SGMCI	AUROC	0.8427694279479054
520	SGMCI	AUPRC	0.8393326965534149
520	SGMCI	Precision	0.6288457671425699
520	SGMCI	Recall	0.9803462268587053
520	SGMCI	F1	0.7662063661668924
520	Complete Hi-C clique	AUROC	0.565135928078998
520	Complete Hi-C clique	AUPRC	0.5883401504227568
520	Complete Hi-C clique	Precision	0.9883303996349175
520	Complete Hi-C clique	Recall	0.13201205175987044
520	Complete Hi-C clique	F1	0.23291364834033665
521	SGMCI	AUROC	0.8416259237809591
521	SGMCI	AUPRC	0.8384205231178834
521	SGMCI	Precision	0.628982849987702
521	SGMCI	Recall	0.9798150438008325
521	SGMCI	F1	0.7661457801382222
521	Complete Hi-C clique	AUROC	0.564622966364028
521	Complete Hi-C clique	AUPRC	0.5878281896419659
521	Complete Hi-C clique	Precision	0.9877920714098188
521	Complete Hi-C clique	Recall	0.13105418067190303
521	Complete Hi-C clique	F1	0.2314067377031536
522	SGMCI	AUROC	0.8430354237954538
522	SGMCI	AUPRC	0.8399141440399391
522	SGMCI	Precision	0.6285901148165953
522	SGMCI	Recall	0.9792141973911075
522	SGMCI	F1	0.7656707474841011
522	Complete Hi-C clique	AUROC	0.5649936500864647
522	Complete Hi-C clique	AUPRC	0.5881160177939693
522	Complete Hi-C clique	Precision	0.9868446760013025
522	Complete Hi-C clique	Recall	0.13195109632699978
522	Complete Hi-C clique	F1	0.23277749187744348
523	SGMCI	AUROC	0.8420835132323994
523	SGMCI	AUPRC	0.8383372836775375
523	SGMCI	Precision	0.6285639272467265
523	SGMCI	Recall	0.9798411675577771
523	SGMCI	F1	0.7658429015769734
523	Complete Hi-C clique	AUROC	0.5646292299162591
523	Complete Hi-C clique	AUPRC	0.5877484673252503
523	Complete Hi-C clique	Precision	0.9863909971211725
523	Complete Hi-C clique	Recall	0.1312805865654226
523	Complete Hi-C clique	F1	0.23172100029203363
524	SGMCI	AUROC	0.8427405934954098
524	SGMCI	AUPRC	0.8393688807116839
524	SGMCI	Precision	0.6295252159126504
524	SGMCI	Recall	0.980024033856389
524	SGMCI	F1	0.7666119462968386
524	Complete Hi-C clique	AUROC	0.5651284144914605
524	Complete Hi-C clique	AUPRC	0.5882083646202747
524	Complete Hi-C clique	Precision	0.9863031483284648
524	Complete Hi-C clique	Recall	0.13230812100524217
524	Complete Hi-C clique	F1	0.23331772148983054
525	SGMCI	AUROC	0.8404349776164561
525	SGMCI	AUPRC	0.836208969237068
525	SGMCI	Precision	0.6283678119833788
525	SGMCI	Recall	0.9797105487730542
525	SGMCI	F1	0.7656574317932803
525	Complete Hi-C clique	AUROC	0.5645411368822866
525	Complete Hi-C clique	AUPRC	0.5876574941698589
525	Complete Hi-C clique	Precision	0.9862457427298926
525	Complete Hi-C clique	Recall	0.1311238440237552
525	Complete Hi-C clique	F1	0.23147279910227042
526	SGMCI	AUROC	0.8421136575722239
526	SGMCI	AUPRC	0.8373921913115482
526	SGMCI	Precision	0.6303555329073733
526	SGMCI	Recall	0.980224315992964
526	SGMCI	F1	0.7672886525910401
526	Complete Hi-C clique	AUROC	0.5648737669090382
526	Complete Hi-C clique	AUPRC	0.5880183322122997
526	Complete Hi-C clique	Precision	0.987074874339056
526	Complete Hi-C clique	Recall	0.13167244291959107
526	Complete Hi-C clique	F1	0.23235016172775955
527	SGMCI	AUROC	0.8414366158555346
527	SGMCI	AUPRC	0.8374321036220549
527	SGMCI	Precision	0.629751973573708
527	SGMCI	Recall	0.9794667270415716
527	SGMCI	F1	0.7666094163190753
527	Complete Hi-C clique	AUROC	0.5643976645583092
527	Complete Hi-C clique	AUPRC	0.5875569135126533
527	Complete Hi-C clique	Precision	0.9867902208201893
527	Complete Hi-C clique	Recall	0.13074940350754977
527	Complete Hi-C clique	F1	0.2309040859950482
528	SGMCI	AUROC	0.8410509046193978
528	SGMCI	AUPRC	0.8372639289132816
528	SGMCI	Precision	0.6294624630167173
528	SGMCI	Recall	0.980041449694352
528	SGMCI	F1	0.7665707425885879
528	Complete Hi-C clique	AUROC	0.5646261883837869
528	Complete Hi-C clique	AUPRC	0.5877223285759319
528	Complete Hi-C clique	Precision	0.9860094142259415
528	Complete Hi-C clique	Recall	0.13133283407931173
528	Complete Hi-C clique	F1	0.23179184532866126
529	SGMCI	AUROC	0.842841770079874
529	SGMCI	AUPRC	0.8395537623817667
529	SGMCI	Precision	0.6292061326504367
529	SGMCI	Recall	0.9799108309096293
529	SGMCI	F1	0.7663406927173424
529	Complete Hi-C clique	AUROC	0.5647586265176068
529	Complete Hi-C clique	AUPRC	0.5878280684133292
529	Complete Hi-C clique	Precision	0.9857208058942427
529	Complete Hi-C clique	Recall	0.13164631916264652
529	Complete Hi-C clique	F1	0.232271941617054
530	SGMCI	AUROC	0.8425017903179033
530	SGMCI	AUPRC	0.8383191439204527
530	SGMCI	Precision	0.6306556743093814
530	SGMCI	Recall	0.9798672913147216
530	SGMCI	F1	0.767401496939628
530	Complete Hi-C clique	AUROC	0.5635480174399575
530	Complete Hi-C clique	AUPRC	0.5866498178987851
530	Complete Hi-C clique	Precision	0.9848786311181854
530	Complete Hi-C clique	Recall	0.12931259687559868
530	Complete Hi-C clique	F1	0.2286092552110595
531	SGMCI	AUROC	0.8406411942461238
531	SGMCI	AUPRC	0.8356860122734959
531	SGMCI	Precision	0.6287098288115138
531	SGMCI	Recall	0.9798934150716662
531	SGMCI	F1	0.7659671501793603
531	Complete Hi-C clique	AUROC	0.5630746580388397
531	Complete Hi-C clique	AUPRC	0.5862451707568715
531	Complete Hi-C clique	Precision	0.9854810651679379
531	Complete Hi-C clique	Recall	0.12825893867883453
531	Complete Hi-C clique	F1	0.226977131233434
532	SGMCI	AUROC	0.8416429289510858
532	SGMCI	AUPRC	0.8378314591819447
532	SGMCI	Precision	0.6298009351289302
532	SGMCI	Recall	0.9794057716087009
532	SGMCI	F1	0.7666270196951159
532	Complete Hi-C clique	AUROC	0.5650305094507055
532	Complete Hi-C clique	AUPRC	0.5881663998665105
532	Complete Hi-C clique	Precision	0.9871051774666233
532	Complete Hi-C clique	Recall	0.13198592800292586
532	Complete Hi-C clique	F1	0.23283893911347
533	SGMCI	AUROC	0.8425731941614854
533	SGMCI	AUPRC	0.8381509511395091
533	SGMCI	Precision	0.6294775242550049
533	SGMCI	Recall	0.9796757170971281
533	SGMCI	F1	0.7664700031338992
533	Complete Hi-C clique	AUROC	0.5641300453410578
533	Complete Hi-C clique	AUPRC	0.5872885721172603
533	Complete Hi-C clique	Precision	0.9864802479720371
533	Complete Hi-C clique	Recall	0.13025305212560304
533	Complete Hi-C clique	F1	0.2301213067591788
534	SGMCI	AUROC	0.8426918201924739
534	SGMCI	AUPRC	0.8402741519001374
534	SGMCI	Precision	0.6293534564738261
534	SGMCI	Recall	0.9797018408540727
534	SGMCI	F1	0.7663860165392842
534	Complete Hi-C clique	AUROC	0.5633089663464012
534	Complete Hi-C clique	AUPRC	0.5864935821708586
534	Complete Hi-C clique	Precision	0.985985985985986
534	Complete Hi-C clique	Recall	0.12865950295198453
534	Complete Hi-C clique	F1	0.22761760242792106
535	SGMCI	AUROC	0.8418228976753075
535	SGMCI	AUPRC	0.8372495378029062
535	SGMCI	Precision	0.6284319911551369
535	SGMCI	Recall	0.980024033856389
535	SGMCI	F1	0.7658007995236881
535	Complete Hi-C clique	AUROC	0.5645983633733196
535	Complete Hi-C clique	AUPRC	0.5878166658201731
535	Complete Hi-C clique	Precision	0.9879795060430898
535	Complete Hi-C clique	Recall	0.13097580940106934
535	Complete Hi-C clique	F1	0.23128969260814072
536	SGMCI	AUROC	0.8422250297412825
536	SGMCI	AUPRC	0.8390639363672707
536	SGMCI	Precision	0.6292714305691511
536	SGMCI	Recall	0.979623469583239
536	SGMCI	F1	0.7663012196326456
536	Complete Hi-C clique	AUROC	0.5645459075202127
536	Complete Hi-C clique	AUPRC	0.5877319864288073
536	Complete Hi-C clique	Precision	0.9873941303919638
536	Complete Hi-C clique	Recall	0.1309583935631063
536	Complete Hi-C clique	F1	0.23124649224642307
537	SGMCI	AUROC	0.8418220851862208
537	SGMCI	AUPRC	0.8382820957991803
537	SGMCI	Precision	0.6290242306638408
537	SGMCI	Recall	0.9795015587174977
537	SGMCI	F1	0.7660806167655902
537	Complete Hi-C clique	AUROC	0.5641868273017243
537	Complete Hi-C clique	AUPRC	0.587210825976089
537	Complete Hi-C clique	Precision	0.9843258132214061
537	Complete Hi-C clique	Recall	0.13069715599366064
537	Complete Hi-C clique	F1	0.23075503897421704
538	SGMCI	AUROC	0.840102776839604
538	SGMCI	AUPRC	0.8363503723763435
538	SGMCI	Precision	0.6272945377447972
538	SGMCI	Recall	0.9790313310924955
538	SGMCI	F1	0.7646530734387964
538	Complete Hi-C clique	AUROC	0.5635000336419159
538	Complete Hi-C clique	AUPRC	0.5866701896003417
538	Complete Hi-C clique	Precision	0.985962344488058
538	Complete Hi-C clique	Recall	0.12905135930615302
538	Complete Hi-C clique	F1	0.22822998560087476
539	SGMCI	AUROC	0.8408683075279016
539	SGMCI	AUPRC	0.8377628376337146
539	SGMCI	Precision	0.6281974615913397
539	SGMCI	Recall	0.978804925198976
539	SGMCI	F1	0.7652543324857285
539	Complete Hi-C clique	AUROC	0.5646940323865419
539	Complete Hi-C clique	AUPRC	0.5878058004054585
539	Complete Hi-C clique	Precision	0.9863407620416966
539	Complete Hi-C clique	Recall	0.13141991326912694
539	Complete Hi-C clique	F1	0.2319366216122761
540	SGMCI	AUROC	0.8426423367076213
540	SGMCI	AUPRC	0.8388790679918816
540	SGMCI	Precision	0.6288378541559516
540	SGMCI	Recall	0.9795015587174977
540	SGMCI	F1	0.7659423793213807
540	Complete Hi-C clique	AUROC	0.5648630313017419
540	Complete Hi-C clique	AUPRC	0.5879926298413354
540	Complete Hi-C clique	Precision	0.9868189233278956
540	Complete Hi-C clique	Recall	0.13168985875755412
540	Complete Hi-C clique	F1	0.23237018200256607
541	SGMCI	AUROC	0.8401554617304005
541	SGMCI	AUPRC	0.835632730300782
541	SGMCI	Precision	0.6292080759244337
541	SGMCI	Recall	0.9791358261202737
541	SGMCI	F1	0.7661050207466052
541	Complete Hi-C clique	AUROC	0.5648469278907972
541	Complete Hi-C clique	AUPRC	0.5879541090366599
541	Complete Hi-C clique	Precision	0.9864353723751141
541	Complete Hi-C clique	Recall	0.13171598251449868
541	Complete Hi-C clique	F1	0.23240020895430658
542	SGMCI	AUROC	0.8414606259979938
542	SGMCI	AUPRC	0.8376681319746706
542	SGMCI	Precision	0.62902720776534
542	SGMCI	Recall	0.9796321775022205
542	SGMCI	F1	0.7661227714141731
542	Complete Hi-C clique	AUROC	0.5628274961920239
542	Complete Hi-C clique	AUPRC	0.5860194415141219
542	Complete Hi-C clique	Precision	0.9855559287873699
542	Complete Hi-C clique	Recall	0.12774517145892475
542	Complete Hi-C clique	F1	0.22617423278832588
543	SGMCI	AUROC	0.8421264167620033
543	SGMCI	AUPRC	0.838040039025651
543	SGMCI	Precision	0.628947089030571
543	SGMCI	Recall	0.9801372368031488
543	SGMCI	F1	0.7662177202781494
543	Complete Hi-C clique	AUROC	0.564382574991522
543	Complete Hi-C clique	AUPRC	0.5875271177721454
543	Complete Hi-C clique	Precision	0.9865317653242232
543	Complete Hi-C clique	Recall	0.1307581114265313
543	Complete Hi-C clique	F1	0.23091058673371317
544	SGMCI	AUROC	0.8427186671684095
544	SGMCI	AUPRC	0.8388147778091269
544	SGMCI	Precision	0.6295776380841592
544	SGMCI	Recall	0.9802591476688901
544	SGMCI	F1	0.7667227440216319
544	Complete Hi-C clique	AUROC	0.564693136637959
544	Complete Hi-C clique	AUPRC	0.587898384189499
544	Complete Hi-C clique	Precision	0.9878688524590163
544	Complete Hi-C clique	Recall	0.13118479945662587
544	Complete Hi-C clique	F1	0.23161244695898164
545	SGMCI	AUROC	0.843907374427065
545	SGMCI	AUPRC	0.8404640519915263
545	SGMCI	Precision	0.6291429242460674
545	SGMCI	Recall	0.9797192566920357
545	SGMCI	F1	0.7662352256126838
545	Complete Hi-C clique	AUROC	0.5651800648396276
545	Complete Hi-C clique	AUPRC	0.5883193634472854
545	Complete Hi-C clique	Precision	0.9873236689852435
545	Complete Hi-C clique	Recall	0.13225587349135304
545	Complete Hi-C clique	F1	0.23326498798196912
546	SGMCI	AUROC	0.8426595709154374
546	SGMCI	AUPRC	0.839260180869528
546	SGMCI	Precision	0.6292004116515281
546	SGMCI	Recall	0.979606053745276
546	SGMCI	F1	0.7662432312774581
546	Complete Hi-C clique	AUROC	0.5645709271893565
546	Complete Hi-C clique	AUPRC	0.5878142124936995
546	Complete Hi-C clique	Precision	0.9883590924038146
546	Complete Hi-C clique	Recall	0.13086260645430955
546	Complete Hi-C clique	F1	0.23112355144067737
547	SGMCI	AUROC	0.841602049003965
547	SGMCI	AUPRC	0.8374001330514511
547	SGMCI	Precision	0.6285054824683962
547	SGMCI	Recall	0.9793012765809227
547	SGMCI	F1	0.7656345737510722
547	Complete Hi-C clique	AUROC	0.5644723971309484
547	Complete Hi-C clique	AUPRC	0.5876664414775183
547	Complete Hi-C clique	Precision	0.9874441230607415
547	Complete Hi-C clique	Recall	0.1308016510214389
547	Complete Hi-C clique	F1	0.23100346020761245
548	SGMCI	AUROC	0.8408537314440585
548	SGMCI	AUPRC	0.8370105472461925
548	SGMCI	Precision	0.62944409618054
548	SGMCI	Recall	0.9792838607429597
548	SGMCI	F1	0.7663252720594749
548	Complete Hi-C clique	AUROC	0.5636732684210322
548	Complete Hi-C clique	AUPRC	0.5867604120482192
548	Complete Hi-C clique	Precision	0.984779299847793
548	Complete Hi-C clique	Recall	0.12958254236402583
548	Complete Hi-C clique	F1	0.22902831110666488
549	SGMCI	AUROC	0.8411951338132557
549	SGMCI	AUPRC	0.8377341045905529
549	SGMCI	Precision	0.6289250515700207
549	SGMCI	Recall	0.9796757170971281
549	SGMCI	F1	0.7660603089326267
549	Complete Hi-C clique	AUROC	0.5639718722767976
549	Complete Hi-C clique	AUPRC	0.5870617389249553
549	Complete Hi-C clique	Precision	0.9851671171468126
549	Complete Hi-C clique	Recall	0.13013114125986172
549	Complete Hi-C clique	F1	0.22989531332928226
550	SGMCI	AUROC	0.842291700026409
550	SGMCI	AUPRC	0.8379679328835135
550	SGMCI	Precision	0.6294999440653317
550	SGMCI	Recall	0.9800066180184259
550	SGMCI	F1	0.7665878794896771
550	Complete Hi-C clique	AUROC	0.5635486424576107
550	Complete Hi-C clique	AUPRC	0.5867548975297611
550	Complete Hi-C clique	Precision	0.9866187337727182
550	Complete Hi-C clique	Recall	0.12905135930615302
550	Complete Hi-C clique	F1	0.22824756081596195
551	SGMCI	AUROC	0.8417619710255875
551	SGMCI	AUPRC	0.8380204660218911
551	SGMCI	Precision	0.6293441257525533
551	SGMCI	Recall	0.9803723506156499
551	SGMCI	F1	0.7665841643147255
551	Complete Hi-C clique	AUROC	0.5640465146057937
551	Complete Hi-C clique	AUPRC	0.5872368681565309
551	Complete Hi-C clique	Precision	0.9869125520523498
551	Complete Hi-C clique	Recall	0.13001793831310193
551	Complete Hi-C clique	F1	0.2297660175275262
552	SGMCI	AUROC	0.8438281171854539
552	SGMCI	AUPRC	0.8408253255656868
552	SGMCI	Precision	0.6292034952954397
552	SGMCI	Recall	0.9800327417753705
552	SGMCI	F1	0.7663760141910134
552	Complete Hi-C clique	AUROC	0.5646000646268422
552	Complete Hi-C clique	AUPRC	0.5876976521563746
552	Complete Hi-C clique	Precision	0.9860039241334205
552	Complete Hi-C clique	Recall	0.1312805865654226
552	Complete Hi-C clique	F1	0.23171031599655725
553	SGMCI	AUROC	0.8426072514013432
553	SGMCI	AUPRC	0.838427583476335
553	SGMCI	Precision	0.6300598104881163
553	SGMCI	Recall	0.9796931329350912
553	SGMCI	F1	0.7669068377175344
553	Complete Hi-C clique	AUROC	0.5648960436285707
553	Complete Hi-C clique	AUPRC	0.5880432690453151
553	Complete Hi-C clique	Precision	0.9871426706696254
553	Complete Hi-C clique	Recall	0.13170727459551718
553	Complete Hi-C clique	F1	0.23240626920712973
554	SGMCI	AUROC	0.8418275166514262
554	SGMCI	AUPRC	0.8380615132004661
554	SGMCI	Precision	0.6288011263010286
554	SGMCI	Recall	0.9800849892892597
554	SGMCI	F1	0.7660934346614211
554	Complete Hi-C clique	AUROC	0.5643779224491701
554	Complete Hi-C clique	AUPRC	0.5875538231237525
554	Complete Hi-C clique	Precision	0.987042031178057
554	Complete Hi-C clique	Recall	0.13067103223671606
554	Complete Hi-C clique	F1	0.23078875123999348
555	SGMCI	AUROC	0.8432872428830476
555	SGMCI	AUPRC	0.8394158498683291
555	SGMCI	Precision	0.6298210446156602
555	SGMCI	Recall	0.9794754349605531
555	SGMCI	F1	0.7666632586988378
555	Complete Hi-C clique	AUROC	0.5647890139903988
555	Complete Hi-C clique	AUPRC	0.5879227100803219
555	Complete Hi-C clique	Precision	0.9868042853409982
555	Complete Hi-C clique	Recall	0.13154182413486826
555	Complete Hi-C clique	F1	0.23213928972077513
556	SGMCI	AUROC	0.8416418578792522
556	SGMCI	AUPRC	0.8382965038333503
556	SGMCI	Precision	0.6286095614637606
556	SGMCI	Recall	0.980224315992964
556	SGMCI	F1	0.7659937872349112
556	Complete Hi-C clique	AUROC	0.5639121390273021
556	Complete Hi-C clique	AUPRC	0.5870478426945533
556	Complete Hi-C clique	Precision	0.985857784826857
556	Complete Hi-C clique	Recall	0.12990473536634214
556	Complete Hi-C clique	F1	0.2295606678464261
557	SGMCI	AUROC	0.8422376055231323
557	SGMCI	AUPRC	0.8385641216825099
557	SGMCI	Precision	0.6292121001896599
557	SGMCI	Recall	0.9793448161758302
557	SGMCI	F1	0.7661719673409882
557	Complete Hi-C clique	AUROC	0.5652898095754796
557	Complete Hi-C clique	AUPRC	0.5883298154009926
557	Complete Hi-C clique	Precision	0.9858334950514264
557	Complete Hi-C clique	Recall	0.13270868527839216
557	Complete Hi-C clique	F1	0.23392710499858013
558	SGMCI	AUROC	0.8415106884897866
558	SGMCI	AUPRC	0.837483591450716
558	SGMCI	Precision	0.6287534579595943
558	SGMCI	Recall	0.9796931329350912
558	SGMCI	F1	0.7659383265310291
558	Complete Hi-C clique	AUROC	0.5647383774863891
558	Complete Hi-C clique	AUPRC	0.5878205547068426
558	Complete Hi-C clique	Precision	0.9859063030144852
558	Complete Hi-C clique	Recall	0.13157665581079434
558	Complete Hi-C clique	F1	0.23216864878153715
559	SGMCI	AUROC	0.8442737295445804
559	SGMCI	AUPRC	0.8414090351028006
559	SGMCI	Precision	0.6297301380363808
559	SGMCI	Recall	0.980041449694352
559	SGMCI	F1	0.7667692014211794
559	Complete Hi-C clique	AUROC	0.5646967753361531
559	Complete Hi-C clique	AUPRC	0.5878628168643099
559	Complete Hi-C clique	Precision	0.9872315348349922
559	Complete Hi-C clique	Recall	0.13128929448440413
559	Complete Hi-C clique	F1	0.23175774344785183
560	SGMCI	AUROC	0.8424539093772976
560	SGMCI	AUPRC	0.838518769652073
560	SGMCI	Precision	0.6292730383441243
560	SGMCI	Recall	0.9800588655323151
560	SGMCI	F1	0.7664355855794506
560	Complete Hi-C clique	AUROC	0.5645996758003379
560	Complete Hi-C clique	AUPRC	0.5877944786394382
560	Complete Hi-C clique	Precision	0.9875959834613113
560	Complete Hi-C clique	Recall	0.13103676483393997
560	Complete Hi-C clique	F1	0.23137420718816068
561	SGMCI	AUROC	0.8420196604367793
561	SGMCI	AUPRC	0.8380410792042126
561	SGMCI	Precision	0.6296462033282059
561	SGMCI	Recall	0.980206900155001
561	SGMCI	F1	0.7667576026947035
561	Complete Hi-C clique	AUROC	0.5646123210003748
561	Complete Hi-C clique	AUPRC	0.5877363761806303
561	Complete Hi-C clique	Precision	0.9864511061657285
561	Complete Hi-C clique	Recall	0.131237046970515
561	Complete Hi-C clique	F1	0.23165483107381107
562	SGMCI	AUROC	0.841050724132111
562	SGMCI	AUPRC	0.8368177863954754
562	SGMCI	Precision	0.6295334612952507
562	SGMCI	Recall	0.9796147616642574
562	SGMCI	F1	0.7664928101057108
562	Complete Hi-C clique	AUROC	0.5645833640501757
562	Complete Hi-C clique	AUPRC	0.5877206729542024
562	Complete Hi-C clique	Precision	0.9866360956436292
562	Complete Hi-C clique	Recall	0.13114996778069976
562	Complete Hi-C clique	F1	0.23152425386040285
563	SGMCI	AUROC	0.8422593463681227
563	SGMCI	AUPRC	0.8385924531519314
563	SGMCI	Precision	0.6293444934315063
563	SGMCI	Recall	0.9795015587174977
563	SGMCI	F1	0.7663180842729161
563	Complete Hi-C clique	AUROC	0.564114448852192
563	Complete Hi-C clique	AUPRC	0.58725444136564
563	Complete Hi-C clique	Precision	0.986156888595913
563	Complete Hi-C clique	Recall	0.13027046796356606
563	Complete Hi-C clique	F1	0.23013968371177157
564	SGMCI	AUROC	0.8421021049467274
564	SGMCI	AUPRC	0.8388134976021642
564	SGMCI	Precision	0.62936499949683
564	SGMCI	Recall	0.9802678555878717
564	SGMCI	F1	0.7665677008144254
564	Complete Hi-C clique	AUROC	0.5649230909860294
564	Complete Hi-C clique	AUPRC	0.5881429935911408
564	Complete Hi-C clique	Precision	0.9883568812140241
564	Complete Hi-C clique	Recall	0.13157665581079434
564	Complete Hi-C clique	F1	0.23223644775064167
565	SGMCI	AUROC	0.842856124702769
565	SGMCI	AUPRC	0.8396769385769745
565	SGMCI	Precision	0.6286445756193543
565	SGMCI	Recall	0.9793099844999043
565	SGMCI	F1	0.7657404318192651
565	Complete Hi-C clique	AUROC	0.5644823272333052
565	Complete Hi-C clique	AUPRC	0.5877187736910479
565	Complete Hi-C clique	Precision	0.9881508788098216
565	Complete Hi-C clique	Recall	0.1307145718316237
565	Complete Hi-C clique	F1	0.23088695598674144
566	SGMCI	AUROC	0.8413780970433606
566	SGMCI	AUPRC	0.8371692460738619
566	SGMCI	Precision	0.6286030422585585
566	SGMCI	Recall	0.9795189745554608
566	SGMCI	F1	0.7657734934509707
566	Complete Hi-C clique	AUROC	0.563564030607259
566	Complete Hi-C clique	AUPRC	0.5867539033996286
566	Complete Hi-C clique	Precision	0.9863633339985366
566	Complete Hi-C clique	Recall	0.12912102265800518
566	Complete Hi-C clique	F1	0.22834967005721063
567	SGMCI	AUROC	0.8420202739835003
567	SGMCI	AUPRC	0.8379494829055825
567	SGMCI	Precision	0.6292349772624302
567	SGMCI	Recall	0.9795886379073129
567	SGMCI	F1	0.7662635337872127
567	Complete Hi-C clique	AUROC	0.5643415700070079
567	Complete Hi-C clique	AUPRC	0.587507812349269
567	Complete Hi-C clique	Precision	0.9868429708571804
567	Complete Hi-C clique	Recall	0.13062749264180845
567	Complete Hi-C clique	F1	0.23071540076438604
568	SGMCI	AUROC	0.84122521732751
568	SGMCI	AUPRC	0.8373560168734091
568	SGMCI	Precision	0.6293328113640176
568	SGMCI	Recall	0.9799108309096293
568	SGMCI	F1	0.7664346428376833
568	Complete Hi-C clique	AUROC	0.564134190961331
568	Complete Hi-C clique	AUPRC	0.5872575906988156
568	Complete Hi-C clique	Precision	0.9859052888098532
568	Complete Hi-C clique	Recall	0.13034883923439977
568	Complete Hi-C clique	F1	0.23025511263565115
569	SGMCI	AUROC	0.842778434957686
569	SGMCI	AUPRC	0.8395673221522246
569	SGMCI	Precision	0.6296694136273868
569	SGMCI	Recall	0.9800675734512966
569	SGMCI	F1	0.7667321795347791
569	Complete Hi-C clique	AUROC	0.5637668473542274
569	Complete Hi-C clique	AUPRC	0.5869649067628209
569	Complete Hi-C clique	Precision	0.9867277191585374
569	Complete Hi-C clique	Recall	0.12947804733624757
569	Complete Hi-C clique	F1	0.22891761029043856
570	SGMCI	AUROC	0.843661365345437
570	SGMCI	AUPRC	0.840471600029135
570	SGMCI	Precision	0.6289333489856725
570	SGMCI	Recall	0.9797105487730542
570	SGMCI	F1	0.7660771129457826
570	Complete Hi-C clique	AUROC	0.5652992327557577
570	Complete Hi-C clique	AUPRC	0.588377484007236
570	Complete Hi-C clique	Precision	0.9864637305699482
570	Complete Hi-C clique	Recall	0.13263031400755848
570	Complete Hi-C clique	F1	0.23382305531248562
571	SGMCI	AUROC	0.8424993859089388
571	SGMCI	AUPRC	0.8393956771750544
571	SGMCI	Precision	0.6288894849785408
571	SGMCI	Recall	0.9799543705045368
571	SGMCI	F1	0.7661190951113411
571	Complete Hi-C clique	AUROC	0.5641361284060025
571	Complete Hi-C clique	AUPRC	0.5873409849604099
571	Complete Hi-C clique	Precision	0.9872514697139837
571	Complete Hi-C clique	Recall	0.13014855709782477
571	Complete Hi-C clique	F1	0.22997915015733553
572	SGMCI	AUROC	0.8416877857984224
572	SGMCI	AUPRC	0.8378011053490079
572	SGMCI	Precision	0.6294925413190795
572	SGMCI	Recall	0.9803897664536129
572	SGMCI	F1	0.7666995811910519
572	Complete Hi-C clique	AUROC	0.5642114581443639
572	Complete Hi-C clique	AUPRC	0.5873887918636699
572	Complete Hi-C clique	Precision	0.9868811391654031
572	Complete Hi-C clique	Recall	0.1303575471533813
572	Complete Hi-C clique	F1	0.23029529179198044
573	SGMCI	AUROC	0.8412310004127643
573	SGMCI	AUPRC	0.8369603714051415
573	SGMCI	Precision	0.6290804006618075
573	SGMCI	Recall	0.9800327417753705
573	SGMCI	F1	0.7662846988173296
573	Complete Hi-C clique	AUROC	0.564446571956865
573	Complete Hi-C clique	AUPRC	0.5876108910752877
573	Complete Hi-C clique	Precision	0.986927675228273
573	Complete Hi-C clique	Recall	0.13082777477838345
573	Complete Hi-C clique	F1	0.23103005512797836
574	SGMCI	AUROC	0.8426912344976841
574	SGMCI	AUPRC	0.8395545336265909
574	SGMCI	Precision	0.6292529368678256
574	SGMCI	Recall	0.9799892021804629
574	SGMCI	F1	0.7663993734783867
574	Complete Hi-C clique	AUROC	0.5635140191209023
574	Complete Hi-C clique	AUPRC	0.586757196875578
574	Complete Hi-C clique	Precision	0.9871948779511804
574	Complete Hi-C clique	Recall	0.12889461676448563
574	Complete Hi-C clique	F1	0.2280177460102286
575	SGMCI	AUROC	0.8412266941994412
575	SGMCI	AUPRC	0.8373282804090859
575	SGMCI	Precision	0.6290666994611274
575	SGMCI	Recall	0.9799456625855553
575	SGMCI	F1	0.7662479147516426
575	Complete Hi-C clique	AUROC	0.5647136842520375
575	Complete Hi-C clique	AUPRC	0.5878748954953184
575	Complete Hi-C clique	Precision	0.9871710956931535
575	Complete Hi-C clique	Recall	0.13133283407931173
575	Complete Hi-C clique	F1	0.2318239109717483
576	SGMCI	AUROC	0.8428398548151597
576	SGMCI	AUPRC	0.8386778774581001
576	SGMCI	Precision	0.6299700355652637
576	SGMCI	Recall	0.9794493112036086
576	SGMCI	F1	0.7667656271835792
576	Complete Hi-C clique	AUROC	0.5640642290266177
576	Complete Hi-C clique	AUPRC	0.5872225189582513
576	Complete Hi-C clique	Precision	0.9864026402640264
576	Complete Hi-C clique	Recall	0.13013114125986172
576	Complete Hi-C clique	F1	0.22992891651537067
577	SGMCI	AUROC	0.840917404218002
577	SGMCI	AUPRC	0.8369745923527317
577	SGMCI	Precision	0.6297077685876414
577	SGMCI	Recall	0.9798585833957401
577	SGMCI	F1	0.7666966463622364
577	Complete Hi-C clique	AUROC	0.5650767641432933
577	Complete Hi-C clique	AUPRC	0.5880976444113074
577	Complete Hi-C clique	Precision	0.9852855383418682
577	Complete Hi-C clique	Recall	0.1323603685191313
577	Complete Hi-C clique	F1	0.23337043718573677
578	SGMCI	AUROC	0.842837894470952
578	SGMCI	AUPRC	0.8393182320585837
578	SGMCI	Precision	0.629631702049084
578	SGMCI	Recall	0.9798498754767586
578	SGMCI	F1	0.7666375974273724
578	Complete Hi-C clique	AUROC	0.5644164830669338
578	Complete Hi-C clique	AUPRC	0.5874855590606104
578	Complete Hi-C clique	Precision	0.9853297530945052
578	Complete Hi-C clique	Recall	0.13101064107699542
578	Complete Hi-C clique	F1	0.23127118448661488
579	SGMCI	AUROC	0.8433627781246398
579	SGMCI	AUPRC	0.8394174659353456
579	SGMCI	Precision	0.6305936917104976
579	SGMCI	Recall	0.9803201031017608
579	SGMCI	F1	0.7674944182162153
579	Complete Hi-C clique	AUROC	0.5649009947537835
579	Complete Hi-C clique	AUPRC	0.5879857861996864
579	Complete Hi-C clique	Precision	0.9861301035358468
579	Complete Hi-C clique	Recall	0.13187272505616607
579	Complete Hi-C clique	F1	0.2326356618917777
580	SGMCI	AUROC	0.84119752670896
580	SGMCI	AUPRC	0.837685236548865
580	SGMCI	Precision	0.6286600184362692
580	SGMCI	Recall	0.9798759992337032
580	SGMCI	F1	0.7659248620815224
580	Complete Hi-C clique	AUROC	0.5643452087052022
580	Complete Hi-C clique	AUPRC	0.5874724186428548
580	Complete Hi-C clique	Precision	0.9862050844117454
580	Complete Hi-C clique	Recall	0.1307319876695867
580	Complete Hi-C clique	F1	0.23086090372978832
581	SGMCI	AUROC	0.8424287984063062
581	SGMCI	AUPRC	0.8389999103502711
581	SGMCI	Precision	0.628622196394846
581	SGMCI	Recall	0.9796583012591651
581	SGMCI	F1	0.7658302814120979
581	Complete Hi-C clique	AUROC	0.5647444605513338
581	Complete Hi-C clique	AUPRC	0.5878728498952315
581	Complete Hi-C clique	Precision	0.9866684093582538
581	Complete Hi-C clique	Recall	0.13147216078301607
581	Complete Hi-C clique	F1	0.23202704779468267
582	SGMCI	AUROC	0.8418068037035431
582	SGMCI	AUPRC	0.8375843829692406
582	SGMCI	Precision	0.6290549123405874
582	SGMCI	Recall	0.9788920043887912
582	SGMCI	F1	0.7659168565890284
582	Complete Hi-C clique	AUROC	0.5641115254152941
582	Complete Hi-C clique	AUPRC	0.5873294343118945
582	Complete Hi-C clique	Precision	0.98743967739803
582	Complete Hi-C clique	Recall	0.13007018582699106
582	Complete Hi-C clique	F1	0.22986188589235562
583	SGMCI	AUROC	0.8422037393949298
583	SGMCI	AUPRC	0.8389369628729518
583	SGMCI	Precision	0.6294057113455107
583	SGMCI	Recall	0.9799804942614814
583	SGMCI	F1	0.76651001225991
583	Complete Hi-C clique	AUROC	0.5639518315847977
583	Complete Hi-C clique	AUPRC	0.5870892083522559
583	Complete Hi-C clique	Precision	0.9859303784926349
583	Complete Hi-C clique	Recall	0.12997439871819433
583	Complete Hi-C clique	F1	0.22967140340214037
584	SGMCI	AUROC	0.8412754944654167
584	SGMCI	AUPRC	0.8373226607537839
584	SGMCI	Precision	0.6292641196106169
584	SGMCI	Recall	0.9800066180184259
584	SGMCI	F1	0.7664129935134584
584	Complete Hi-C clique	AUROC	0.5635138107816846
584	Complete Hi-C clique	AUPRC	0.5867219944764546
584	Complete Hi-C clique	Precision	0.9866116032771598
584	Complete Hi-C clique	Recall	0.12898169595430084
584	Complete Hi-C clique	F1	0.22813840478702516
585	SGMCI	AUROC	0.843278594985401
585	SGMCI	AUPRC	0.8404875876457569
585	SGMCI	Precision	0.6283602338136526
585	SGMCI	Recall	0.9800762813702781
585	SGMCI	F1	0.7657634671973601
585	Complete Hi-C clique	AUROC	0.5645086314775364
585	Complete Hi-C clique	AUPRC	0.5876112847512422
585	Complete Hi-C clique	Precision	0.9859846748313577
585	Complete Hi-C clique	Recall	0.13109772026681063
585	Complete Hi-C clique	F1	0.2314249041173803
586	SGMCI	AUROC	0.8416740721932262
586	SGMCI	AUPRC	0.8371663830611503
586	SGMCI	Precision	0.6290367670080959
586	SGMCI	Recall	0.9797018408540727
586	SGMCI	F1	0.7661511641368226
586	Complete Hi-C clique	AUROC	0.5640137106181824
586	Complete Hi-C clique	AUPRC	0.5872214469594296
586	Complete Hi-C clique	Precision	0.9871633692847218
586	Complete Hi-C clique	Recall	0.12991344328532367
586	Complete Hi-C clique	F1	0.22960962208832558
587	SGMCI	AUROC	0.843249789570025
587	SGMCI	AUPRC	0.8394258115668651
587	SGMCI	Precision	0.6300293747377256
587	SGMCI	Recall	0.9805290931573173
587	SGMCI	F1	0.767140273127063
587	Complete Hi-C clique	AUROC	0.5642188536363268
587	Complete Hi-C clique	AUPRC	0.5874191324969407
587	Complete Hi-C clique	Precision	0.9872674495316005
587	Complete Hi-C clique	Recall	0.13031400755847367
587	Complete Hi-C clique	F1	0.23023785347241452
588	SGMCI	AUROC	0.8419131654033047
588	SGMCI	AUPRC	0.8378120025213316
588	SGMCI	Precision	0.6288081523652027
588	SGMCI	Recall	0.9800849892892597
588	SGMCI	F1	0.7660986492143389
588	Complete Hi-C clique	AUROC	0.5645442686584021
588	Complete Hi-C clique	AUPRC	0.5876178550570261
588	Complete Hi-C clique	Precision	0.9855479989537013
588	Complete Hi-C clique	Recall	0.131237046970515
588	Complete Hi-C clique	F1	0.2316299085529855
589	SGMCI	AUROC	0.841860657359573
589	SGMCI	AUPRC	0.838840015580296
589	SGMCI	Precision	0.6287022183966509
589	SGMCI	Recall	0.9794928507985162
589	SGMCI	F1	0.7658390950158467
589	Complete Hi-C clique	AUROC	0.5628944165942648
589	Complete Hi-C clique	AUPRC	0.5860286223151635
589	Complete Hi-C clique	Precision	0.9846617548559946
589	Complete Hi-C clique	Recall	0.12801511694735193
589	Complete Hi-C clique	F1	0.22657357746131557
590	SGMCI	AUROC	0.84258033386436
590	SGMCI	AUPRC	0.8397061787744574
590	SGMCI	Precision	0.6294147594085495
590	SGMCI	Recall	0.9796931329350912
590	SGMCI	F1	0.7664288025614387
590	Complete Hi-C clique	AUROC	0.5642505256842062
590	Complete Hi-C clique	AUPRC	0.5873249410946116
590	Complete Hi-C clique	Precision	0.9852294360926935
590	Complete Hi-C clique	Recall	0.1306884480746791
590	Complete Hi-C clique	F1	0.23076627380430684
591	SGMCI	AUROC	0.8413594137732162
591	SGMCI	AUPRC	0.837250817694351
591	SGMCI	Precision	0.6292571390236812
591	SGMCI	Recall	0.9801546526411118
591	SGMCI	F1	0.7664530802072764
591	Complete Hi-C clique	AUROC	0.5645124785149483
591	Complete Hi-C clique	AUPRC	0.5876110451961074
591	Complete Hi-C clique	Precision	0.9859219486642221
591	Complete Hi-C clique	Recall	0.13111513610477368
591	Complete Hi-C clique	F1	0.23145031127507493
592	SGMCI	AUROC	0.8410851077221049
592	SGMCI	AUPRC	0.8378732005134015
592	SGMCI	Precision	0.6289703062188652
592	SGMCI	Recall	0.9796147616642574
592	SGMCI	F1	0.7660752408094056
592	Complete Hi-C clique	AUROC	0.5637786870493245
592	Complete Hi-C clique	AUPRC	0.5869334045154666
592	Complete Hi-C clique	Precision	0.9860218615435574
592	Complete Hi-C clique	Recall	0.1296086661209704
592	Complete Hi-C clique	F1	0.22910269138709954
593	SGMCI	AUROC	0.8428219262138316
593	SGMCI	AUPRC	0.8387678101991779
593	SGMCI	Precision	0.6288197411708194
593	SGMCI	Recall	0.9803549347776869
593	SGMCI	F1	0.766189706507869
593	Complete Hi-C clique	AUROC	0.5637712013137183
593	Complete Hi-C clique	AUPRC	0.586969019670712
593	Complete Hi-C clique	Precision	0.986728599867286
593	Complete Hi-C clique	Recall	0.1294867552552291
593	Complete Hi-C clique	F1	0.22893124364935183
594	SGMCI	AUROC	0.8404943699549277
594	SGMCI	AUPRC	0.8367354746255252
594	SGMCI	Precision	0.6283490871712364
594	SGMCI	Recall	0.979440603284627
594	SGMCI	F1	0.7655610838477821
594	Complete Hi-C clique	AUROC	0.5643154462500635
594	Complete Hi-C clique	AUPRC	0.5874831347469571
594	Complete Hi-C clique	Precision	0.9868377755840737
594	Complete Hi-C clique	Recall	0.13057524512791932
594	Complete Hi-C clique	F1	0.23063376219882642
595	SGMCI	AUROC	0.8421270643405674
595	SGMCI	AUPRC	0.8385176294765215
595	SGMCI	Precision	0.6289315209429499
595	SGMCI	Recall	0.9794667270415716
595	SGMCI	F1	0.7660012053895211
595	Complete Hi-C clique	AUROC	0.5648212208122881
595	Complete Hi-C clique	AUPRC	0.5879998667737916
595	Complete Hi-C clique	Precision	0.9875735775016351
595	Complete Hi-C clique	Recall	0.13148957662097913
595	Complete Hi-C clique	F1	0.23207918357309726
596	SGMCI	AUROC	0.8418195616234778
596	SGMCI	AUPRC	0.8386423574136527
596	SGMCI	Precision	0.6289705833025862
596	SGMCI	Recall	0.9797192566920357
596	SGMCI	F1	0.7661073962603331
596	Complete Hi-C clique	AUROC	0.5651889810978269
596	Complete Hi-C clique	AUPRC	0.588362899782459
596	Complete Hi-C clique	Precision	0.9878953533775868
596	Complete Hi-C clique	Recall	0.13218621013950085
596	Complete Hi-C clique	F1	0.2331725599827962
597	SGMCI	AUROC	0.8418238479425642
597	SGMCI	AUPRC	0.8379512191544939
597	SGMCI	Precision	0.6288837230095221
597	SGMCI	Recall	0.9799892021804629
597	SGMCI	F1	0.7661254637666361
597	Complete Hi-C clique	AUROC	0.564463390629106
597	Complete Hi-C clique	AUPRC	0.5876891572115011
597	Complete Hi-C clique	Precision	0.9879549792667676
597	Complete Hi-C clique	Recall	0.13070586391264216
597	Complete Hi-C clique	F1	0.23086802377894505
598	SGMCI	AUROC	0.8415548241498839
598	SGMCI	AUPRC	0.8382862544388014
598	SGMCI	Precision	0.6294222291839155
598	SGMCI	Recall	0.9797540883679619
598	SGMCI	F1	0.7664529929085745
598	Complete Hi-C clique	AUROC	0.5640651526271319
598	Complete Hi-C clique	AUPRC	0.5872973274679948
598	Complete Hi-C clique	Precision	0.9876240900066181
598	Complete Hi-C clique	Recall	0.12994827496124975
598	Complete Hi-C clique	F1	0.22967648597900694
599	SGMCI	AUROC	0.8449441043639744
599	SGMCI	AUPRC	0.8413345560281585
599	SGMCI	Precision	0.6297508363262064
599	SGMCI	Recall	0.9802765635068531
599	SGMCI	F1	0.7668564966825161
599	Complete Hi-C clique	AUROC	0.5647054554032035
599	Complete Hi-C clique	AUPRC	0.5877045192848063
599	Complete Hi-C clique	Precision	0.984510250569476
599	Complete Hi-C clique	Recall	0.1317246904334802
599	Complete Hi-C clique	F1	0.232360237475327
600	SGMCI	AUROC	0.8424746638491082
600	SGMCI	AUPRC	0.8387140460705805
600	SGMCI	Precision	0.6292396091846089
600	SGMCI	Recall	0.9803026872637977
600	SGMCI	F1	0.7664853308640798
600	Complete Hi-C clique	AUROC	0.5639582132326032
600	Complete Hi-C clique	AUPRC	0.5871107373920139
600	Complete Hi-C clique	Precision	0.9861882104150146
600	Complete Hi-C clique	Recall	0.12994827496124975
600	Complete Hi-C clique	F1	0.2296376086789259
601	SGMCI	AUROC	0.8413007998496601
601	SGMCI	AUPRC	0.8369519339193888
601	SGMCI	Precision	0.6288670165495732
601	SGMCI	Recall	0.9797715042059248
601	SGMCI	F1	0.7660465353781212
601	Complete Hi-C clique	AUROC	0.5643730615676006
601	Complete Hi-C clique	AUPRC	0.5875453399745104
601	Complete Hi-C clique	Precision	0.9869771112865036
601	Complete Hi-C clique	Recall	0.13067103223671606
601	Complete Hi-C clique	F1	0.23078697651527966
602	SGMCI	AUROC	0.8427853764801021
602	SGMCI	AUPRC	0.838652307714191
602	SGMCI	Precision	0.628892428942735
602	SGMCI	Recall	0.9797453804489803
602	SGMCI	F1	0.7660574039211147
602	Complete Hi-C clique	AUROC	0.564273427421392
602	Complete Hi-C clique	AUPRC	0.5874551116692769
602	Complete Hi-C clique	Precision	0.9870215429211411
602	Complete Hi-C clique	Recall	0.13046204218115956
602	Complete Hi-C clique	F1	0.23046217033157207
603	SGMCI	AUROC	0.8405121388520973
603	SGMCI	AUPRC	0.837415590608204
603	SGMCI	Precision	0.6282543246700292
603	SGMCI	Recall	0.979440603284627
603	SGMCI	F1	0.765490745876564
603	Complete Hi-C clique	AUROC	0.5644045531281934
603	Complete Hi-C clique	AUPRC	0.587582872362419
603	Complete Hi-C clique	Precision	0.987111198790031
603	Complete Hi-C clique	Recall	0.1307145718316237
603	Complete Hi-C clique	F1	0.23085854896382027
604	SGMCI	AUROC	0.8418904940159815
604	SGMCI	AUPRC	0.8381724476569903
604	SGMCI	Precision	0.628814401617055
604	SGMCI	Recall	0.980642296104077
604	SGMCI	F1	0.7662734878150845
604	Complete Hi-C clique	AUROC	0.5644754386634209
604	Complete Hi-C clique	AUPRC	0.587692726389242
604	Complete Hi-C clique	Precision	0.9878289473684211
604	Complete Hi-C clique	Recall	0.13074940350754977
604	Complete Hi-C clique	F1	0.230932496654824
605	SGMCI	AUROC	0.8410581388833883
605	SGMCI	AUPRC	0.8375135136444412
605	SGMCI	Precision	0.6297557696616626
605	SGMCI	Recall	0.9789790835786064
605	SGMCI	F1	0.7664628201719401
605	Complete Hi-C clique	AUROC	0.5637048780771995
605	Complete Hi-C clique	AUPRC	0.5868985978895005
605	Complete Hi-C clique	Precision	0.9865860946942028
605	Complete Hi-C clique	Recall	0.1293735523084693
605	Complete Hi-C clique	F1	0.22875047152744096
606	SGMCI	AUROC	0.8404229711060689
606	SGMCI	AUPRC	0.8367384240485681
606	SGMCI	Precision	0.6287283618117407
606	SGMCI	Recall	0.979823751719814
606	SGMCI	F1	0.765959619338062
606	Complete Hi-C clique	AUROC	0.5646543398290463
606	Complete Hi-C clique	AUPRC	0.5877644268959981
606	Complete Hi-C clique	Precision	0.9862691251471165
606	Complete Hi-C clique	Recall	0.13135024991727476
606	Complete Hi-C clique	F1	0.23182614575969013
607	SGMCI	AUROC	0.8397149737033291
607	SGMCI	AUPRC	0.8362738757062277
607	SGMCI	Precision	0.6281035570518511
607	SGMCI	Recall	0.9796321775022205
607	SGMCI	F1	0.7654373067253619
607	Complete Hi-C clique	AUROC	0.5631991937586179
607	Complete Hi-C clique	AUPRC	0.5863164904999056
607	Complete Hi-C clique	Precision	0.9847333333333333
607	Complete Hi-C clique	Recall	0.12862467127605845
607	Complete Hi-C clique	F1	0.2275296908455152
608	SGMCI	AUROC	0.8405097790993445
608	SGMCI	AUPRC	0.8367775214208282
608	SGMCI	Precision	0.6288403391403006
608	SGMCI	Recall	0.9797627962869433
608	SGMCI	F1	0.7660240808003785
608	Complete Hi-C clique	AUROC	0.5644874866977357
608	Complete Hi-C clique	AUPRC	0.5876962997679467
608	Complete Hi-C clique	Precision	0.9877030314986519
608	Complete Hi-C clique	Recall	0.13079294310245737
608	Complete Hi-C clique	F1	0.2309969625898727
609	SGMCI	AUROC	0.8423020939607746
609	SGMCI	AUPRC	0.8387133029925269
609	SGMCI	Precision	0.6297898052467564
609	SGMCI	Recall	0.9802330239119456
609	SGMCI	F1	0.7668720642284647
609	Complete Hi-C clique	AUROC	0.564441919414513
609	Complete Hi-C clique	AUPRC	0.5876376499995346
609	Complete Hi-C clique	Precision	0.987438342650444
609	Complete Hi-C clique	Recall	0.13074069558856824
609	Complete Hi-C clique	F1	0.2309082380443392
610	SGMCI	AUROC	0.8414589979298648
610	SGMCI	AUPRC	0.8384927802353545
610	SGMCI	Precision	0.6287512776545893
610	SGMCI	Recall	0.9802591476688901
610	SGMCI	F1	0.7661096309000024
610	Complete Hi-C clique	AUROC	0.564389970483485
610	Complete Hi-C clique	AUPRC	0.5875574226942336
610	Complete Hi-C clique	Precision	0.9869165023011177
610	Complete Hi-C clique	Recall	0.1307145718316237
610	Complete Hi-C clique	F1	0.23085322342519687
611	SGMCI	AUROC	0.8420482158196971
611	SGMCI	AUPRC	0.8380798752542686
611	SGMCI	Precision	0.6292605220501928
611	SGMCI	Recall	0.9803462268587053
611	SGMCI	F1	0.7665141549899913
611	Complete Hi-C clique	AUROC	0.5634075866484525
611	Complete Hi-C clique	AUPRC	0.5865751204024663
611	Complete Hi-C clique	Precision	0.9858132409750899
611	Complete Hi-C clique	Recall	0.1288859088455041
611	Complete Hi-C clique	F1	0.22796722422450177
612	SGMCI	AUROC	0.8433708195443684
612	SGMCI	AUPRC	0.839307255217729
612	SGMCI	Precision	0.6295118256368403
612	SGMCI	Recall	0.9806335881850955
612	SGMCI	F1	0.7667884342370007
612	Complete Hi-C clique	AUROC	0.5642276517989517
612	Complete Hi-C clique	AUPRC	0.5873613735380195
612	Complete Hi-C clique	Precision	0.9861805738352198
612	Complete Hi-C clique	Recall	0.13049687385708564
612	Complete Hi-C clique	F1	0.23049356322192655
613	SGMCI	AUROC	0.8421247294344465
613	SGMCI	AUPRC	0.8384137089012643
613	SGMCI	Precision	0.6284309892196839
613	SGMCI	Recall	0.9797105487730542
613	SGMCI	F1	0.765704329835164
613	Complete Hi-C clique	AUROC	0.5642406234337807
613	Complete Hi-C clique	AUPRC	0.5874396976493192
613	Complete Hi-C clique	Precision	0.9872716480907472
613	Complete Hi-C clique	Recall	0.1303575471533813
613	Complete Hi-C clique	F1	0.2303059207236868
614	SGMCI	AUROC	0.8424836882134354
614	SGMCI	AUPRC	0.8376184733597434
614	SGMCI	Precision	0.6301827647009433
614	SGMCI	Recall	0.9803288110207422
614	SGMCI	F1	0.7671926482964943
614	Complete Hi-C clique	AUROC	0.5643636383873227
614	Complete Hi-C clique	AUPRC	0.5874975851523225
614	Complete Hi-C clique	Precision	0.986336464560205
614	Complete Hi-C clique	Recall	0.13074940350754977
614	Complete Hi-C clique	F1	0.23089165852945928
615	SGMCI	AUROC	0.8450410591374725
615	SGMCI	AUPRC	0.8408155978158142
615	SGMCI	Precision	0.6300708378562876
615	SGMCI	Recall	0.9805552169142618
615	SGMCI	F1	0.7671790050280016
615	Complete Hi-C clique	AUROC	0.563847544896237
615	Complete Hi-C clique	AUPRC	0.5870255980716734
615	Complete Hi-C clique	Precision	0.9864864864864865
615	Complete Hi-C clique	Recall	0.1296783294728226
615	Complete Hi-C clique	F1	0.2292240676035526
616	SGMCI	AUROC	0.843849582516432
616	SGMCI	AUPRC	0.8399586906635955
616	SGMCI	Precision	0.6298559580969009
616	SGMCI	Recall	0.9801111130462042
616	SGMCI	F1	0.7668837893818816
616	Complete Hi-C clique	AUROC	0.5653427723506653
616	Complete Hi-C clique	AUPRC	0.5884186124791841
616	Complete Hi-C clique	Precision	0.9864724919093851
616	Complete Hi-C clique	Recall	0.1327173931973737
616	Complete Hi-C clique	F1	0.23395861476114457
617	SGMCI	AUROC	0.8419130878157821
617	SGMCI	AUPRC	0.8370144238878527
617	SGMCI	Precision	0.6290601157038652
617	SGMCI	Recall	0.9800066180184259
617	SGMCI	F1	0.7662616641077404
617	Complete Hi-C clique	AUROC	0.5652058900137111
617	Complete Hi-C clique	AUPRC	0.588374967716386
617	Complete Hi-C clique	Precision	0.9878350247202706
617	Complete Hi-C clique	Recall	0.13222974973440846
617	Complete Hi-C clique	F1	0.23323861454573383
618	SGMCI	AUROC	0.8416324794821706
618	SGMCI	AUPRC	0.8383448132751745
618	SGMCI	Precision	0.629281990468306
618	SGMCI	Recall	0.979623469583239
618	SGMCI	F1	0.7663090494192977
618	Complete Hi-C clique	AUROC	0.5653874160333735
618	Complete Hi-C clique	AUPRC	0.5884026676588742
618	Complete Hi-C clique	Precision	0.9855409243480506
618	Complete Hi-C clique	Recall	0.1329525070098748
618	Complete Hi-C clique	F1	0.23429755236706826
619	SGMCI	AUROC	0.8428879913755413
619	SGMCI	AUPRC	0.8386177023059462
619	SGMCI	Precision	0.6289196756400297
619	SGMCI	Recall	0.9799630784235184
619	SGMCI	F1	0.7661441579440048
619	Complete Hi-C clique	AUROC	0.5645895373587636
619	Complete Hi-C clique	AUPRC	0.5877070928577273
619	Complete Hi-C clique	Precision	0.9863193035281796
619	Complete Hi-C clique	Recall	0.13121092321357042
619	Complete Hi-C clique	F1	0.23161049840525685
620	SGMCI	AUROC	0.84208930262455
620	SGMCI	AUPRC	0.8384222991411471
620	SGMCI	Precision	0.6293165699187766
620	SGMCI	Recall	0.9789703756596249
620	SGMCI	F1	0.7661347753346895
620	Complete Hi-C clique	AUROC	0.5645818432839396
620	Complete Hi-C clique	AUPRC	0.5877075862834676
620	Complete Hi-C clique	Precision	0.9864448955536638
620	Complete Hi-C clique	Recall	0.13117609153764434
620	Complete Hi-C clique	F1	0.23155969225802983
621	SGMCI	AUROC	0.8428335247230565
621	SGMCI	AUPRC	0.839170644017369
621	SGMCI	Precision	0.628772725748958
621	SGMCI	Recall	0.9799804942614814
621	SGMCI	F1	0.7660404329181132
621	Complete Hi-C clique	AUROC	0.565092568971377
621	Complete Hi-C clique	AUPRC	0.5881667481381051
621	Complete Hi-C clique	Precision	0.9861697292383611
621	Complete Hi-C clique	Recall	0.13225587349135304
621	Complete Hi-C clique	F1	0.2332327490229501
622	SGMCI	AUROC	0.8422781709720029
622	SGMCI	AUPRC	0.8384207716353727
622	SGMCI	Precision	0.6286065482176779
622	SGMCI	Recall	0.9797105487730542
622	SGMCI	F1	0.765834632323411
622	Complete Hi-C clique	AUROC	0.5647877015633805
622	Complete Hi-C clique	AUPRC	0.5879448166679704
622	Complete Hi-C clique	Precision	0.9871853546910755
622	Complete Hi-C clique	Recall	0.1314808687019976
622	Complete Hi-C clique	F1	0.2320548976816027
623	SGMCI	AUROC	0.8421843493291216
623	SGMCI	AUPRC	0.8383967496077045
623	SGMCI	Precision	0.62853470437018
623	SGMCI	Recall	0.9793796478517564
623	SGMCI	F1	0.7656802075036252
623	Complete Hi-C clique	AUROC	0.5635443787417632
623	Complete Hi-C clique	AUPRC	0.5866849881321796
623	Complete Hi-C clique	Precision	0.9855207226354942
623	Complete Hi-C clique	Recall	0.12920810184782042
623	Complete Hi-C clique	F1	0.22846320846228463
624	SGMCI	AUROC	0.8427196406314996
624	SGMCI	AUPRC	0.8390292284874592
624	SGMCI	Precision	0.6286172644900195
624	SGMCI	Recall	0.9792838607429597
624	SGMCI	F1	0.7657121847094511
624	Complete Hi-C clique	AUROC	0.564596425928648
624	Complete Hi-C clique	AUPRC	0.5877330116147322
624	Complete Hi-C clique	Precision	0.9866387215090385
624	Complete Hi-C clique	Recall	0.13117609153764434
624	Complete Hi-C clique	F1	0.2315650315896269
625	SGMCI	AUROC	0.8420048733893722
625	SGMCI	AUPRC	0.8382105643621574
625	SGMCI	Precision	0.6300382506622461
625	SGMCI	Recall	0.9796321775022205
625	SGMCI	F1	0.7668721902405273
625	Complete Hi-C clique	AUROC	0.563981712135511
625	Complete Hi-C clique	AUPRC	0.5871795427830374
625	Complete Hi-C clique	Precision	0.9869640021175226
625	Complete Hi-C clique	Recall	0.1298786116093976
625	Complete Hi-C clique	F1	0.2295498268564833
626	SGMCI	AUROC	0.8426894323761491
626	SGMCI	AUPRC	0.8387209889811506
626	SGMCI	Precision	0.6298021280045624
626	SGMCI	Recall	0.9808774099165781
626	SGMCI	F1	0.7670783238165283
626	Complete Hi-C clique	AUROC	0.5633626443828831
626	Complete Hi-C clique	AUPRC	0.5866219893432874
626	Complete Hi-C clique	Precision	0.9872952189903043
626	Complete Hi-C clique	Recall	0.12857242376216932
626	Complete Hi-C clique	F1	0.2275161218247517
627	SGMCI	AUROC	0.8421241065755296
627	SGMCI	AUPRC	0.8384751026070771
627	SGMCI	Precision	0.6295212408791799
627	SGMCI	Recall	0.9796670091781466
627	SGMCI	F1	0.7664997445068984
627	Complete Hi-C clique	AUROC	0.5646089808850415
627	Complete Hi-C clique	AUPRC	0.5877409868841528
627	Complete Hi-C clique	Precision	0.9865776206377267
627	Complete Hi-C clique	Recall	0.13121092321357042
627	Complete Hi-C clique	F1	0.23161761880240717
628	SGMCI	AUROC	0.8430111072817519
628	SGMCI	AUPRC	0.8392984857872189
628	SGMCI	Precision	0.6293967248700634
628	SGMCI	Recall	0.9796321775022205
628	SGMCI	F1	0.7663967790611727
628	Complete Hi-C clique	AUROC	0.5642552963221324
628	Complete Hi-C clique	AUPRC	0.5873991237468232
628	Complete Hi-C clique	Precision	0.9863779942090024
628	Complete Hi-C clique	Recall	0.1305229976140302
628	Complete Hi-C clique	F1	0.2305397050002307
629	SGMCI	AUROC	0.840651729429569
629	SGMCI	AUPRC	0.8362600318477829
629	SGMCI	Precision	0.6287754656943614
629	SGMCI	Recall	0.9790922865253662
629	SGMCI	F1	0.7657709504626147
629	Complete Hi-C clique	AUROC	0.5646354032248471
629	Complete Hi-C clique	AUPRC	0.5877349078481516
629	Complete Hi-C clique	Precision	0.9860747907949791
629	Complete Hi-C clique	Recall	0.13134154199829326
629	Complete Hi-C clique	F1	0.23180721410238683
630	SGMCI	AUROC	0.8420513417121981
630	SGMCI	AUPRC	0.8391338563793213
630	SGMCI	Precision	0.6287501817083944
630	SGMCI	Recall	0.9792664449049966
630	SGMCI	F1	0.7658054587056004
630	Complete Hi-C clique	AUROC	0.5638508850115704
630	Complete Hi-C clique	AUPRC	0.5870209904595695
630	Complete Hi-C clique	Precision	0.9863585193033574
630	Complete Hi-C clique	Recall	0.12970445322976715
630	Complete Hi-C clique	F1	0.2292614226675594
631	SGMCI	AUROC	0.8417875990774166
631	SGMCI	AUPRC	0.8377921924481135
631	SGMCI	Precision	0.6292882114389596
631	SGMCI	Recall	0.9796495933401835
631	SGMCI	F1	0.7663216546951259
631	Complete Hi-C clique	AUROC	0.5643014607710769
631	Complete Hi-C clique	AUPRC	0.5873962397459
631	Complete Hi-C clique	Precision	0.9856223739495799
631	Complete Hi-C clique	Recall	0.1307319876695867
631	Complete Hi-C clique	F1	0.23084492965326364
632	SGMCI	AUROC	0.8419227214093579
632	SGMCI	AUPRC	0.837638508117362
632	SGMCI	Precision	0.6303771650145968
632	SGMCI	Recall	0.9796321775022205
632	SGMCI	F1	0.7671231942611856
632	Complete Hi-C clique	AUROC	0.5642969263242996
632	Complete Hi-C clique	AUPRC	0.587524087309477
632	Complete Hi-C clique	Precision	0.9877960287617916
632	Complete Hi-C clique	Recall	0.13039237882930738
632	Complete Hi-C clique	F1	0.23037454710493319
633	SGMCI	AUROC	0.841978731515974
633	SGMCI	AUPRC	0.8391576116483518
633	SGMCI	Precision	0.6283082591341725
633	SGMCI	Recall	0.9800936972082411
633	SGMCI	F1	0.7657301861055266
633	Complete Hi-C clique	AUROC	0.5648299287312696
633	Complete Hi-C clique	AUPRC	0.588008092968298
633	Complete Hi-C clique	Precision	0.9875752027203767
633	Complete Hi-C clique	Recall	0.13150699245894215
633	Complete Hi-C clique	F1	0.23210635518327824
634	SGMCI	AUROC	0.8415996851453804
634	SGMCI	AUPRC	0.8374498248805299
634	SGMCI	Precision	0.6304619435806931
634	SGMCI	Recall	0.9798847071526846
634	SGMCI	F1	0.7672633922331354
634	Complete Hi-C clique	AUROC	0.5640663469585758
634	Complete Hi-C clique	AUPRC	0.587174157442526
634	Complete Hi-C clique	Precision	0.9855712215048096
634	Complete Hi-C clique	Recall	0.13026176004458453
634	Complete Hi-C clique	F1	0.23011014029042579
635	SGMCI	AUROC	0.8430973352945397
635	SGMCI	AUPRC	0.8395687986643461
635	SGMCI	Precision	0.629196198318444
635	SGMCI	Recall	0.979440603284627
635	SGMCI	F1	0.7661894884554208
635	Complete Hi-C clique	AUROC	0.5636418949560139
635	Complete Hi-C clique	AUPRC	0.586823575286989
635	Complete Hi-C clique	Precision	0.9863150202617419
635	Complete Hi-C clique	Recall	0.1292864731186541
635	Complete Hi-C clique	F1	0.2286070628450008
636	SGMCI	AUROC	0.8424225196159365
636	SGMCI	AUPRC	0.838054444389419
636	SGMCI	Precision	0.6302804869167726
636	SGMCI	Recall	0.9797453804489803
636	SGMCI	F1	0.7670863033451623
636	Complete Hi-C clique	AUROC	0.563999127973474
636	Complete Hi-C clique	AUPRC	0.5871959946322817
636	Complete Hi-C clique	Precision	0.9869674517068008
636	Complete Hi-C clique	Recall	0.12991344328532367
636	Complete Hi-C clique	F1	0.22960432152915644
637	SGMCI	AUROC	0.8420815622850439
637	SGMCI	AUPRC	0.837558149176258
637	SGMCI	Precision	0.6295158646233725
637	SGMCI	Recall	0.9797627962869433
637	SGMCI	F1	0.7665250758765401
637	Complete Hi-C clique	AUROC	0.5652903164975583
637	Complete Hi-C clique	AUPRC	0.5883341661837751
637	Complete Hi-C clique	Precision	0.9858963576373164
637	Complete Hi-C clique	Recall	0.13269997735941064
637	Complete Hi-C clique	F1	0.2339153459457385
638	SGMCI	AUROC	0.8420730803137959
638	SGMCI	AUPRC	0.8375225997365995
638	SGMCI	Precision	0.6288927625624351
638	SGMCI	Recall	0.9801894843170379
638	SGMCI	F1	0.7661933674580702
638	Complete Hi-C clique	AUROC	0.5655111741001432
638	Complete Hi-C clique	AUPRC	0.5886672745051702
638	Complete Hi-C clique	Precision	0.9879533678756477
638	Complete Hi-C clique	Recall	0.13283059614413348
638	Complete Hi-C clique	F1	0.23417614639463302
639	SGMCI	AUROC	0.8429527648087043
639	SGMCI	AUPRC	0.8399389750505819
639	SGMCI	Precision	0.6290445077344056
639	SGMCI	Recall	0.9808861178355597
639	SGMCI	F1	0.7665187745825225
639	Complete Hi-C clique	AUROC	0.5641935353843222
639	Complete Hi-C clique	AUPRC	0.5873679726974886
639	Complete Hi-C clique	Precision	0.9868134766268873
639	Complete Hi-C clique	Recall	0.13033142339643672
639	Complete Hi-C clique	F1	0.2302526825891312
640	SGMCI	AUROC	0.8424450699447138
640	SGMCI	AUPRC	0.8398335273603981
640	SGMCI	Precision	0.6285291324507011
640	SGMCI	Recall	0.9797540883679619
640	SGMCI	F1	0.7657904767090469
640	Complete Hi-C clique	AUROC	0.5649307850608536
640	Complete Hi-C clique	AUPRC	0.5881424361077567
640	Complete Hi-C clique	Precision	0.9882306786975285
640	Complete Hi-C clique	Recall	0.1316114874867204
640	Complete Hi-C clique	F1	0.23228721605754157
641	SGMCI	AUROC	0.8418069991749995
641	SGMCI	AUPRC	0.8370082144157687
641	SGMCI	Precision	0.62788791300711
641	SGMCI	Recall	0.9804768456434282
641	SGMCI	F1	0.7655347545408497
641	Complete Hi-C clique	AUROC	0.5638897720641262
641	Complete Hi-C clique	AUPRC	0.5870888020768409
641	Complete Hi-C clique	Precision	0.986881335718545
641	Complete Hi-C clique	Recall	0.12970445322976715
641	Complete Hi-C clique	F1	0.22927553855507923
642	SGMCI	AUROC	0.8426951617469649
642	SGMCI	AUPRC	0.8382010207796524
642	SGMCI	Precision	0.6298931786626059
642	SGMCI	Recall	0.9797192566920357
642	SGMCI	F1	0.766791388088082
642	Complete Hi-C clique	AUROC	0.5639630741141728
642	Complete Hi-C clique	AUPRC	0.587119206987991
642	Complete Hi-C clique	Precision	0.9862533870861147
642	Complete Hi-C clique	Recall	0.12994827496124975
642	Complete Hi-C clique	F1	0.22963937554339878
643	SGMCI	AUROC	0.8435627735302393
643	SGMCI	AUPRC	0.8407162223630964
643	SGMCI	Precision	0.6297061408665178
643	SGMCI	Recall	0.9794667270415716
643	SGMCI	F1	0.7665754563638779
643	Complete Hi-C clique	AUROC	0.5648451085417001
643	Complete Hi-C clique	AUPRC	0.5879718117811814
643	Complete Hi-C clique	Precision	0.9867519415258109
643	Complete Hi-C clique	Recall	0.13166373500060954
643	Complete Hi-C clique	F1	0.23232765574941802
644	SGMCI	AUROC	0.8425966953501137
644	SGMCI	AUPRC	0.8387060879145285
644	SGMCI	Precision	0.6293333780505528
644	SGMCI	Recall	0.9804158902105575
644	SGMCI	F1	0.7665895009191802
644	Complete Hi-C clique	AUROC	0.5641788624959704
644	Complete Hi-C clique	AUPRC	0.5874086498514943
644	Complete Hi-C clique	Precision	0.9877097925201533
644	Complete Hi-C clique	Recall	0.1301659729357878
644	Complete Hi-C clique	F1	0.2300187732742437
645	SGMCI	AUROC	0.843983755470008
645	SGMCI	AUPRC	0.8400495771836509
645	SGMCI	Precision	0.6294578933237873
645	SGMCI	Recall	0.9799630784235184
645	SGMCI	F1	0.7665433789021259
645	Complete Hi-C clique	AUROC	0.5633005570102806
645	Complete Hi-C clique	AUPRC	0.586454682011772
645	Complete Hi-C clique	Precision	0.9854666666666667
645	Complete Hi-C clique	Recall	0.12872045838485519
645	Complete Hi-C clique	F1	0.22769913276544618
646	SGMCI	AUROC	0.8416591048701734
646	SGMCI	AUPRC	0.8367911615835548
646	SGMCI	Precision	0.6296964063742343
646	SGMCI	Recall	0.9792925686619411
646	SGMCI	F1	0.7665148995337931
646	Complete Hi-C clique	AUROC	0.5644491968109018
646	Complete Hi-C clique	AUPRC	0.5875667691667723
646	Complete Hi-C clique	Precision	0.9861630270837431
646	Complete Hi-C clique	Recall	0.13094968564412476
646	Complete Hi-C clique	F1	0.23119912058852918
647	SGMCI	AUROC	0.8426024389855202
647	SGMCI	AUPRC	0.838527461899131
647	SGMCI	Precision	0.6297415409063695
647	SGMCI	Recall	0.9800153259374075
647	SGMCI	F1	0.7667696584239196
647	Complete Hi-C clique	AUROC	0.5648090546823988
647	Complete Hi-C clique	AUPRC	0.5878950637369518
647	Complete Hi-C clique	Precision	0.9860477246055548
647	Complete Hi-C clique	Recall	0.13169856667653565
647	Complete Hi-C clique	F1	0.23236234021632252
648	SGMCI	AUROC	0.8423017097057118
648	SGMCI	AUPRC	0.8385373622048429
648	SGMCI	Precision	0.6284984860842653
648	SGMCI	Recall	0.9796844250161096
648	SGMCI	F1	0.7657464504975429
648	Complete Hi-C clique	AUROC	0.5634421197415177
648	Complete Hi-C clique	AUPRC	0.5866387444568604
648	Complete Hi-C clique	Precision	0.9863378873708764
648	Complete Hi-C clique	Recall	0.12887720092652258
648	Complete Hi-C clique	F1	0.22796762243632693
649	SGMCI	AUROC	0.841635089436694
649	SGMCI	AUPRC	0.8373898369020184
649	SGMCI	Precision	0.6295790416480072
649	SGMCI	Recall	0.9793622320137934
649	SGMCI	F1	0.7664492738808361
649	Complete Hi-C clique	AUROC	0.5645640386194722
649	Complete Hi-C clique	AUPRC	0.5877881474420077
649	Complete Hi-C clique	Precision	0.9880373340344419
649	Complete Hi-C clique	Recall	0.13089743813023563
649	Complete Hi-C clique	F1	0.23116907083320515
650	SGMCI	AUROC	0.8418336614731603
650	SGMCI	AUPRC	0.8395010260992848
650	SGMCI	Precision	0.6283862315601252
650	SGMCI	Recall	0.979257736986015
650	SGMCI	F1	0.7655327810264195
650	Complete Hi-C clique	AUROC	0.5644801814494158
650	Complete Hi-C clique	AUPRC	0.5875999150700046
650	Complete Hi-C clique	Precision	0.986233119181854
650	Complete Hi-C clique	Recall	0.1310019331580139
650	Complete Hi-C clique	F1	0.2312824770162654
651	SGMCI	AUROC	0.8428966882468722
651	SGMCI	AUPRC	0.8383665470351465
651	SGMCI	Precision	0.6297276726251105
651	SGMCI	Recall	0.979823751719814
651	SGMCI	F1	0.7667007358953393
651	Complete Hi-C clique	AUROC	0.5642576225933083
651	Complete Hi-C clique	AUPRC	0.5873858073017056
651	Complete Hi-C clique	Precision	0.9861229858599145
651	Complete Hi-C clique	Recall	0.13056653720893782
651	Complete Hi-C clique	F1	0.23060064747814188
652	SGMCI	AUROC	0.8420772355002337
652	SGMCI	AUPRC	0.8388897783988076
652	SGMCI	Precision	0.6299535790080802
652	SGMCI	Recall	0.9796321775022205
652	SGMCI	F1	0.7668094648985588
652	Complete Hi-C clique	AUROC	0.5641888828419702
652	Complete Hi-C clique	AUPRC	0.58739471629014
652	Complete Hi-C clique	Precision	0.9873258960987524
652	Complete Hi-C clique	Recall	0.1302443442066215
652	Complete Hi-C clique	F1	0.23013070537823016
653	SGMCI	AUROC	0.8418356344311606
653	SGMCI	AUPRC	0.8379519278929402
653	SGMCI	Precision	0.6297788747292601
653	SGMCI	Recall	0.9798759992337032
653	SGMCI	F1	0.7667546803400167
653	Complete Hi-C clique	AUROC	0.5643641453094015
653	Complete Hi-C clique	AUPRC	0.5875019444603253
653	Complete Hi-C clique	Precision	0.9864003679127521
653	Complete Hi-C clique	Recall	0.13074069558856824
653	Complete Hi-C clique	F1	0.2308798314611061
654	SGMCI	AUROC	0.8406205463989556
654	SGMCI	AUPRC	0.836378016976512
654	SGMCI	Precision	0.6289768250224932
654	SGMCI	Recall	0.9800849892892597
654	SGMCI	F1	0.7662238197841249
654	Complete Hi-C clique	AUROC	0.5638245529154081
654	Complete Hi-C clique	AUPRC	0.5869612389371083
654	Complete Hi-C clique	Precision	0.9857747783511975
654	Complete Hi-C clique	Recall	0.12973928490569323
654	Complete Hi-C clique	F1	0.22930004924895347
655	SGMCI	AUROC	0.8406097156379491
655	SGMCI	AUPRC	0.8368417232454661
655	SGMCI	Precision	0.6280123928880453
655	SGMCI	Recall	0.9796321775022205
655	SGMCI	F1	0.7653696087735948
655	Complete Hi-C clique	AUROC	0.5644054488767765
655	Complete Hi-C clique	AUPRC	0.5874905966903328
655	Complete Hi-C clique	Precision	0.9855813343819636
655	Complete Hi-C clique	Recall	0.13094968564412476
655	Complete Hi-C clique	F1	0.23118312630672735
656	SGMCI	AUROC	0.8423290197094213
656	SGMCI	AUPRC	0.8391251288296383
656	SGMCI	Precision	0.6289697518747798
656	SGMCI	Recall	0.9794057716087009
656	SGMCI	F1	0.7660109174246319
656	Complete Hi-C clique	AUROC	0.5646257995572826
656	Complete Hi-C clique	AUPRC	0.5878191572541349
656	Complete Hi-C clique	Precision	0.9876008659712655
656	Complete Hi-C clique	Recall	0.1310890123478291
656	Complete Hi-C clique	F1	0.23145578524150337
657	SGMCI	AUROC	0.8428961786581194
657	SGMCI	AUPRC	0.8396963145986766
657	SGMCI	Precision	0.6293566695557358
657	SGMCI	Recall	0.9800849892892597
657	SGMCI	F1	0.7665056031708738
657	Complete Hi-C clique	AUROC	0.5644996249756937
657	Complete Hi-C clique	AUPRC	0.5876338031867673
657	Complete Hi-C clique	Precision	0.9864918032786886
657	Complete Hi-C clique	Recall	0.1310019331580139
657	Complete Hi-C clique	F1	0.2312895885861878
658	SGMCI	AUROC	0.8420809059445503
658	SGMCI	AUPRC	0.838650951118347
658	SGMCI	Precision	0.6293962608350168
658	SGMCI	Recall	0.979423187446664
658	SGMCI	F1	0.7663324714435122
658	Complete Hi-C clique	AUROC	0.5642962110630031
658	Complete Hi-C clique	AUPRC	0.5874844196286751
658	Complete Hi-C clique	Precision	0.9871541501976284
658	Complete Hi-C clique	Recall	0.1304881659381041
658	Complete Hi-C clique	F1	0.2305065452475811
659	SGMCI	AUROC	0.8413725312708946
659	SGMCI	AUPRC	0.8374319838327757
659	SGMCI	Precision	0.628702638077254
659	SGMCI	Recall	0.9799369546665738
659	SGMCI	F1	0.7659751150317188
659	Complete Hi-C clique	AUROC	0.5639229648782417
659	Complete Hi-C clique	AUPRC	0.5870078257187832
659	Complete Hi-C clique	Precision	0.9850283603746207
659	Complete Hi-C clique	Recall	0.130052769989028
659	Complete Hi-C clique	F1	0.22976923076923075
660	SGMCI	AUROC	0.8413326979299293
660	SGMCI	AUPRC	0.8380536122447473
660	SGMCI	Precision	0.6283327190072491
660	SGMCI	Recall	0.9797105487730542
660	SGMCI	F1	0.7656313798078233
660	Complete Hi-C clique	AUROC	0.5649499021523393
660	Complete Hi-C clique	AUPRC	0.588039739667692
660	Complete Hi-C clique	Precision	0.986266597240302
660	Complete Hi-C clique	Recall	0.13195109632699978
660	Complete Hi-C clique	F1	0.23276140151456964
661	SGMCI	AUROC	0.8423542115695318
661	SGMCI	AUPRC	0.8382066883424196
661	SGMCI	Precision	0.6289603891202863
661	SGMCI	Recall	0.9796321775022205
661	SGMCI	F1	0.7660732100114742
661	Complete Hi-C clique	AUROC	0.5639411238294324
661	Complete Hi-C clique	AUPRC	0.5872309697428104
661	Complete Hi-C clique	Precision	0.9884416102032683
661	Complete Hi-C clique	Recall	0.12957383444504433
661	Complete Hi-C clique	F1	0.22911341730052662
662	SGMCI	AUROC	0.8418490501730747
662	SGMCI	AUPRC	0.8375902258559634
662	SGMCI	Precision	0.6290017673773463
662	SGMCI	Recall	0.9793186924188857
662	SGMCI	F1	0.766008023593998
662	Complete Hi-C clique	AUROC	0.5645354704957772
662	Complete Hi-C clique	AUPRC	0.5876754312146242
662	Complete Hi-C clique	Precision	0.9866264586338009
662	Complete Hi-C clique	Recall	0.13105418067190303
662	Complete Hi-C clique	F1	0.2313747194293269
663	SGMCI	AUROC	0.843112824058231
663	SGMCI	AUPRC	0.8388851614060207
663	SGMCI	Precision	0.629650346521085
663	SGMCI	Recall	0.980224315992964
663	SGMCI	F1	0.7667660030992968
663	Complete Hi-C clique	AUROC	0.5652572139270863
663	Complete Hi-C clique	AUPRC	0.5883494426882789
663	Complete Hi-C clique	Precision	0.9866441908713693
663	Complete Hi-C clique	Recall	0.1325171110607987
663	Complete Hi-C clique	F1	0.2336521779183492
664	SGMCI	AUROC	0.8417831094561637
664	SGMCI	AUPRC	0.838389132529714
664	SGMCI	Precision	0.6293300795352144
664	SGMCI	Recall	0.9791009944443477
664	SGMCI	F1	0.7661847830160716
664	Complete Hi-C clique	AUROC	0.5643480418984568
664	Complete Hi-C clique	AUPRC	0.58746346662294
664	Complete Hi-C clique	Precision	0.9860144451739987
664	Complete Hi-C clique	Recall	0.13076681934551282
664	Complete Hi-C clique	F1	0.2309099855460221
665	SGMCI	AUROC	0.843171928607523
665	SGMCI	AUPRC	0.8389591012958431
665	SGMCI	Precision	0.629595259391771
665	SGMCI	Recall	0.9807032515369477
665	SGMCI	F1	0.7668716251642732
665	Complete Hi-C clique	AUROC	0.5646808802644262
665	Complete Hi-C clique	AUPRC	0.5878594913127506
665	Complete Hi-C clique	Precision	0.9874197352902634
665	Complete Hi-C clique	Recall	0.13122833905153347
665	Complete Hi-C clique	F1	0.23166794773251348
666	SGMCI	AUROC	0.8417649781029354
666	SGMCI	AUPRC	0.8379759514397467
666	SGMCI	Precision	0.6289196657306827
666	SGMCI	Recall	0.9790922865253662
666	SGMCI	F1	0.7658778813143697
666	Complete Hi-C clique	AUROC	0.5651613365746461
666	Complete Hi-C clique	AUPRC	0.5883250702383532
666	Complete Hi-C clique	Precision	0.9877001171417416
666	Complete Hi-C clique	Recall	0.1321600863825563
666	Complete Hi-C clique	F1	0.23312647844920276
667	SGMCI	AUROC	0.8412574004879562
667	SGMCI	AUPRC	0.8360878431639862
667	SGMCI	Precision	0.6300317307530877
667	SGMCI	Recall	0.9803462268587053
667	SGMCI	F1	0.7670860460124893
667	Complete Hi-C clique	AUROC	0.563680275086491
667	Complete Hi-C clique	AUPRC	0.5868870142943601
667	Complete Hi-C clique	Precision	0.9867747723798764
667	Complete Hi-C clique	Recall	0.12929518103763563
667	Complete Hi-C clique	F1	0.22863302151903608
668	SGMCI	AUROC	0.8442493585968609
668	SGMCI	AUPRC	0.8402807931959055
668	SGMCI	Precision	0.6301229565538585
668	SGMCI	Recall	0.9804333060485205
668	SGMCI	F1	0.7671803188209281
668	Complete Hi-C clique	AUROC	0.564658693788537
668	Complete Hi-C clique	AUPRC	0.5877685396960604
668	Complete Hi-C clique	Precision	0.9862700228832952
668	Complete Hi-C clique	Recall	0.13135895783625628
668	Complete Hi-C clique	F1	0.23183973319603787
669	SGMCI	AUROC	0.8403726033858936
669	SGMCI	AUPRC	0.8364453582429241
669	SGMCI	Precision	0.6286692431418104
669	SGMCI	Recall	0.980224315992964
669	SGMCI	F1	0.7660380953677175
669	Complete Hi-C clique	AUROC	0.5635461078472171
669	Complete Hi-C clique	AUPRC	0.5867330934994428
669	Complete Hi-C clique	Precision	0.98629499035327
669	Complete Hi-C clique	Recall	0.12909489890106063
669	Complete Hi-C clique	F1	0.22830698627078053
670	SGMCI	AUROC	0.8404197265253992
670	SGMCI	AUPRC	0.8367122067048407
670	SGMCI	Precision	0.6284758297862832
670	SGMCI	Recall	0.9797366725299987
670	SGMCI	F1	0.7657455931395902
670	Complete Hi-C clique	AUROC	0.5635149148694854
670	Complete Hi-C clique	AUPRC	0.5866648916999971
670	Complete Hi-C clique	Precision	0.9856430707876371
670	Complete Hi-C clique	Recall	0.1291297305769867
670	Complete Hi-C clique	F1	0.22834397111246277
671	SGMCI	AUROC	0.8424060661087567
671	SGMCI	AUPRC	0.8386721518921625
671	SGMCI	Precision	0.6297229219143576
671	SGMCI	Recall	0.9796408854212021
671	SGMCI	F1	0.7666412255356266
671	Complete Hi-C clique	AUROC	0.5642407136774239
671	Complete Hi-C clique	AUPRC	0.5873737118751373
671	Complete Hi-C clique	Precision	0.9861833015329956
671	Complete Hi-C clique	Recall	0.1305229976140302
671	Complete Hi-C clique	F1	0.23053438636695708
672	SGMCI	AUROC	0.8418833977418018
672	SGMCI	AUPRC	0.8380622575472272
672	SGMCI	Precision	0.6285181379556827
672	SGMCI	Recall	0.9800762813702781
672	SGMCI	F1	0.7658807117825186
672	Complete Hi-C clique	AUROC	0.564210326204632
672	Complete Hi-C clique	AUPRC	0.5872792506065132
672	Complete Hi-C clique	Precision	0.9850932492776464
672	Complete Hi-C clique	Recall	0.13062749264180845
672	Complete Hi-C clique	F1	0.2306675072655421
673	SGMCI	AUROC	0.8417645538477587
673	SGMCI	AUPRC	0.8377812819688515
673	SGMCI	Precision	0.6288809551745138
673	SGMCI	Recall	0.9801546526411118
673	SGMCI	F1	0.7661739630591414
673	Complete Hi-C clique	AUROC	0.5633562627350776
673	Complete Hi-C clique	AUPRC	0.5866003851138079
673	Complete Hi-C clique	Precision	0.987033819008154
673	Complete Hi-C clique	Recall	0.12859854751911387
673	Complete Hi-C clique	F1	0.22755007704160246
674	SGMCI	AUROC	0.8419503407472815
674	SGMCI	AUPRC	0.8373940367808452
674	SGMCI	Precision	0.6289651702353665
674	SGMCI	Recall	0.9796670091781466
674	SGMCI	F1	0.7660874065398287
674	Complete Hi-C clique	AUROC	0.5638487670796123
674	Complete Hi-C clique	AUPRC	0.5870695256227532
674	Complete Hi-C clique	Precision	0.9871956478471439
674	Complete Hi-C clique	Recall	0.12957383444504433
674	Complete Hi-C clique	F1	0.2290799085527785
675	SGMCI	AUROC	0.8410498546269891
675	SGMCI	AUPRC	0.8375371212967265
675	SGMCI	Precision	0.6290565130619021
675	SGMCI	Recall	0.9798585833957401
675	SGMCI	F1	0.7662137363516582
675	Complete Hi-C clique	AUROC	0.5645490392963284
675	Complete Hi-C clique	AUPRC	0.5876921341343833
675	Complete Hi-C clique	Precision	0.9866928875778433
675	Complete Hi-C clique	Recall	0.13107159650986608
675	Complete Hi-C clique	F1	0.23140368813079873
676	SGMCI	AUROC	0.8419866161098593
676	SGMCI	AUPRC	0.8385313048884289
676	SGMCI	Precision	0.6281969702044051
676	SGMCI	Recall	0.980024033856389
676	SGMCI	F1	0.7656262755449128
676	Complete Hi-C clique	AUROC	0.5640473201107333
676	Complete Hi-C clique	AUPRC	0.5872104280041831
676	Complete Hi-C clique	Precision	0.9864632857897517
676	Complete Hi-C clique	Recall	0.13008760166495412
676	Complete Hi-C clique	F1	0.22986259635949594
677	SGMCI	AUROC	0.841968314597416
677	SGMCI	AUPRC	0.8383085546642227
677	SGMCI	Precision	0.6291479594974644
677	SGMCI	Recall	0.9798585833957401
677	SGMCI	F1	0.7662815680426025
677	Complete Hi-C clique	AUROC	0.5641261983036459
677	Complete Hi-C clique	AUPRC	0.5872888209987408
677	Complete Hi-C clique	Precision	0.9865435356200528
677	Complete Hi-C clique	Recall	0.13023563628763998
677	Complete Hi-C clique	F1	0.23009584762842508
678	SGMCI	AUROC	0.8419943928092573
678	SGMCI	AUPRC	0.8382740571275309
678	SGMCI	Precision	0.6297287312054276
678	SGMCI	Recall	0.979606053745276
678	SGMCI	F1	0.7666348643859889
678	Complete Hi-C clique	AUROC	0.5646835051184631
678	Complete Hi-C clique	AUPRC	0.5878152693983818
678	Complete Hi-C clique	Precision	0.9866562009419152
678	Complete Hi-C clique	Recall	0.13135024991727476
678	Complete Hi-C clique	F1	0.23183683506754987
679	SGMCI	AUROC	0.8421489452071207
679	SGMCI	AUPRC	0.8386412793521609
679	SGMCI	Precision	0.6288995696641144
679	SGMCI	Recall	0.9798934150716662
679	SGMCI	F1	0.7661079491299255
679	Complete Hi-C clique	AUROC	0.5648911827470013
679	Complete Hi-C clique	AUPRC	0.588034784161755
679	Complete Hi-C clique	Precision	0.9870782483847811
679	Complete Hi-C clique	Recall	0.13170727459551718
679	Complete Hi-C clique	F1	0.23240448367790661
680	SGMCI	AUROC	0.8417973850523787
680	SGMCI	AUPRC	0.8374934431817458
680	SGMCI	Precision	0.629403998702156
680	SGMCI	Recall	0.9797366725299987
680	SGMCI	F1	0.7664341476041908
680	Complete Hi-C clique	AUROC	0.5631695215471224
680	Complete Hi-C clique	AUPRC	0.586261521892054
680	Complete Hi-C clique	Precision	0.9842750533049041
680	Complete Hi-C clique	Recall	0.12863337919503998
680	Complete Hi-C clique	F1	0.22753107527378588
681	SGMCI	AUROC	0.842277105275846
681	SGMCI	AUPRC	0.8384209972404523
681	SGMCI	Precision	0.6287906303608048
681	SGMCI	Recall	0.9798934150716662
681	SGMCI	F1	0.7660271137750639
681	Complete Hi-C clique	AUROC	0.564346014210142
681	Complete Hi-C clique	AUPRC	0.5874460620076876
681	Complete Hi-C clique	Precision	0.9857592859955375
681	Complete Hi-C clique	Recall	0.1308016510214389
681	Complete Hi-C clique	F1	0.23095728650942526
682	SGMCI	AUROC	0.8411487740621677
682	SGMCI	AUPRC	0.8376208797404732
682	SGMCI	Precision	0.6291756601093752
682	SGMCI	Recall	0.9797976279628694
682	SGMCI	F1	0.7662834727178621
682	Complete Hi-C clique	AUROC	0.5647580293518848
682	Complete Hi-C clique	AUPRC	0.5878895535534661
682	Complete Hi-C clique	Precision	0.9867346271972816
682	Complete Hi-C clique	Recall	0.13148957662097913
682	Complete Hi-C clique	F1	0.23205600079913327
683	SGMCI	AUROC	0.8429549856404265
683	SGMCI	AUPRC	0.8391521741996695
683	SGMCI	Precision	0.6293613263127299
683	SGMCI	Recall	0.9804594298054651
683	SGMCI	F1	0.7666235446313066
683	Complete Hi-C clique	AUROC	0.5645400327944858
683	Complete Hi-C clique	AUPRC	0.5877147481918121
683	Complete Hi-C clique	Precision	0.9872013651877133
683	Complete Hi-C clique	Recall	0.13097580940106934
683	Complete Hi-C clique	F1	0.23126835493642078
684	SGMCI	AUROC	0.8424848622696894
684	SGMCI	AUPRC	0.8388111436225961
684	SGMCI	Precision	0.6296439152551847
684	SGMCI	Recall	0.9808338703216706
684	SGMCI	F1	0.7669476522497004
684	Complete Hi-C clique	AUROC	0.5636344994640509
684	Complete Hi-C clique	AUPRC	0.5867933318342458
684	Complete Hi-C clique	Precision	0.985926712692512
684	Complete Hi-C clique	Recall	0.1293300127135617
684	Complete Hi-C clique	F1	0.22866468568613263
685	SGMCI	AUROC	0.8424435453689432
685	SGMCI	AUPRC	0.8390706232456239
685	SGMCI	Precision	0.6297408096059499
685	SGMCI	Recall	0.9791532419582368
685	SGMCI	F1	0.7665051091706033
685	Complete Hi-C clique	AUROC	0.5643401394844151
685	Complete Hi-C clique	AUPRC	0.5874289072466401
685	Complete Hi-C clique	Precision	0.985567145575018
685	Complete Hi-C clique	Recall	0.13081906685940195
685	Complete Hi-C clique	F1	0.23097915913930553
686	SGMCI	AUROC	0.8430831463864022
686	SGMCI	AUPRC	0.8401005528868346
686	SGMCI	Precision	0.6293529415056435
686	SGMCI	Recall	0.9793448161758302
686	SGMCI	F1	0.7662763721345374
686	Complete Hi-C clique	AUROC	0.5638821682329456
686	Complete Hi-C clique	AUPRC	0.5870234048942409
686	Complete Hi-C clique	Precision	0.9859154929577465
686	Complete Hi-C clique	Recall	0.12983507201449
686	Complete Hi-C clique	F1	0.2294534514200414
687	SGMCI	AUROC	0.8437806168173607
687	SGMCI	AUPRC	0.8406120129406547
687	SGMCI	Precision	0.6300814601237298
687	SGMCI	Recall	0.9800066180184259
687	SGMCI	F1	0.7670189093313069
687	Complete Hi-C clique	AUROC	0.5651952725019892
687	Complete Hi-C clique	AUPRC	0.588451114510127
687	Complete Hi-C clique	Precision	0.9892318736539842
687	Complete Hi-C clique	Recall	0.13199463592190738
687	Complete Hi-C clique	F1	0.2329115480059311
688	SGMCI	AUROC	0.8409952793181102
688	SGMCI	AUPRC	0.8361089964157448
688	SGMCI	Precision	0.6294161065569187
688	SGMCI	Recall	0.9801720684790749
688	SGMCI	F1	0.7665763164346617
688	Complete Hi-C clique	AUROC	0.5637099194460554
688	Complete Hi-C clique	AUPRC	0.5867757744859667
688	Complete Hi-C clique	Precision	0.9844679444811633
688	Complete Hi-C clique	Recall	0.12970445322976715
688	Complete Hi-C clique	F1	0.22921026714268128
689	SGMCI	AUROC	0.8425988903193283
689	SGMCI	AUPRC	0.8392329102452349
689	SGMCI	Precision	0.628858093621583
689	SGMCI	Recall	0.9807816228077814
689	SGMCI	F1	0.7663484633022841
689	Complete Hi-C clique	AUROC	0.5657248166980514
689	Complete Hi-C clique	AUPRC	0.5888378729383787
689	Complete Hi-C clique	Precision	0.9874887140461757
689	Complete Hi-C clique	Recall	0.13333565544506173
689	Complete Hi-C clique	F1	0.23494752347633954
690	SGMCI	AUROC	0.8428209298512055
690	SGMCI	AUPRC	0.8390063977747206
690	SGMCI	Precision	0.6293738361136121
690	SGMCI	Recall	0.980024033856389
690	SGMCI	F1	0.7664996918173242
690	Complete Hi-C clique	AUROC	0.5649122372831585
690	Complete Hi-C clique	AUPRC	0.5880158016521939
690	Complete Hi-C clique	Precision	0.9864486285751515
690	Complete Hi-C clique	Recall	0.13184660129922152
690	Complete Hi-C clique	F1	0.23260386981803102
691	SGMCI	AUROC	0.8417526954859416
691	SGMCI	AUPRC	0.8381129919012723
691	SGMCI	Precision	0.6297778275225251
691	SGMCI	Recall	0.9799456625855553
691	SGMCI	F1	0.7667752309830749
691	Complete Hi-C clique	AUROC	0.5640902625399189
691	Complete Hi-C clique	AUPRC	0.5873132469275506
691	Complete Hi-C clique	Precision	0.9875
691	Complete Hi-C clique	Recall	0.13001793831310193
691	Complete Hi-C clique	F1	0.22978192954646887
692	SGMCI	AUROC	0.8421262555340309
692	SGMCI	AUPRC	0.8377740431258035
692	SGMCI	Precision	0.6289603130240358
692	SGMCI	Recall	0.979823751719814
692	SGMCI	F1	0.766131722827826
692	Complete Hi-C clique	AUROC	0.5646637630093242
692	Complete Hi-C clique	AUPRC	0.5878121700288924
692	Complete Hi-C clique	Precision	0.9869067103109657
692	Complete Hi-C clique	Recall	0.13127187864644108
692	Complete Hi-C clique	F1	0.23172165732862973
693	SGMCI	AUROC	0.8424150569068507
693	SGMCI	AUPRC	0.8385910022781045
693	SGMCI	Precision	0.6293731717275671
693	SGMCI	Recall	0.9798585833957401
693	SGMCI	F1	0.7664485895370657
693	Complete Hi-C clique	AUROC	0.5635516839900832
693	Complete Hi-C clique	AUPRC	0.5867810986117327
693	Complete Hi-C clique	Precision	0.9870077953228064
693	Complete Hi-C clique	Recall	0.1289991117922639
693	Complete Hi-C clique	F1	0.2281762381880213
694	SGMCI	AUROC	0.8404427075432341
694	SGMCI	AUPRC	0.8367283381887559
694	SGMCI	Precision	0.6289532543055245
694	SGMCI	Recall	0.9794841428795347
694	SGMCI	F1	0.766022650658204
694	Complete Hi-C clique	AUROC	0.5644266215085083
694	Complete Hi-C clique	AUPRC	0.5875726091711932
694	Complete Hi-C clique	Precision	0.9866045045636614
694	Complete Hi-C clique	Recall	0.13083648269736498
694	Complete Hi-C clique	F1	0.23103477438550898
695	SGMCI	AUROC	0.8430973121410344
695	SGMCI	AUPRC	0.8396144544973506
695	SGMCI	Precision	0.6290761705101328
695	SGMCI	Recall	0.9798672913147216
695	SGMCI	F1	0.7662309805830861
695	Complete Hi-C clique	AUROC	0.5651504828717753
695	Complete Hi-C clique	AUPRC	0.5881982093048913
695	Complete Hi-C clique	Precision	0.9858041096778376
695	Complete Hi-C clique	Recall	0.13243003187098348
695	Complete Hi-C clique	F1	0.23349326373162402
696	SGMCI	AUROC	0.8427774027854341
696	SGMCI	AUPRC	0.8391958113875091
696	SGMCI	Precision	0.6292504263706769
696	SGMCI	Recall	0.9799195388286107
696	SGMCI	F1	0.7663762075505748
696	Complete Hi-C clique	AUROC	0.5640493477990483
696	Complete Hi-C clique	AUPRC	0.5872278803789573
696	Complete Hi-C clique	Precision	0.9867204016913319
696	Complete Hi-C clique	Recall	0.130052769989028
696	Complete Hi-C clique	F1	0.2298151938079923
697	SGMCI	AUROC	0.8416576590671139
697	SGMCI	AUPRC	0.837713780186034
697	SGMCI	Precision	0.6293538461538462
697	SGMCI	Recall	0.9796147616642574
697	SGMCI	F1	0.7663596604765862
697	Complete Hi-C clique	AUROC	0.563880557223066
697	Complete Hi-C clique	AUPRC	0.5870762087656224
697	Complete Hi-C clique	Precision	0.9868150798383356
697	Complete Hi-C clique	Recall	0.12969574531078562
697	Complete Hi-C clique	F1	0.22926014576967774
698	SGMCI	AUROC	0.8410698174351694
698	SGMCI	AUPRC	0.8370644372634017
698	SGMCI	Precision	0.6286655149471942
698	SGMCI	Recall	0.9791619498772184
698	SGMCI	F1	0.7657107057858162
698	Complete Hi-C clique	AUROC	0.5644157956575685
698	Complete Hi-C clique	AUPRC	0.5876129715968825
698	Complete Hi-C clique	Precision	0.9874333837752484
698	Complete Hi-C clique	Recall	0.1306884480746791
698	Complete Hi-C clique	F1	0.23082661088767042
699	SGMCI	AUROC	0.8410341327197766
699	SGMCI	AUPRC	0.8370130965355672
699	SGMCI	Precision	0.6287205041115481
699	SGMCI	Recall	0.980041449694352
699	SGMCI	F1	0.7660202963457049
699	Complete Hi-C clique	AUROC	0.5650572303733721
699	Complete Hi-C clique	AUPRC	0.5881294906499615
699	Complete Hi-C clique	Precision	0.9860993829165313
699	Complete Hi-C clique	Recall	0.13219491805848238
699	Complete Hi-C clique	F1	0.2331359947171608
700	SGMCI	AUROC	0.8415008919327839
700	SGMCI	AUPRC	0.837398127134835
700	SGMCI	Precision	0.6289825742286427
700	SGMCI	Recall	0.9797105487730542
700	SGMCI	F1	0.7661136287030448
700	Complete Hi-C clique	AUROC	0.5645630247753147
700	Complete Hi-C clique	AUPRC	0.5877793743632216
700	Complete Hi-C clique	Precision	0.9879090550663687
700	Complete Hi-C clique	Recall	0.13091485396819869
700	Complete Hi-C clique	F1	0.23119271698345326
701	SGMCI	AUROC	0.8431775919887328
701	SGMCI	AUPRC	0.839465577167687
701	SGMCI	Precision	0.6294440374258279
701	SGMCI	Recall	0.9800675734512966
701	SGMCI	F1	0.7665650700675987
701	Complete Hi-C clique	AUROC	0.5650130936127425
701	Complete Hi-C clique	AUPRC	0.58814994789283
701	Complete Hi-C clique	Precision	0.9871018174711745
701	Complete Hi-C clique	Recall	0.13195109632699978
701	Complete Hi-C clique	F1	0.2327846438639209
702	SGMCI	AUROC	0.84162041959597
702	SGMCI	AUPRC	0.8374087748721059
702	SGMCI	Precision	0.6295025632989322
702	SGMCI	Recall	0.979440603284627
702	SGMCI	F1	0.7664165934163276
702	Complete Hi-C clique	AUROC	0.5649408956504969
702	Complete Hi-C clique	AUPRC	0.5880622959238174
702	Complete Hi-C clique	Precision	0.9867709351580319
702	Complete Hi-C clique	Recall	0.13185530921820304
702	Complete Hi-C clique	F1	0.23262637978845163
703	SGMCI	AUROC	0.8414903388021975
703	SGMCI	AUPRC	0.8379962503115843
703	SGMCI	Precision	0.6284450797337741
703	SGMCI	Recall	0.9800936972082411
703	SGMCI	F1	0.765831785366783
703	Complete Hi-C clique	AUROC	0.5647729105794543
703	Complete Hi-C clique	AUPRC	0.5878841907959047
703	Complete Hi-C clique	Precision	0.9864203172945094
703	Complete Hi-C clique	Recall	0.1315679478918128
703	Complete Hi-C clique	F1	0.23216933656025507
704	SGMCI	AUROC	0.841951865492365
704	SGMCI	AUPRC	0.8375278595787147
704	SGMCI	Precision	0.6288981288981289
704	SGMCI	Recall	0.9799021229906477
704	SGMCI	F1	0.766109541478027
704	Complete Hi-C clique	AUROC	0.5652296874994799
704	Complete Hi-C clique	AUPRC	0.5884130791478153
704	Complete Hi-C clique	Precision	0.9880929143080226
704	Complete Hi-C clique	Recall	0.13223845765338998
704	Complete Hi-C clique	F1	0.23325934857572939
705	SGMCI	AUROC	0.8424014780745251
705	SGMCI	AUPRC	0.8374467041980795
705	SGMCI	Precision	0.6296797574971197
705	SGMCI	Recall	0.980407182291576
705	SGMCI	F1	0.7668437542569133
705	Complete Hi-C clique	AUROC	0.5643858248632119
705	Complete Hi-C clique	AUPRC	0.5875885579512642
705	Complete Hi-C clique	Precision	0.9874917709019092
705	Complete Hi-C clique	Recall	0.13061878472282692
705	Complete Hi-C clique	F1	0.23071953733042114
706	SGMCI	AUROC	0.8420987694451638
706	SGMCI	AUPRC	0.8396731050420658
706	SGMCI	Precision	0.6291966477136132
706	SGMCI	Recall	0.9799892021804629
706	SGMCI	F1	0.7663576222076193
706	Complete Hi-C clique	AUROC	0.5646931087860276
706	Complete Hi-C clique	AUPRC	0.5877314013848748
706	Complete Hi-C clique	Precision	0.9851378658496839
706	Complete Hi-C clique	Recall	0.13160277956773891
706	Complete Hi-C clique	F1	0.2321879873097812
707	SGMCI	AUROC	0.8423334547696721
707	SGMCI	AUPRC	0.8386486910969045
707	SGMCI	Precision	0.6293195004974902
707	SGMCI	Recall	0.9803723506156499
707	SGMCI	F1	0.7665658959065282
707	Complete Hi-C clique	AUROC	0.5643274942843781
707	Complete Hi-C clique	AUPRC	0.5874867411047657
707	Complete Hi-C clique	Precision	0.9867122747006972
707	Complete Hi-C clique	Recall	0.13061878472282692
707	Complete Hi-C clique	F1	0.23069824669332512
708	SGMCI	AUROC	0.8414284855466639
708	SGMCI	AUPRC	0.8370731717349252
708	SGMCI	Precision	0.6289086304349042
708	SGMCI	Recall	0.9795625141503683
708	SGMCI	F1	0.766013516964301
708	Complete Hi-C clique	AUROC	0.5645226169565228
708	Complete Hi-C clique	AUPRC	0.5876982961320381
708	Complete Hi-C clique	Precision	0.9871980042016807
708	Complete Hi-C clique	Recall	0.13094097772514324
708	Complete Hi-C clique	F1	0.23121396171292377
709	SGMCI	AUROC	0.8420058557837048
709	SGMCI	AUPRC	0.8381977711191678
709	SGMCI	Precision	0.6294122255299147
709	SGMCI	Recall	0.9794754349605531
709	SGMCI	F1	0.7663602978749497
709	Complete Hi-C clique	AUROC	0.5644690570156151
709	Complete Hi-C clique	AUPRC	0.5876710856610696
709	Complete Hi-C clique	Precision	0.9875715131189584
709	Complete Hi-C clique	Recall	0.13077552726449432
709	Complete Hi-C clique	F1	0.23096620400630546
710	SGMCI	AUROC	0.8427882524248013
710	SGMCI	AUPRC	0.8390367379938715
710	SGMCI	Precision	0.6288289596399033
710	SGMCI	Recall	0.9805116773193542
710	SGMCI	F1	0.7662444156365579
710	Complete Hi-C clique	AUROC	0.564679060915329
710	Complete Hi-C clique	AUPRC	0.5878772774327903
710	Complete Hi-C clique	Precision	0.9877385089502327
710	Complete Hi-C clique	Recall	0.13117609153764434
710	Complete Hi-C clique	F1	0.23159529245362787
711	SGMCI	AUROC	0.8418733391734707
711	SGMCI	AUPRC	0.8371425545030187
711	SGMCI	Precision	0.6297126941425847
711	SGMCI	Recall	0.9804420139675021
711	SGMCI	F1	0.7668788333895252
711	Complete Hi-C clique	AUROC	0.564916174564214
711	Complete Hi-C clique	AUPRC	0.5879498209135768
711	Complete Hi-C clique	Precision	0.9853132310891604
711	Complete Hi-C clique	Recall	0.13202946759783346
711	Complete Hi-C clique	F1	0.2328567259994164
712	SGMCI	AUROC	0.843131786609594
712	SGMCI	AUPRC	0.8394234567771436
712	SGMCI	Precision	0.6295658205331871
712	SGMCI	Recall	0.9800762813702781
712	SGMCI	F1	0.7666580384997888
712	Complete Hi-C clique	AUROC	0.5646335838757499
712	Complete Hi-C clique	AUPRC	0.5877525801543252
712	Complete Hi-C clique	Precision	0.9863918874713772
712	Complete Hi-C clique	Recall	0.13128929448440413
712	Complete Hi-C clique	F1	0.2317345895806276
713	SGMCI	AUROC	0.8422737529276736
713	SGMCI	AUPRC	0.8383973972911813
713	SGMCI	Precision	0.6285585001787629
713	SGMCI	Recall	0.979788920043888
713	SGMCI	F1	0.7658229140434105
713	Complete Hi-C clique	AUROC	0.5647845697872649
713	Complete Hi-C clique	AUPRC	0.587984760591139
713	Complete Hi-C clique	Precision	0.9878855346735643
713	Complete Hi-C clique	Recall	0.1313676657552378
713	Complete Hi-C clique	F1	0.23189787024725425
714	SGMCI	AUROC	0.8416330035471552
714	SGMCI	AUPRC	0.8375942050891374
714	SGMCI	Precision	0.6292144254962259
714	SGMCI	Recall	0.9799456625855553
714	SGMCI	F1	0.7663574950287378
714	Complete Hi-C clique	AUROC	0.5643786377104667
714	Complete Hi-C clique	AUPRC	0.5875934716984673
714	Complete Hi-C clique	Precision	0.9876827822421288
714	Complete Hi-C clique	Recall	0.13057524512791932
714	Complete Hi-C clique	F1	0.23065682202738036
715	SGMCI	AUROC	0.8426450236147448
715	SGMCI	AUPRC	0.8397869253347792
715	SGMCI	Precision	0.6280370701205895
715	SGMCI	Recall	0.9795886379073129
715	SGMCI	F1	0.7653746453575
715	Complete Hi-C clique	AUROC	0.5645909678813565
715	Complete Hi-C clique	AUPRC	0.5877862524359458
715	Complete Hi-C clique	Precision	0.9875943551033803
715	Complete Hi-C clique	Recall	0.13101934899597695
715	Complete Hi-C clique	F1	0.23134701283125628
716	SGMCI	AUROC	0.8427876642326497
716	SGMCI	AUPRC	0.8382112544251386
716	SGMCI	Precision	0.6299746025352712
716	SGMCI	Recall	0.980624880266114
716	SGMCI	F1	0.7671289799588551
716	Complete Hi-C clique	AUROC	0.5642706844717805
716	Complete Hi-C clique	AUPRC	0.5873981455971641
716	Complete Hi-C clique	Precision	0.9861257233035244
716	Complete Hi-C clique	Recall	0.13059266096588237
716	Complete Hi-C clique	F1	0.2306414653276533
717	SGMCI	AUROC	0.8422598036815945
717	SGMCI	AUPRC	0.8389382971728723
717	SGMCI	Precision	0.6291586276319101
717	SGMCI	Recall	0.9796670091781466
717	SGMCI	F1	0.7662308915624905
717	Complete Hi-C clique	AUROC	0.5639110349395012
717	Complete Hi-C clique	AUPRC	0.5871049992659477
717	Complete Hi-C clique	Precision	0.9868211920529801
717	Complete Hi-C clique	Recall	0.12975670074365628
717	Complete Hi-C clique	F1	0.22935553879542556
718	SGMCI	AUROC	0.8413352389742036
718	SGMCI	AUPRC	0.8369441979843055
718	SGMCI	Precision	0.6293607007305798
718	SGMCI	Recall	0.9804420139675021
718	SGMCI	F1	0.7666177567007222
718	Complete Hi-C clique	AUROC	0.5644022268570175
718	Complete Hi-C clique	AUPRC	0.5875962556152234
718	Complete Hi-C clique	Precision	0.9873667587840506
718	Complete Hi-C clique	Recall	0.13067103223671606
718	Complete Hi-C clique	F1	0.23079762527300132
719	SGMCI	AUROC	0.8427578765075977
719	SGMCI	AUPRC	0.8393817697142202
719	SGMCI	Precision	0.6295338961714698
719	SGMCI	Recall	0.979823751719814
719	SGMCI	F1	0.766557097845525
719	Complete Hi-C clique	AUROC	0.5647625916505933
719	Complete Hi-C clique	AUPRC	0.5879288869124755
719	Complete Hi-C clique	Precision	0.9873078181223421
719	Complete Hi-C clique	Recall	0.13141120535014542
719	Complete Hi-C clique	F1	0.2319497706016615
720	SGMCI	AUROC	0.8420063255839846
720	SGMCI	AUPRC	0.8381839774544545
720	SGMCI	Precision	0.6298201809387316
720	SGMCI	Recall	0.9796495933401835
720	SGMCI	F1	0.7667159632252217
720	Complete Hi-C clique	AUROC	0.5644876671850222
720	Complete Hi-C clique	AUPRC	0.5875643909783983
720	Complete Hi-C clique	Precision	0.9855357025983376
720	Complete Hi-C clique	Recall	0.1311238440237552
720	Complete Hi-C clique	F1	0.23145323055403982
721	SGMCI	AUROC	0.8419390930961987
721	SGMCI	AUPRC	0.8380205033785878
721	SGMCI	Precision	0.6288006261005674
721	SGMCI	Recall	0.9794928507985162
721	SGMCI	F1	0.7659121008569298
721	Complete Hi-C clique	AUROC	0.564885516360492
721	Complete Hi-C clique	AUPRC	0.5880528054997428
721	Complete Hi-C clique	Precision	0.9874583578287282
721	Complete Hi-C clique	Recall	0.131637611243665
721	Complete Hi-C clique	F1	0.23230654567527487
722	SGMCI	AUROC	0.8427220101197298
722	SGMCI	AUPRC	0.8383880610181105
722	SGMCI	Precision	0.6297313780234659
722	SGMCI	Recall	0.9800762813702781
722	SGMCI	F1	0.7667807810876637
722	Complete Hi-C clique	AUROC	0.5641023105742339
722	Complete Hi-C clique	AUPRC	0.587316831275391
722	Complete Hi-C clique	Precision	0.987373570436967
722	Complete Hi-C clique	Recall	0.13006147790800954
722	Complete Hi-C clique	F1	0.22984649713384372
723	SGMCI	AUROC	0.8441848233865987
723	SGMCI	AUPRC	0.840350797315041
723	SGMCI	Precision	0.6303303202392554
723	SGMCI	Recall	0.9800588655323151
723	SGMCI	F1	0.7672192834160441
723	Complete Hi-C clique	AUROC	0.5649500202479137
723	Complete Hi-C clique	AUPRC	0.5881410609339046
723	Complete Hi-C clique	Precision	0.9879156051995558
723	Complete Hi-C clique	Recall	0.13169856667653565
723	Complete Hi-C clique	F1	0.23241411634536335
724	SGMCI	AUROC	0.8413401508188812
724	SGMCI	AUPRC	0.8380388911827207
724	SGMCI	Precision	0.628519542927388
724	SGMCI	Recall	0.9794928507985162
724	SGMCI	F1	0.7657035496574234
724	Complete Hi-C clique	AUROC	0.5635879183366709
724	Complete Hi-C clique	AUPRC	0.5867261143053832
724	Complete Hi-C clique	Precision	0.9855303332005841
724	Complete Hi-C clique	Recall	0.12929518103763563
724	Complete Hi-C clique	F1	0.22859958122921545
725	SGMCI	AUROC	0.841820560314153
725	SGMCI	AUPRC	0.8392658546697711
725	SGMCI	Precision	0.6281880094529892
725	SGMCI	Recall	0.9791184102823107
725	SGMCI	F1	0.7653431077259222
725	Complete Hi-C clique	AUROC	0.5650485224543907
725	Complete Hi-C clique	AUPRC	0.588121265132173
725	Complete Hi-C clique	Precision	0.9860975768206327
725	Complete Hi-C clique	Recall	0.13217750222051933
725	Complete Hi-C clique	F1	0.2331088604095799
726	SGMCI	AUROC	0.842694342443044
726	SGMCI	AUPRC	0.839501642269145
726	SGMCI	Precision	0.6299449903088833
726	SGMCI	Recall	0.979240321148052
726	SGMCI	F1	0.7666830292617742
726	Complete Hi-C clique	AUROC	0.5647212602312871
726	Complete Hi-C clique	AUPRC	0.5877734393936955
726	Complete Hi-C clique	Precision	0.9853967012191147
726	Complete Hi-C clique	Recall	0.13162019540570194
726	Complete Hi-C clique	F1	0.23222228196993322
727	SGMCI	AUROC	0.8413174909448182
727	SGMCI	AUPRC	0.8365696377407649
727	SGMCI	Precision	0.629485594059683
727	SGMCI	Recall	0.979606053745276
727	SGMCI	F1	0.7664546634463072
727	Complete Hi-C clique	AUROC	0.5652905248367761
727	Complete Hi-C clique	AUPRC	0.5883692583153252
727	Complete Hi-C clique	Precision	0.9864619769400181
727	Complete Hi-C clique	Recall	0.13261289816959543
727	Complete Hi-C clique	F1	0.2337959409254199
728	SGMCI	AUROC	0.8435468346065358
728	SGMCI	AUPRC	0.8397430793938054
728	SGMCI	Precision	0.6297726802017386
728	SGMCI	Recall	0.9797018408540727
728	SGMCI	F1	0.7666967647409577
728	Complete Hi-C clique	AUROC	0.5643969492970128
728	Complete Hi-C clique	AUPRC	0.5875174158887062
728	Complete Hi-C clique	Precision	0.9861521296843211
728	Complete Hi-C clique	Recall	0.1308451906163465
728	Complete Hi-C clique	F1	0.2310359408033827
729	SGMCI	AUROC	0.8424967142822819
729	SGMCI	AUPRC	0.8386810945670577
729	SGMCI	Precision	0.6292996838364903
729	SGMCI	Recall	0.9792838607429597
729	SGMCI	F1	0.7662182371918254
729	Complete Hi-C clique	AUROC	0.5646563675173613
729	Complete Hi-C clique	AUPRC	0.5877818660213207
729	Complete Hi-C clique	Precision	0.9865236163810023
729	Complete Hi-C clique	Recall	0.13131541824134868
729	Complete Hi-C clique	F1	0.2317789185699794
730	SGMCI	AUROC	0.8418370691019135
730	SGMCI	AUPRC	0.8381328754394566
730	SGMCI	Precision	0.6287480714621112
730	SGMCI	Recall	0.9794493112036086
730	SGMCI	F1	0.7658598032206448
730	Complete Hi-C clique	AUROC	0.5639326866413806
730	Complete Hi-C clique	AUPRC	0.5870247262025279
730	Complete Hi-C clique	Precision	0.9851583113456465
730	Complete Hi-C clique	Recall	0.130052769989028
730	Complete Hi-C clique	F1	0.22977276573485744
731	SGMCI	AUROC	0.8411923845990761
731	SGMCI	AUPRC	0.836708917927332
731	SGMCI	Precision	0.6285891483263213
731	SGMCI	Recall	0.9796670091781466
731	SGMCI	F1	0.7658084168609498
731	Complete Hi-C clique	AUROC	0.5643088562630401
731	Complete Hi-C clique	AUPRC	0.5874264519856178
731	Complete Hi-C clique	Precision	0.9860061756783391
731	Complete Hi-C clique	Recall	0.1306884480746791
731	Complete Hi-C clique	F1	0.23078756564328498
732	SGMCI	AUROC	0.8416569958271295
732	SGMCI	AUPRC	0.8372837382733058
732	SGMCI	Precision	0.6292573512549013
732	SGMCI	Recall	0.979623469583239
732	SGMCI	F1	0.7662907801659987
732	Complete Hi-C clique	AUROC	0.5646074601188054
732	Complete Hi-C clique	AUPRC	0.5877279031830419
732	Complete Hi-C clique	Precision	0.9863865436219648
732	Complete Hi-C clique	Recall	0.131237046970515
732	Complete Hi-C clique	F1	0.23165305071589412
733	SGMCI	AUROC	0.8417652059131079
733	SGMCI	AUPRC	0.8381687393172714
733	SGMCI	Precision	0.6290059446654449
733	SGMCI	Recall	0.9803549347776869
733	SGMCI	F1	0.7663279128179645
733	Complete Hi-C clique	AUROC	0.5646517149750093
733	Complete Hi-C clique	AUPRC	0.587808570123934
733	Complete Hi-C clique	Precision	0.9870317002881844
733	Complete Hi-C clique	Recall	0.13122833905153347
733	Complete Hi-C clique	F1	0.2316572640769834
734	SGMCI	AUROC	0.8429706084997377
734	SGMCI	AUPRC	0.8399692687606788
734	SGMCI	Precision	0.6290306356249511
734	SGMCI	Recall	0.9801633605600933
734	SGMCI	F1	0.7662876982776227
734	Complete Hi-C clique	AUROC	0.5650625981770203
734	Complete Hi-C clique	AUPRC	0.5881423150818215
734	Complete Hi-C clique	Precision	0.9862266112266113
734	Complete Hi-C clique	Recall	0.13218621013950085
734	Complete Hi-C clique	F1	0.23312600783229667
735	SGMCI	AUROC	0.841094154901312
735	SGMCI	AUPRC	0.8377138148872902
735	SGMCI	Precision	0.6293997481460752
735	SGMCI	Recall	0.9792751528239781
735	SGMCI	F1	0.7662897384442938
735	Complete Hi-C clique	AUROC	0.563794700216626
735	Complete Hi-C clique	AUPRC	0.5870379359218348
735	Complete Hi-C clique	Precision	0.9875083056478405
735	Complete Hi-C clique	Recall	0.12941709190337694
735	Complete Hi-C clique	F1	0.22884331116038434
736	SGMCI	AUROC	0.8416109532832942
736	SGMCI	AUPRC	0.8374635213624312
736	SGMCI	Precision	0.6288167618877248
736	SGMCI	Recall	0.9795015587174977
736	SGMCI	F1	0.7659267329429388
736	Complete Hi-C clique	AUROC	0.5634042465331193
736	Complete Hi-C clique	AUPRC	0.5865797096886586
736	Complete Hi-C clique	Precision	0.9859417682723699
736	Complete Hi-C clique	Recall	0.12885978508855953
736	Complete Hi-C clique	F1	0.22792979429636417
737	SGMCI	AUROC	0.8426182476231383
737	SGMCI	AUPRC	0.8393279246698422
737	SGMCI	Precision	0.6295998031452028
737	SGMCI	Recall	0.9803375189397238
737	SGMCI	F1	0.7667631534139282
737	Complete Hi-C clique	AUROC	0.5648729614040984
737	Complete Hi-C clique	AUPRC	0.5880448445769761
737	Complete Hi-C clique	Precision	0.9875196027182436
737	Complete Hi-C clique	Recall	0.13160277956773891
737	Complete Hi-C clique	F1	0.23225399947749387
738	SGMCI	AUROC	0.8423899983381253
738	SGMCI	AUPRC	0.8388060684794525
738	SGMCI	Precision	0.628834510172249
738	SGMCI	Recall	0.9794580191225901
738	SGMCI	F1	0.7659265867003511
738	Complete Hi-C clique	AUROC	0.5649211535413579
738	Complete Hi-C clique	AUPRC	0.5880592041774148
738	Complete Hi-C clique	Precision	0.9870206104878685
738	Complete Hi-C clique	Recall	0.13177693794736933
738	Complete Hi-C clique	F1	0.23251133133594526
739	SGMCI	AUROC	0.8424114341240458
739	SGMCI	AUPRC	0.8388051597115158
739	SGMCI	Precision	0.6293773938326483
739	SGMCI	Recall	0.9801720684790749
739	SGMCI	F1	0.766547604049264
739	Complete Hi-C clique	AUROC	0.5640847766406963
739	Complete Hi-C clique	AUPRC	0.5871993018802701
739	Complete Hi-C clique	Precision	0.9857029911714323
739	Complete Hi-C clique	Recall	0.1302791758825476
739	Complete Hi-C clique	F1	0.23014090573467882
740	SGMCI	AUROC	0.8431033981689506
740	SGMCI	AUPRC	0.8395208856399284
740	SGMCI	Precision	0.6296252770129609
740	SGMCI	Recall	0.9797192566920357
740	SGMCI	F1	0.7665928525193336
740	Complete Hi-C clique	AUROC	0.5650385923520339
740	Complete Hi-C clique	AUPRC	0.5880693152193309
740	Complete Hi-C clique	Precision	0.9854028804982483
740	Complete Hi-C clique	Recall	0.13226458141033456
740	Complete Hi-C clique	F1	0.23322482572244574
741	SGMCI	AUROC	0.8422144536265039
741	SGMCI	AUPRC	0.8385287631316991
741	SGMCI	Precision	0.6296619704119159
741	SGMCI	Recall	0.9795625141503683
741	SGMCI	F1	0.7665720584276859
741	Complete Hi-C clique	AUROC	0.5641826816814512
741	Complete Hi-C clique	AUPRC	0.5872415675116005
741	Complete Hi-C clique	Precision	0.984896243761492
741	Complete Hi-C clique	Recall	0.1306013688848639
741	Complete Hi-C clique	F1	0.23062137683945075
742	SGMCI	AUROC	0.84226357414736
742	SGMCI	AUPRC	0.8383619116180696
742	SGMCI	Precision	0.6293723503025829
742	SGMCI	Recall	0.9798847071526846
742	SGMCI	F1	0.7664559721011334
742	Complete Hi-C clique	AUROC	0.5652550057514848
742	Complete Hi-C clique	AUPRC	0.5884643921406288
742	Complete Hi-C clique	Precision	0.9885416666666667
742	Complete Hi-C clique	Recall	0.13222104181542696
742	Complete Hi-C clique	F1	0.23324475030338404
743	SGMCI	AUROC	0.8409560635027132
743	SGMCI	AUPRC	0.8366067573583877
743	SGMCI	Precision	0.6285714285714286
743	SGMCI	Recall	0.9800936972082411
743	SGMCI	F1	0.7659255932330264
743	Complete Hi-C clique	AUROC	0.5640431466385292
743	Complete Hi-C clique	AUPRC	0.5870751201514455
743	Complete Hi-C clique	Precision	0.9842918172855735
743	Complete Hi-C clique	Recall	0.13040979466727043
743	Complete Hi-C clique	F1	0.23030610597218057
744	SGMCI	AUROC	0.8419655536160071
744	SGMCI	AUPRC	0.838986890083685
744	SGMCI	Precision	0.6284037348940067
744	SGMCI	Recall	0.9798759992337032
744	SGMCI	F1	0.7657346226344478
744	Complete Hi-C clique	AUROC	0.5636226597689536
744	Complete Hi-C clique	AUPRC	0.5868248165621275
744	Complete Hi-C clique	Precision	0.9866338608857561
744	Complete Hi-C clique	Recall	0.1291993939288389
744	Complete Hi-C clique	F1	0.2284794727278327
745	SGMCI	AUROC	0.8432414426679448
745	SGMCI	AUPRC	0.8387105158000652
745	SGMCI	Precision	0.6306431005110733
745	SGMCI	Recall	0.9799630784235184
745	SGMCI	F1	0.7674215612064674
745	Complete Hi-C clique	AUROC	0.565066354970789
745	Complete Hi-C clique	AUPRC	0.5882080498011385
745	Complete Hi-C clique	Precision	0.9872387525229507
745	Complete Hi-C clique	Recall	0.132038175516815
745	Complete Hi-C clique	F1	0.23292395370093014
746	SGMCI	AUROC	0.8398490785932191
746	SGMCI	AUPRC	0.8356782383256971
746	SGMCI	Precision	0.6280545309456979
746	SGMCI	Recall	0.9800588655323151
746	SGMCI	F1	0.7655311030169468
746	Complete Hi-C clique	AUROC	0.5647564183420054
746	Complete Hi-C clique	AUPRC	0.5879425504223224
746	Complete Hi-C clique	Precision	0.9876252209781968
746	Complete Hi-C clique	Recall	0.13135024991727476
746	Complete Hi-C clique	F1	0.23186356265035238
747	SGMCI	AUROC	0.8421093775600338
747	SGMCI	AUPRC	0.8385936430772948
747	SGMCI	Precision	0.6280696665067447
747	SGMCI	Recall	0.9803723506156499
747	SGMCI	F1	0.7656379636304286
747	Complete Hi-C clique	AUROC	0.5641418850361549
747	Complete Hi-C clique	AUPRC	0.5872571152939885
747	Complete Hi-C clique	Precision	0.9857791823029824
747	Complete Hi-C clique	Recall	0.13038367091032585
747	Complete Hi-C clique	F1	0.23030601336645468
748	SGMCI	AUROC	0.841804059484087
748	SGMCI	AUPRC	0.8385745745389253
748	SGMCI	Precision	0.6288537637774151
748	SGMCI	Recall	0.9797453804489803
748	SGMCI	F1	0.76602871790682
748	Complete Hi-C clique	AUROC	0.5638674953445938
748	Complete Hi-C clique	AUPRC	0.5870638699827768
748	Complete Hi-C clique	Precision	0.9868124585818423
748	Complete Hi-C clique	Recall	0.12966962155384107
748	Complete Hi-C clique	F1	0.22921925989778955
749	SGMCI	AUROC	0.8416259987441356
749	SGMCI	AUPRC	0.8380097577410881
749	SGMCI	Precision	0.6295140287286884
749	SGMCI	Recall	0.9800066180184259
749	SGMCI	F1	0.7665983229682508
749	Complete Hi-C clique	AUROC	0.5649575059835201
749	Complete Hi-C clique	AUPRC	0.58810522426795
749	Complete Hi-C clique	Precision	0.9872179470457806
749	Complete Hi-C clique	Recall	0.13182047754227694
749	Complete Hi-C clique	F1	0.23258458040131516
750	SGMCI	AUROC	0.8420966708148481
750	SGMCI	AUPRC	0.8382161593539094
750	SGMCI	Precision	0.6290469612487207
750	SGMCI	Recall	0.9794493112036086
750	SGMCI	F1	0.7660814929591855
750	Complete Hi-C clique	AUROC	0.5646590826150413
750	Complete Hi-C clique	AUPRC	0.5876722713242921
750	Complete Hi-C clique	Precision	0.9846885587698723
750	Complete Hi-C clique	Recall	0.13160277956773891
750	Complete Hi-C clique	F1	0.2321755027422304
751	SGMCI	AUROC	0.8418105044971524
751	SGMCI	AUPRC	0.8382530040347889
751	SGMCI	Precision	0.6300428703522094
751	SGMCI	Recall	0.9790139152545325
751	SGMCI	F1	0.7666861018197442
751	Complete Hi-C clique	AUROC	0.5647614875627927
751	Complete Hi-C clique	AUPRC	0.5879864109922017
751	Complete Hi-C clique	Precision	0.9882646036845211
751	Complete Hi-C clique	Recall	0.13126317072745955
751	Complete Hi-C clique	F1	0.23174547047835742
752	SGMCI	AUROC	0.8432770205470543
752	SGMCI	AUPRC	0.8400083083038778
752	SGMCI	Precision	0.6296907793479781
752	SGMCI	Recall	0.9797279646110173
752	SGMCI	F1	0.7666440668726767
752	Complete Hi-C clique	AUROC	0.5649587281668953
752	Complete Hi-C clique	AUPRC	0.5881492872743953
752	Complete Hi-C clique	Precision	0.98791718372412
752	Complete Hi-C clique	Recall	0.13171598251449868
752	Complete Hi-C clique	F1	0.23244127884194266
753	SGMCI	AUROC	0.841049800531597
753	SGMCI	AUPRC	0.8371752444802639
753	SGMCI	Precision	0.629343434908627
753	SGMCI	Recall	0.979423187446664
753	SGMCI	F1	0.7662933137118642
753	Complete Hi-C clique	AUROC	0.5636306524266388
753	Complete Hi-C clique	AUPRC	0.5867935714760875
753	Complete Hi-C clique	Precision	0.9859903060885732
753	Complete Hi-C clique	Recall	0.12931259687559868
753	Complete Hi-C clique	F1	0.22863917351172838
754	SGMCI	AUROC	0.8421756174524
754	SGMCI	AUPRC	0.8382237677714852
754	SGMCI	Precision	0.6295274599222226
754	SGMCI	Recall	0.9796931329350912
754	SGMCI	F1	0.7665123504103178
754	Complete Hi-C clique	AUROC	0.5641086643701083
754	Complete Hi-C clique	AUPRC	0.5871716558102847
754	Complete Hi-C clique	Precision	0.984879363618434
754	Complete Hi-C clique	Recall	0.13045333426217803
754	Complete Hi-C clique	F1	0.23039008373766812
755	SGMCI	AUROC	0.841353786328617
755	SGMCI	AUPRC	0.8385173562122137
755	SGMCI	Precision	0.6291815742397138
755	SGMCI	Recall	0.9800588655323151
755	SGMCI	F1	0.7663677404857722
755	Complete Hi-C clique	AUROC	0.564634507476264
755	Complete Hi-C clique	AUPRC	0.5878273834604395
755	Complete Hi-C clique	Precision	0.9876024926205313
755	Complete Hi-C clique	Recall	0.13110642818579216
755	Complete Hi-C clique	F1	0.23148297625362269
756	SGMCI	AUROC	0.8427957685520286
756	SGMCI	AUPRC	0.838671599727171
756	SGMCI	Precision	0.6294308879401512
756	SGMCI	Recall	0.9795538062313868
756	SGMCI	F1	0.7663981196028002
756	Complete Hi-C clique	AUROC	0.5642824339232344
756	Complete Hi-C clique	AUPRC	0.5874325219974298
756	Complete Hi-C clique	Precision	0.9865113830767206
756	Complete Hi-C clique	Recall	0.1305578292899563
756	Complete Hi-C clique	F1	0.2305976806422837
757	SGMCI	AUROC	0.8419173342617392
757	SGMCI	AUPRC	0.8381145086047663
757	SGMCI	Precision	0.6294549178263862
757	SGMCI	Recall	0.9795363903934238
757	SGMCI	F1	0.7664106014410056
757	Complete Hi-C clique	AUROC	0.5637794925542643
757	Complete Hi-C clique	AUPRC	0.5869070697543597
757	Complete Hi-C clique	Precision	0.985572468563865
757	Complete Hi-C clique	Recall	0.1296783294728226
757	Complete Hi-C clique	F1	0.2291993720565149
758	SGMCI	AUROC	0.8414733385421378
758	SGMCI	AUPRC	0.8380329355708748
758	SGMCI	Precision	0.6289669992668991
758	SGMCI	Recall	0.9787004301711977
758	SGMCI	F1	0.7657930508191638
758	Complete Hi-C clique	AUROC	0.5652200559799841
758	Complete Hi-C clique	AUPRC	0.5883298906630953
758	Complete Hi-C clique	Precision	0.9868890763938469
758	Complete Hi-C clique	Recall	0.1324039081140389
758	Complete Hi-C clique	F1	0.23348305117278975
759	SGMCI	AUROC	0.8415407120250341
759	SGMCI	AUPRC	0.8379260344557997
759	SGMCI	Precision	0.6291348493748427
759	SGMCI	Recall	0.9793012765809227
759	SGMCI	F1	0.7661013716267077
759	Complete Hi-C clique	AUROC	0.5650984436971039
759	Complete Hi-C clique	AUPRC	0.5881839336008439
759	Complete Hi-C clique	Precision	0.9863600935307872
759	Complete Hi-C clique	Recall	0.13223845765338998
759	Complete Hi-C clique	F1	0.23321098944975965
760	SGMCI	AUROC	0.8421612082261749
760	SGMCI	AUPRC	0.838630294848316
760	SGMCI	Precision	0.6288579081875171
760	SGMCI	Recall	0.9792316132290705
760	SGMCI	F1	0.7658747050150003
760	Complete Hi-C clique	AUROC	0.5645761768974303
760	Complete Hi-C clique	AUPRC	0.5877255434903734
760	Complete Hi-C clique	Precision	0.9868257193419414
760	Complete Hi-C clique	Recall	0.13110642818579216
760	Complete Hi-C clique	F1	0.23146162419770172
761	SGMCI	AUROC	0.842515957469365
761	SGMCI	AUPRC	0.8393649112643338
761	SGMCI	Precision	0.6288753136859284
761	SGMCI	Recall	0.979806335881851
761	SGMCI	F1	0.7660633376339108
761	Complete Hi-C clique	AUROC	0.5647564183420054
761	Complete Hi-C clique	AUPRC	0.5879425504223224
761	Complete Hi-C clique	Precision	0.9876252209781968
761	Complete Hi-C clique	Recall	0.13135024991727476
761	Complete Hi-C clique	F1	0.23186356265035238
762	SGMCI	AUROC	0.841670201706012
762	SGMCI	AUPRC	0.8384034674119806
762	SGMCI	Precision	0.6289051584418488
762	SGMCI	Recall	0.9799021229906477
762	SGMCI	F1	0.7661147572233873
762	Complete Hi-C clique	AUROC	0.564596127345787
762	Complete Hi-C clique	AUPRC	0.58776384433262
762	Complete Hi-C clique	Precision	0.9871483837125434
762	Complete Hi-C clique	Recall	0.13109772026681063
762	Complete Hi-C clique	F1	0.23145692564321346
763	SGMCI	AUROC	0.8414620413247762
763	SGMCI	AUPRC	0.8375596135253753
763	SGMCI	Precision	0.6285564281006691
763	SGMCI	Recall	0.9799717863424998
763	SGMCI	F1	0.7658772288008712
763	Complete Hi-C clique	AUROC	0.5634542580194757
763	Complete Hi-C clique	AUPRC	0.5865766876960692
763	Complete Hi-C clique	Precision	0.9851143009037746
763	Complete Hi-C clique	Recall	0.1290861909820791
763	Complete Hi-C clique	F1	0.22826170641947555
764	SGMCI	AUROC	0.8418725594887103
764	SGMCI	AUPRC	0.8375298332634029
764	SGMCI	Precision	0.6295666284307417
764	SGMCI	Recall	0.9797540883679619
764	SGMCI	F1	0.7665600419685713
764	Complete Hi-C clique	AUROC	0.5641494888673357
764	Complete Hi-C clique	AUPRC	0.5873224772727876
764	Complete Hi-C clique	Precision	0.9867405501682169
764	Complete Hi-C clique	Recall	0.13025305212560304
764	Complete Hi-C clique	F1	0.2301283875781749
765	SGMCI	AUROC	0.842081644444008
765	SGMCI	AUPRC	0.8385794909602977
765	SGMCI	Precision	0.6298752539413375
765	SGMCI	Recall	0.9800588655323151
765	SGMCI	F1	0.7668820970220188
765	Complete Hi-C clique	AUROC	0.5651603227304887
765	Complete Hi-C clique	AUPRC	0.588316308595865
765	Complete Hi-C clique	Precision	0.9875731945348081
765	Complete Hi-C clique	Recall	0.13217750222051933
765	Complete Hi-C clique	F1	0.23315003686409433
766	SGMCI	AUROC	0.8406653794578647
766	SGMCI	AUPRC	0.8375292072890577
766	SGMCI	Precision	0.6288556045688599
766	SGMCI	Recall	0.9794580191225901
766	SGMCI	F1	0.7659422337683562
766	Complete Hi-C clique	AUROC	0.5638903692298484
766	Complete Hi-C clique	AUPRC	0.5870272791968524
766	Complete Hi-C clique	Precision	0.985853110332518
766	Complete Hi-C clique	Recall	0.12986119577143454
766	Complete Hi-C clique	F1	0.2294925556880699
767	SGMCI	AUROC	0.8406262459707445
767	SGMCI	AUPRC	0.8371307717246435
767	SGMCI	Precision	0.6291992192961362
767	SGMCI	Recall	0.9797192566920357
767	SGMCI	F1	0.7662769750486121
767	Complete Hi-C clique	AUROC	0.5640204810924924
767	Complete Hi-C clique	AUPRC	0.587146309755014
767	Complete Hi-C clique	Precision	0.985817006398839
767	Complete Hi-C clique	Recall	0.13013114125986172
767	Complete Hi-C clique	F1	0.22991299799226136
768	SGMCI	AUROC	0.8425252096861929
768	SGMCI	AUPRC	0.8384625138969095
768	SGMCI	Precision	0.6290601253613505
768	SGMCI	Recall	0.9796670091781466
768	SGMCI	F1	0.7661578379261853
768	Complete Hi-C clique	AUROC	0.5630210980979322
768	Complete Hi-C clique	AUPRC	0.5862177911567777
768	Complete Hi-C clique	Precision	0.985858856644997
768	Complete Hi-C clique	Recall	0.1280934882181856
768	Complete Hi-C clique	F1	0.22672801115914887
769	SGMCI	AUROC	0.8418870823660528
769	SGMCI	AUPRC	0.8386066148573786
769	SGMCI	Precision	0.6294992810102785
769	SGMCI	Recall	0.9796931329350912
769	SGMCI	F1	0.7664914617404901
769	Complete Hi-C clique	AUROC	0.5643186961217534
769	Complete Hi-C clique	AUPRC	0.5875446530355584
769	Complete Hi-C clique	Precision	0.9878000527565286
769	Complete Hi-C clique	Recall	0.13043591842421498
769	Complete Hi-C clique	F1	0.23044260857525267
770	SGMCI	AUROC	0.8417948030767708
770	SGMCI	AUPRC	0.8381194371774698
770	SGMCI	Precision	0.6290673421572082
770	SGMCI	Recall	0.979623469583239
770	SGMCI	F1	0.7661498752004795
770	Complete Hi-C clique	AUROC	0.5640720411970163
770	Complete Hi-C clique	AUPRC	0.5873233573963984
770	Complete Hi-C clique	Precision	0.9879478180252963
770	Complete Hi-C clique	Recall	0.12991344328532367
770	Complete Hi-C clique	F1	0.22963082677256247
771	SGMCI	AUROC	0.8415894648411391
771	SGMCI	AUPRC	0.8373722475410115
771	SGMCI	Precision	0.628701416291262
771	SGMCI	Recall	0.9795189745554608
771	SGMCI	F1	0.7658464848377565
771	Complete Hi-C clique	AUROC	0.5644427249194528
771	Complete Hi-C clique	AUPRC	0.5876111474376582
771	Complete Hi-C clique	Precision	0.9869908015768726
771	Complete Hi-C clique	Recall	0.13081035894042042
771	Complete Hi-C clique	F1	0.2310046287041166
772	SGMCI	AUROC	0.8419432062084427
772	SGMCI	AUPRC	0.8378406982354194
772	SGMCI	Precision	0.6283764905732071
772	SGMCI	Recall	0.9792316132290705
772	SGMCI	F1	0.765517570014568
772	Complete Hi-C clique	AUROC	0.5635891405200459
772	Complete Hi-C clique	AUPRC	0.586769863900706
772	Complete Hi-C clique	Precision	0.9862394469188327
772	Complete Hi-C clique	Recall	0.12919068600985736
772	Complete Hi-C clique	F1	0.2284552782932069
773	SGMCI	AUROC	0.841931550386885
773	SGMCI	AUPRC	0.8378795590951853
773	SGMCI	Precision	0.6293036891161562
773	SGMCI	Recall	0.9794928507985162
773	SGMCI	F1	0.7662851692894611
773	Complete Hi-C clique	AUROC	0.5643779224491701
773	Complete Hi-C clique	AUPRC	0.5875538231237525
773	Complete Hi-C clique	Precision	0.987042031178057
773	Complete Hi-C clique	Recall	0.13067103223671606
773	Complete Hi-C clique	F1	0.23078875123999348
774	SGMCI	AUROC	0.841808466269125
774	SGMCI	AUPRC	0.838304664373955
774	SGMCI	Precision	0.6288233026631136
774	SGMCI	Recall	0.9801633605600933
774	SGMCI	F1	0.7661338351954642
774	Complete Hi-C clique	AUROC	0.5650497446377658
774	Complete Hi-C clique	AUPRC	0.5881651189298467
774	Complete Hi-C clique	Precision	0.9867924528301887
774	Complete Hi-C clique	Recall	0.13207300719274107
774	Complete Hi-C clique	F1	0.23296571639223393
775	SGMCI	AUROC	0.8420727795298705
775	SGMCI	AUPRC	0.8377685396146412
775	SGMCI	Precision	0.6301366028440264
775	SGMCI	Recall	0.9801198209651858
775	SGMCI	F1	0.7670944394087057
775	Complete Hi-C clique	AUROC	0.5644712930431478
775	Complete Hi-C clique	AUPRC	0.5877240008640119
775	Complete Hi-C clique	Precision	0.9884057971014493
775	Complete Hi-C clique	Recall	0.13065361639875303
775	Complete Hi-C clique	F1	0.23079881247211922
776	SGMCI	AUROC	0.8411369391078247
776	SGMCI	AUPRC	0.8378959281698939
776	SGMCI	Precision	0.6284125548521087
776	SGMCI	Recall	0.9801633605600933
776	SGMCI	F1	0.7658288995631999
776	Complete Hi-C clique	AUROC	0.5652213684070028
776	Complete Hi-C clique	AUPRC	0.588307813999559
776	Complete Hi-C clique	Precision	0.9865110246433204
776	Complete Hi-C clique	Recall	0.13246486354690956
776	Complete Hi-C clique	F1	0.23356722811650724
777	SGMCI	AUROC	0.8424360693688142
777	SGMCI	AUPRC	0.838737441134108
777	SGMCI	Precision	0.6282572289829184
777	SGMCI	Recall	0.980041449694352
777	SGMCI	F1	0.765676343127717
777	Complete Hi-C clique	AUROC	0.5644589185740407
777	Complete Hi-C clique	AUPRC	0.5875837085959571
777	Complete Hi-C clique	Precision	0.9862923853872892
777	Complete Hi-C clique	Recall	0.13094968564412476
777	Complete Hi-C clique	F1	0.23120267517392473
778	SGMCI	AUROC	0.8441789758778806
778	SGMCI	AUPRC	0.8408845701490537
778	SGMCI	Precision	0.6301632184551639
778	SGMCI	Recall	0.980024033856389
778	SGMCI	F1	0.7670848200440987
778	Complete Hi-C clique	AUROC	0.5653805553154204
778	Complete Hi-C clique	AUPRC	0.5885438792385457
778	Complete Hi-C clique	Precision	0.9879299156391953
778	Complete Hi-C clique	Recall	0.13256935857468782
778	Complete Hi-C clique	F1	0.23376942448252566
779	SGMCI	AUROC	0.8430749721408983
779	SGMCI	AUPRC	0.8395886555760878
779	SGMCI	Precision	0.629283436818258
779	SGMCI	Recall	0.9796147616642574
779	SGMCI	F1	0.7663074575624641
779	Complete Hi-C clique	AUROC	0.5649121470395153
779	Complete Hi-C clique	AUPRC	0.5880818623524899
779	Complete Hi-C clique	Precision	0.9875269378959054
779	Complete Hi-C clique	Recall	0.1316811508385726
779	Complete Hi-C clique	F1	0.23237623990595538
780	SGMCI	AUROC	0.8434193536931842
780	SGMCI	AUPRC	0.8395149135064968
780	SGMCI	Precision	0.6300122050903064
780	SGMCI	Recall	0.9798934150716662
780	SGMCI	F1	0.7669329225904066
780	Complete Hi-C clique	AUROC	0.5643397506579109
780	Complete Hi-C clique	AUPRC	0.5875255496858802
780	Complete Hi-C clique	Precision	0.9871626069782752
780	Complete Hi-C clique	Recall	0.13057524512791932
780	Complete Hi-C clique	F1	0.23064263081797767
781	SGMCI	AUROC	0.8427692870797793
781	SGMCI	AUPRC	0.838506485631444
781	SGMCI	Precision	0.630347036002396
781	SGMCI	Recall	0.9804855535624096
781	SGMCI	F1	0.7673623771148178
781	Complete Hi-C clique	AUROC	0.5648181792798157
781	Complete Hi-C clique	AUPRC	0.5879736077547794
781	Complete Hi-C clique	Precision	0.9871912168344007
781	Complete Hi-C clique	Recall	0.13154182413486826
781	Complete Hi-C clique	F1	0.2321499923159674
782	SGMCI	AUROC	0.8413337615943344
782	SGMCI	AUPRC	0.8373739097627041
782	SGMCI	Precision	0.6287507124258239
782	SGMCI	Recall	0.9798585833957401
782	SGMCI	F1	0.7659868483751072
782	Complete Hi-C clique	AUROC	0.5640048846036264
782	Complete Hi-C clique	AUPRC	0.5871122356154639
782	Complete Hi-C clique	Precision	0.9854938678623236
782	Complete Hi-C clique	Recall	0.13014855709782477
782	Complete Hi-C clique	F1	0.22993138672656227
783	SGMCI	AUROC	0.8418355405896234
783	SGMCI	AUPRC	0.837541881738566
783	SGMCI	Precision	0.6283020238075289
783	SGMCI	Recall	0.9794493112036086
783	SGMCI	F1	0.765528811632869
783	Complete Hi-C clique	AUROC	0.563711856890727
783	Complete Hi-C clique	AUPRC	0.5868586587335061
783	Complete Hi-C clique	Precision	0.9858146626010871
783	Complete Hi-C clique	Recall	0.12950417109319215
783	Complete Hi-C clique	F1	0.22893383824389643
784	SGMCI	AUROC	0.8409522208674302
784	SGMCI	AUPRC	0.8372642338692134
784	SGMCI	Precision	0.6283863039714015
784	SGMCI	Recall	0.9796408854212021
784	SGMCI	F1	0.7656498836212178
784	Complete Hi-C clique	AUROC	0.5637127804912412
784	Complete Hi-C clique	AUPRC	0.5869332787037492
784	Complete Hi-C clique	Precision	0.9870397447826665
784	Complete Hi-C clique	Recall	0.12932130479458018
784	Complete Hi-C clique	F1	0.22868097687167008
785	SGMCI	AUROC	0.8422276429974029
785	SGMCI	AUPRC	0.838120426006226
785	SGMCI	Precision	0.628872487946052
785	SGMCI	Recall	0.9801633605600933
785	SGMCI	F1	0.7661703394877903
785	Complete Hi-C clique	AUROC	0.5642649278416282
785	Complete Hi-C clique	AUPRC	0.5874821499221847
785	Complete Hi-C clique	Precision	0.9875973083520253
785	Complete Hi-C clique	Recall	0.1303575471533813
785	Complete Hi-C clique	F1	0.23031477891627436
786	SGMCI	AUROC	0.8422821971422002
786	SGMCI	AUPRC	0.838748435918545
786	SGMCI	Precision	0.6291370728706448
786	SGMCI	Recall	0.979606053745276
786	SGMCI	F1	0.7661962621914673
786	Complete Hi-C clique	AUROC	0.5643983798196056
786	Complete Hi-C clique	AUPRC	0.5875965193320664
786	Complete Hi-C clique	Precision	0.9874300756827904
786	Complete Hi-C clique	Recall	0.13065361639875303
786	Complete Hi-C clique	F1	0.23077218859827892
787	SGMCI	AUROC	0.8427979588651453
787	SGMCI	AUPRC	0.8400682451128914
787	SGMCI	Precision	0.6292193266972375
787	SGMCI	Recall	0.979788920043888
787	SGMCI	F1	0.7663131942599896
787	Complete Hi-C clique	AUROC	0.5640624096775205
787	Complete Hi-C clique	AUPRC	0.5872402190981627
787	Complete Hi-C clique	Precision	0.9867230332254442
787	Complete Hi-C clique	Recall	0.1300788937459726
787	Complete Hi-C clique	F1	0.2298560514552575
788	SGMCI	AUROC	0.8408324366955768
788	SGMCI	AUPRC	0.8369641273804713
788	SGMCI	Precision	0.6286619824593765
788	SGMCI	Recall	0.9793535240948118
788	SGMCI	F1	0.7657666552051665
788	Complete Hi-C clique	AUROC	0.5651818841887247
788	Complete Hi-C clique	AUPRC	0.5883016123193305
788	Complete Hi-C clique	Precision	0.987007925165649
788	Complete Hi-C clique	Recall	0.13230812100524217
788	Complete Hi-C clique	F1	0.23333742858897968
789	SGMCI	AUROC	0.8427843641597585
789	SGMCI	AUPRC	0.8383291564774678
789	SGMCI	Precision	0.6294908924198545
789	SGMCI	Recall	0.9804420139675021
789	SGMCI	F1	0.7667143343547839
789	Complete Hi-C clique	AUROC	0.5651257896374237
789	Complete Hi-C clique	AUPRC	0.5882525142010748
789	Complete Hi-C clique	Precision	0.9870602770011054
789	Complete Hi-C clique	Recall	0.13218621013950085
789	Complete Hi-C clique	F1	0.23314928158381779
790	SGMCI	AUROC	0.8411695538038916
790	SGMCI	AUPRC	0.8363195455397224
790	SGMCI	Precision	0.6292404263763045
790	SGMCI	Recall	0.9802765635068531
790	SGMCI	F1	0.7664779516649021
790	Complete Hi-C clique	AUROC	0.5648096797000519
790	Complete Hi-C clique	AUPRC	0.5880006714859302
790	Complete Hi-C clique	Precision	0.9877625809829199
790	Complete Hi-C clique	Recall	0.13143732910709
790	Complete Hi-C clique	F1	0.2320030126269031
791	SGMCI	AUROC	0.841250184044122
791	SGMCI	AUPRC	0.8369101851413521
791	SGMCI	Precision	0.6289531049130848
791	SGMCI	Recall	0.9798672913147216
791	SGMCI	F1	0.7661396843552978
791	Complete Hi-C clique	AUROC	0.5646068629530834
791	Complete Hi-C clique	AUPRC	0.5877895692580615
791	Complete Hi-C clique	Precision	0.9874057067891112
791	Complete Hi-C clique	Recall	0.1310803044288476
791	Complete Hi-C clique	F1	0.23143685185612264
792	SGMCI	AUROC	0.8412309212590996
792	SGMCI	AUPRC	0.8373271921290963
792	SGMCI	Precision	0.6286363458736441
792	SGMCI	Recall	0.9805726327522248
792	SGMCI	F1	0.7661200066674151
792	Complete Hi-C clique	AUROC	0.5645806211005643
792	Complete Hi-C clique	AUPRC	0.5876637975274963
792	Complete Hi-C clique	Precision	0.98574604420034
792	Complete Hi-C clique	Recall	0.1312805865654226
792	Complete Hi-C clique	F1	0.2317031936802631
793	SGMCI	AUROC	0.8418974056547146
793	SGMCI	AUPRC	0.8383948293985872
793	SGMCI	Precision	0.6291225085891424
793	SGMCI	Recall	0.9790574548494401
793	SGMCI	F1	0.7660176050580477
793	Complete Hi-C clique	AUROC	0.5645860791478559
793	Complete Hi-C clique	AUPRC	0.5876110239182346
793	Complete Hi-C clique	Precision	0.9847980687675344
793	Complete Hi-C clique	Recall	0.13143732910709
793	Complete Hi-C clique	F1	0.23192102331655973
794	SGMCI	AUROC	0.8406381222797025
794	SGMCI	AUPRC	0.836718371453246
794	SGMCI	Precision	0.6288380258067402
794	SGMCI	Recall	0.9794580191225901
794	SGMCI	F1	0.7659291945006232
794	Complete Hi-C clique	AUROC	0.5638464129565052
794	Complete Hi-C clique	AUPRC	0.5869162451779062
794	Complete Hi-C clique	Precision	0.9846915209501814
794	Complete Hi-C clique	Recall	0.12994827496124975
794	Complete Hi-C clique	F1	0.22959697829883147
795	SGMCI	AUROC	0.8421111579672211
795	SGMCI	AUPRC	0.8386796507438761
795	SGMCI	Precision	0.6288322636910485
795	SGMCI	Recall	0.9794928507985162
795	SGMCI	F1	0.7659355699762355
795	Complete Hi-C clique	AUROC	0.5644636613600358
795	Complete Hi-C clique	AUPRC	0.5874915442572108
795	Complete Hi-C clique	Precision	0.9847068819031436
795	Complete Hi-C clique	Recall	0.1312022152945889
795	Complete Hi-C clique	F1	0.23155241703102067
796	SGMCI	AUROC	0.8425134582029873
796	SGMCI	AUPRC	0.8381804957310606
796	SGMCI	Precision	0.6294201244348955
796	SGMCI	Recall	0.9795973458262944
796	SGMCI	F1	0.76640346634147
796	Complete Hi-C clique	AUROC	0.5635347472222676
796	Complete Hi-C clique	AUPRC	0.5866026302751832
796	Complete Hi-C clique	Precision	0.984298396713926
796	Complete Hi-C clique	Recall	0.1293735523084693
796	Complete Hi-C clique	F1	0.22868885263060676
797	SGMCI	AUROC	0.8419724170852911
797	SGMCI	AUPRC	0.8379180555710578
797	SGMCI	Precision	0.628745658219507
797	SGMCI	Recall	0.9804420139675021
797	SGMCI	F1	0.7661612999809466
797	Complete Hi-C clique	AUROC	0.5644319893121564
797	Complete Hi-C clique	AUPRC	0.5875854508641455
797	Complete Hi-C clique	Precision	0.9867332194929725
797	Complete Hi-C clique	Recall	0.13082777477838345
797	Complete Hi-C clique	F1	0.23102472628859638
798	SGMCI	AUROC	0.8427726736291075
798	SGMCI	AUPRC	0.8392378195764818
798	SGMCI	Precision	0.6289987489947279
798	SGMCI	Recall	0.9807380832128738
798	SGMCI	F1	0.7664396006723511
798	Complete Hi-C clique	AUROC	0.5637045794943384
798	Complete Hi-C clique	AUPRC	0.5869294239549233
798	Complete Hi-C clique	Precision	0.9871027788857865
798	Complete Hi-C clique	Recall	0.12929518103763563
798	Complete Hi-C clique	F1	0.22864182322143517
799	SGMCI	AUROC	0.8422730686082642
799	SGMCI	AUPRC	0.8394185645584166
799	SGMCI	Precision	0.6284967670608731
799	SGMCI	Recall	0.9801633605600933
799	SGMCI	F1	0.7658914306710396
799	Complete Hi-C clique	AUROC	0.5649586100713208
799	Complete Hi-C clique	AUPRC	0.5880479652668203
799	Complete Hi-C clique	Precision	0.9862683847455421
799	Complete Hi-C clique	Recall	0.1319685121649628
799	Complete Hi-C clique	F1	0.2327885472028509
800	SGMCI	AUROC	0.841534024640908
800	SGMCI	AUPRC	0.8379271109668285
800	SGMCI	Precision	0.6293390926792148
800	SGMCI	Recall	0.9794493112036086
800	SGMCI	F1	0.7662980903522936
800	Complete Hi-C clique	AUROC	0.5641298370018402
800	Complete Hi-C clique	AUPRC	0.5872534779871331
800	Complete Hi-C clique	Precision	0.9859043604268213
800	Complete Hi-C clique	Recall	0.13034013131541825
800	Complete Hi-C clique	F1	0.23024150130749116
801	SGMCI	AUROC	0.8423180664930396
801	SGMCI	AUPRC	0.8394355598771456
801	SGMCI	Precision	0.6292041832112298
801	SGMCI	Recall	0.9797105487730542
801	SGMCI	F1	0.7662779926987414
801	Complete Hi-C clique	AUROC	0.5640521809923028
801	Complete Hi-C clique	AUPRC	0.5872189023251881
801	Complete Hi-C clique	Precision	0.9865284289770851
801	Complete Hi-C clique	Recall	0.13008760166495412
801	Complete Hi-C clique	F1	0.2298643647917773
802	SGMCI	AUROC	0.8420574107241925
802	SGMCI	AUPRC	0.8385014630065207
802	SGMCI	Precision	0.6297921891795055
802	SGMCI	Recall	0.979606053745276
802	SGMCI	F1	0.766681887263087
802	Complete Hi-C clique	AUROC	0.5649509159964967
802	Complete Hi-C clique	AUPRC	0.5880484569790834
802	Complete Hi-C clique	Precision	0.9863932291666667
802	Complete Hi-C clique	Recall	0.13193368048903673
802	Complete Hi-C clique	F1	0.23273783007419468
803	SGMCI	AUROC	0.8424604473853368
803	SGMCI	AUPRC	0.8390608672130611
803	SGMCI	Precision	0.6293374511844417
803	SGMCI	Recall	0.9795015587174977
803	SGMCI	F1	0.7663128636245964
803	Complete Hi-C clique	AUROC	0.5637264395354354
803	Complete Hi-C clique	AUPRC	0.5868840516481911
803	Complete Hi-C clique	Precision	0.9860107405688523
803	Complete Hi-C clique	Recall	0.12950417109319215
803	Complete Hi-C clique	F1	0.22893912454491575
804	SGMCI	AUROC	0.842548908758983
804	SGMCI	AUPRC	0.8383444689656427
804	SGMCI	Precision	0.6290950962253288
804	SGMCI	Recall	0.9800501576133336
804	SGMCI	F1	0.7663009249645095
804	Complete Hi-C clique	AUROC	0.5641738835188265
804	Complete Hi-C clique	AUPRC	0.5872989572628519
804	Complete Hi-C clique	Precision	0.9859776168531929
804	Complete Hi-C clique	Recall	0.13041850258625193
804	Complete Hi-C clique	F1	0.23036576737318115
805	SGMCI	AUROC	0.8430289887295066
805	SGMCI	AUPRC	0.8390516373547683
805	SGMCI	Precision	0.6281611826312204
805	SGMCI	Recall	0.9798150438008325
805	SGMCI	F1	0.7655359159624988
805	Complete Hi-C clique	AUROC	0.5643457156272811
805	Complete Hi-C clique	AUPRC	0.5874767757252976
805	Complete Hi-C clique	Precision	0.9862689705012812
805	Complete Hi-C clique	Recall	0.1307232797506052
805	Complete Hi-C clique	F1	0.23084907618849906
806	SGMCI	AUROC	0.8432025490121955
806	SGMCI	AUPRC	0.8400158267897609
806	SGMCI	Precision	0.629292833199962
806	SGMCI	Recall	0.979240321148052
806	SGMCI	F1	0.7661998317077575
806	Complete Hi-C clique	AUROC	0.5640177659948122
806	Complete Hi-C clique	AUPRC	0.5872564642941518
806	Complete Hi-C clique	Precision	0.9876796714579056
806	Complete Hi-C clique	Recall	0.1298437799334715
806	Complete Hi-C clique	F1	0.22951475737868934
807	SGMCI	AUROC	0.8419798756885449
807	SGMCI	AUPRC	0.8384819725089393
807	SGMCI	Precision	0.6283488313646645
807	SGMCI	Recall	0.9797192566920357
807	SGMCI	F1	0.765646000415117
807	Complete Hi-C clique	AUROC	0.5645958287629259
807	Complete Hi-C clique	AUPRC	0.5877947461978914
807	Complete Hi-C clique	Precision	0.9876591834055403
807	Complete Hi-C clique	Recall	0.13101934899597695
807	Complete Hi-C clique	F1	0.23134879143858791
808	SGMCI	AUROC	0.8429240421025586
808	SGMCI	AUPRC	0.8386165905248074
808	SGMCI	Precision	0.6297922808823447
808	SGMCI	Recall	0.9803026872637977
808	SGMCI	F1	0.7668952174638695
808	Complete Hi-C clique	AUROC	0.5653067463432951
808	Complete Hi-C clique	AUPRC	0.588509355913641
808	Complete Hi-C clique	Precision	0.9884870560686874
808	Complete Hi-C clique	Recall	0.13233424476218672
808	Complete Hi-C clique	F1	0.23341934691119098
809	SGMCI	AUROC	0.8410076392686573
809	SGMCI	AUPRC	0.8369396576469795
809	SGMCI	Precision	0.6297115158571125
809	SGMCI	Recall	0.9796670091781466
809	SGMCI	F1	0.7666407719355629
809	Complete Hi-C clique	AUROC	0.5641915979396505
809	Complete Hi-C clique	AUPRC	0.5872847333800979
809	Complete Hi-C clique	Precision	0.9854710406942344
809	Complete Hi-C clique	Recall	0.13053170553301172
809	Complete Hi-C clique	F1	0.2305284931064445
810	SGMCI	AUROC	0.8419138167914035
810	SGMCI	AUPRC	0.8378633780637535
810	SGMCI	Precision	0.6289126876386165
810	SGMCI	Recall	0.9803026872637977
810	SGMCI	F1	0.7662427383703321
810	Complete Hi-C clique	AUROC	0.5642222839953036
810	Complete Hi-C clique	AUPRC	0.5873485507042076
810	Complete Hi-C clique	Precision	0.986051713928548
810	Complete Hi-C clique	Recall	0.13050558177606716
810	Complete Hi-C clique	F1	0.23050362589109255
811	SGMCI	AUROC	0.8424409512874805
811	SGMCI	AUPRC	0.8389550280929884
811	SGMCI	Precision	0.6288553268021314
811	SGMCI	Recall	0.9804158902105575
811	SGMCI	F1	0.7662347384611198
811	Complete Hi-C clique	AUROC	0.5637643127438339
811	Complete Hi-C clique	AUPRC	0.5869430934575524
811	Complete Hi-C clique	Precision	0.9864049340141919
811	Complete Hi-C clique	Recall	0.1295215869311552
811	Complete Hi-C clique	F1	0.2289769622143369
812	SGMCI	AUROC	0.8407001292711238
812	SGMCI	AUPRC	0.8369807929825938
812	SGMCI	Precision	0.6279800788359966
812	SGMCI	Recall	0.979423187446664
812	SGMCI	F1	0.765281822387938
812	Complete Hi-C clique	AUROC	0.5639771498368026
812	Complete Hi-C clique	AUPRC	0.5871402623662587
812	Complete Hi-C clique	Precision	0.9863846662260409
812	Complete Hi-C clique	Recall	0.12995698288023128
812	Complete Hi-C clique	F1	0.22965653083836024
813	SGMCI	AUROC	0.8411365390220291
813	SGMCI	AUPRC	0.8379966995395729
813	SGMCI	Precision	0.6284687685103434
813	SGMCI	Recall	0.9793535240948118
813	SGMCI	F1	0.7656232981156736
813	Complete Hi-C clique	AUROC	0.5635490591360462
813	Complete Hi-C clique	AUPRC	0.5868253934760171
813	Complete Hi-C clique	Precision	0.9877861576453314
813	Complete Hi-C clique	Recall	0.12887720092652258
813	Complete Hi-C clique	F1	0.22800625476617806
814	SGMCI	AUROC	0.8420496130300259
814	SGMCI	AUPRC	0.838153045425601
814	SGMCI	Precision	0.6293863082325051
814	SGMCI	Recall	0.980224315992964
814	SGMCI	F1	0.7665701930607103
814	Complete Hi-C clique	AUROC	0.563717731616454
814	Complete Hi-C clique	AUPRC	0.5868758261734733
814	Complete Hi-C clique	Precision	0.9860088853524303
814	Complete Hi-C clique	Recall	0.1294867552552291
814	Complete Hi-C clique	F1	0.2289118604669063
815	SGMCI	AUROC	0.8412793608044711
815	SGMCI	AUPRC	0.8373756446286378
815	SGMCI	Precision	0.6296172002595253
815	SGMCI	Recall	0.9802330239119456
815	SGMCI	F1	0.7667440894198743
815	Complete Hi-C clique	AUROC	0.5638683008495334
815	Complete Hi-C clique	AUPRC	0.5870374417463364
815	Complete Hi-C clique	Precision	0.9863621317444555
815	Complete Hi-C clique	Recall	0.12973928490569323
815	Complete Hi-C clique	F1	0.22931593083121057
816	SGMCI	AUROC	0.8425172075046714
816	SGMCI	AUPRC	0.8388469116309987
816	SGMCI	Precision	0.6291146249923091
816	SGMCI	Recall	0.979423187446664
816	SGMCI	F1	0.7661236764400365
816	Complete Hi-C clique	AUROC	0.5642327210197389
816	Complete Hi-C clique	AUPRC	0.5874049890535021
816	Complete Hi-C clique	Precision	0.9868212967843965
816	Complete Hi-C clique	Recall	0.13040979466727043
816	Complete Hi-C clique	F1	0.23037519036411463
817	SGMCI	AUROC	0.8418509069825958
817	SGMCI	AUPRC	0.8375147403992098
817	SGMCI	Precision	0.6291054366653629
817	SGMCI	Recall	0.9804333060485205
817	SGMCI	F1	0.7664256929695583
817	Complete Hi-C clique	AUROC	0.5648364006227186
817	Complete Hi-C clique	AUPRC	0.587963585954814
817	Complete Hi-C clique	Precision	0.9867502121271458
817	Complete Hi-C clique	Recall	0.13164631916264652
817	Complete Hi-C clique	F1	0.23230049401117092
818	SGMCI	AUROC	0.8429626288791269
818	SGMCI	AUPRC	0.8381676045488834
818	SGMCI	Precision	0.6299594733778155
818	SGMCI	Recall	0.9799979100994445
818	SGMCI	F1	0.7669258499553642
818	Complete Hi-C clique	AUROC	0.5643697214522674
818	Complete Hi-C clique	AUPRC	0.5875499684073158
818	Complete Hi-C clique	Precision	0.9871044147641292
818	Complete Hi-C clique	Recall	0.1306449084797715
818	Complete Hi-C clique	F1	0.23074970969800898
819	SGMCI	AUROC	0.8420020036669131
819	SGMCI	AUPRC	0.8377220792652401
819	SGMCI	Precision	0.6293048451542861
819	SGMCI	Recall	0.9792316132290705
819	SGMCI	F1	0.7662060695256395
819	Complete Hi-C clique	AUROC	0.5637687847988991
819	Complete Hi-C clique	AUPRC	0.587048595858533
819	Complete Hi-C clique	Precision	0.9880865224625623
819	Complete Hi-C clique	Recall	0.12927776519967257
819	Complete Hi-C clique	F1	0.22864095238828608
820	SGMCI	AUROC	0.842421561856595
820	SGMCI	AUPRC	0.8384126640389309
820	SGMCI	Precision	0.6295378522603958
820	SGMCI	Recall	0.9800327417753705
820	SGMCI	F1	0.7666239799463237
820	Complete Hi-C clique	AUROC	0.5642279503818127
820	Complete Hi-C clique	AUPRC	0.5873306718191933
820	Complete Hi-C clique	Precision	0.9856701505291527
820	Complete Hi-C clique	Recall	0.13057524512791932
820	Complete Hi-C clique	F1	0.2306018408162951
821	SGMCI	AUROC	0.8430499281753892
821	SGMCI	AUPRC	0.839765953784838
821	SGMCI	Precision	0.6294531503417111
821	SGMCI	Recall	0.9800762813702781
821	SGMCI	F1	0.7665744915612103
821	Complete Hi-C clique	AUROC	0.5644293644581196
821	Complete Hi-C clique	AUPRC	0.5876296887533758
821	Complete Hi-C clique	Precision	0.9875
821	Complete Hi-C clique	Recall	0.13070586391264216
821	Complete Hi-C clique	F1	0.23085559605653733
822	SGMCI	AUROC	0.842251460885346
822	SGMCI	AUPRC	0.8374943912631347
822	SGMCI	Precision	0.6299091880640775
822	SGMCI	Recall	0.9803201031017608
822	SGMCI	F1	0.7669872155171533
822	Complete Hi-C clique	AUROC	0.5646714570841483
822	Complete Hi-C clique	AUPRC	0.5878116611658748
822	Complete Hi-C clique	Precision	0.9867809698318173
822	Complete Hi-C clique	Recall	0.13130671032236715
822	Complete Hi-C clique	F1	0.231772454445546
823	SGMCI	AUROC	0.842506018478094
823	SGMCI	AUPRC	0.8382520697110177
823	SGMCI	Precision	0.6292498167760415
823	SGMCI	Recall	0.9794144795276825
823	SGMCI	F1	0.7662212472878014
823	Complete Hi-C clique	AUROC	0.5644541757880458
823	Complete Hi-C clique	AUPRC	0.587676545198083
823	Complete Hi-C clique	Precision	0.98788915948134
823	Complete Hi-C clique	Recall	0.13069715599366064
823	Complete Hi-C clique	F1	0.23085264283132484
824	SGMCI	AUROC	0.8418102926446973
824	SGMCI	AUPRC	0.8376774736099868
824	SGMCI	Precision	0.6290281101147215
824	SGMCI	Recall	0.9797540883679619
824	SGMCI	F1	0.7661607185416709
824	Complete Hi-C clique	AUROC	0.5640137106181824
824	Complete Hi-C clique	AUPRC	0.5872214469594296
824	Complete Hi-C clique	Precision	0.9871633692847218
824	Complete Hi-C clique	Recall	0.12991344328532367
824	Complete Hi-C clique	F1	0.22960962208832558
825	SGMCI	AUROC	0.8408849167180645
825	SGMCI	AUPRC	0.8379975486439513
825	SGMCI	Precision	0.6299100592511284
825	SGMCI	Recall	0.9794493112036086
825	SGMCI	F1	0.7667211997273347
825	Complete Hi-C clique	AUROC	0.5647810213327137
825	Complete Hi-C clique	AUPRC	0.5879540918227253
825	Complete Hi-C clique	Precision	0.9874386653581944
825	Complete Hi-C clique	Recall	0.13142862118810847
825	Complete Hi-C clique	F1	0.23198051074752352
826	SGMCI	AUROC	0.8418416386810661
826	SGMCI	AUPRC	0.8381223775392979
826	SGMCI	Precision	0.6295407641067803
826	SGMCI	Recall	0.9801633605600933
826	SGMCI	F1	0.7666660990685715
826	Complete Hi-C clique	AUROC	0.5647671539493019
826	Complete Hi-C clique	AUPRC	0.5879683079375075
826	Complete Hi-C clique	Precision	0.9878823606471474
826	Complete Hi-C clique	Recall	0.13133283407931173
826	Complete Hi-C clique	F1	0.23184351101033782
827	SGMCI	AUROC	0.8422280760145091
827	SGMCI	AUPRC	0.8380682244772159
827	SGMCI	Precision	0.6297100395044596
827	SGMCI	Recall	0.9799717863424998
827	SGMCI	F1	0.7667329808688068
827	Complete Hi-C clique	AUROC	0.5643414519114335
827	Complete Hi-C clique	AUPRC	0.587406964688579
827	Complete Hi-C clique	Precision	0.985186156266387
827	Complete Hi-C clique	Recall	0.13088002229227258
827	Complete Hi-C clique	F1	0.23106369240702876
828	SGMCI	AUROC	0.8415428526872157
828	SGMCI	AUPRC	0.8376361223526423
828	SGMCI	Precision	0.6288173485356584
828	SGMCI	Recall	0.9797105487730542
828	SGMCI	F1	0.7659910538606608
828	Complete Hi-C clique	AUROC	0.5638384202988201
828	Complete Hi-C clique	AUPRC	0.5869472710268568
828	Complete Hi-C clique	Precision	0.985329103885805
828	Complete Hi-C clique	Recall	0.12983507201449
828	Complete Hi-C clique	F1	0.2294375625144264
829	SGMCI	AUROC	0.8413395875580177
829	SGMCI	AUPRC	0.8375752703670528
829	SGMCI	Precision	0.6286181895367153
829	SGMCI	Recall	0.9799804942614814
829	SGMCI	F1	0.7659257343533062
829	Complete Hi-C clique	AUROC	0.5639073962413069
829	Complete Hi-C clique	AUPRC	0.5871404976802413
829	Complete Hi-C clique	Precision	0.9874651810584958
829	Complete Hi-C clique	Recall	0.12965220571587802
829	Complete Hi-C clique	F1	0.229209643154038
830	SGMCI	AUROC	0.8428202983150151
830	SGMCI	AUPRC	0.8383302253399025
830	SGMCI	Precision	0.6295459249604216
830	SGMCI	Recall	0.9799630784235184
830	SGMCI	F1	0.7666086506333513
830	Complete Hi-C clique	AUROC	0.5647951872989868
830	Complete Hi-C clique	AUPRC	0.5879091157784432
830	Complete Hi-C clique	Precision	0.9864882506527415
830	Complete Hi-C clique	Recall	0.13160277956773891
830	Complete Hi-C clique	F1	0.2322254490695923
831	SGMCI	AUROC	0.8418472558399217
831	SGMCI	AUPRC	0.8378267083456089
831	SGMCI	Precision	0.6291707878604997
831	SGMCI	Recall	0.9804420139675021
831	SGMCI	F1	0.7664768491887091
831	Complete Hi-C clique	AUROC	0.5648708156202091
831	Complete Hi-C clique	AUPRC	0.5879263024462922
831	Complete Hi-C clique	Precision	0.9856185332205375
831	Complete Hi-C clique	Recall	0.13189014089412912
831	Complete Hi-C clique	F1	0.23264851580200455
832	SGMCI	AUROC	0.8419601221508021
832	SGMCI	AUPRC	0.8375924087004715
832	SGMCI	Precision	0.6295279421139157
832	SGMCI	Recall	0.9803462268587053
832	SGMCI	F1	0.7667125228145686
832	Complete Hi-C clique	AUROC	0.5642660319294289
832	Complete Hi-C clique	AUPRC	0.5874247960809875
832	Complete Hi-C clique	Precision	0.9866359447004608
832	Complete Hi-C clique	Recall	0.13050558177606716
832	Complete Hi-C clique	F1	0.23051958039806814
833	SGMCI	AUROC	0.8416077397291677
833	SGMCI	AUPRC	0.8381130139781507
833	SGMCI	Precision	0.628734378931477
833	SGMCI	Recall	0.9791706577961998
833	SGMCI	F1	0.7657644466993322
833	Complete Hi-C clique	AUROC	0.5640662567149326
833	Complete Hi-C clique	AUPRC	0.587239967217266
833	Complete Hi-C clique	Precision	0.9866596222427685
833	Complete Hi-C clique	Recall	0.13009630958393564
833	Complete Hi-C clique	F1	0.22988152023388217
834	SGMCI	AUROC	0.8411630028011062
834	SGMCI	AUPRC	0.8370962936196021
834	SGMCI	Precision	0.629182150940233
834	SGMCI	Recall	0.9804158902105575
834	SGMCI	F1	0.766477297869516
834	Complete Hi-C clique	AUROC	0.5646778108800228
834	Complete Hi-C clique	AUPRC	0.5876668666042384
834	Complete Hi-C clique	Precision	0.9843150016270745
834	Complete Hi-C clique	Recall	0.13169856667653565
834	Complete Hi-C clique	F1	0.23231415558781293
835	SGMCI	AUROC	0.8420225849742093
835	SGMCI	AUPRC	0.8380868461361417
835	SGMCI	Precision	0.6295960562466076
835	SGMCI	Recall	0.979788920043888
835	SGMCI	F1	0.7665925171435287
835	Complete Hi-C clique	AUROC	0.5644819105548696
835	Complete Hi-C clique	AUPRC	0.5876481641574751
835	Complete Hi-C clique	Precision	0.9869984897235538
835	Complete Hi-C clique	Recall	0.1308887302112541
835	Complete Hi-C clique	F1	0.23112703452835848
836	SGMCI	AUROC	0.8410635795338048
836	SGMCI	AUPRC	0.8373952530799094
836	SGMCI	Precision	0.6286845283356444
836	SGMCI	Recall	0.9791532419582368
836	SGMCI	F1	0.7657221461793567
836	Complete Hi-C clique	AUROC	0.5644146637178367
836	Complete Hi-C clique	AUPRC	0.5875031685086012
836	Complete Hi-C clique	Precision	0.9856468737711365
836	Complete Hi-C clique	Recall	0.1309583935631063
836	Complete Hi-C clique	F1	0.23119849956954863
837	SGMCI	AUROC	0.8406133073518826
837	SGMCI	AUPRC	0.8363742827386013
837	SGMCI	Precision	0.6282740938112714
837	SGMCI	Recall	0.9794057716087009
837	SGMCI	F1	0.7654947814753434
837	Complete Hi-C clique	AUROC	0.5634761459125041
837	Complete Hi-C clique	AUPRC	0.5866980733848937
837	Complete Hi-C clique	Precision	0.986798239765302
837	Complete Hi-C clique	Recall	0.12887720092652258
837	Complete Hi-C clique	F1	0.22797991312116822
838	SGMCI	AUROC	0.8415784476669033
838	SGMCI	AUPRC	0.8377256709270984
838	SGMCI	Precision	0.6295181228560076
838	SGMCI	Recall	0.9795799299883314
838	SGMCI	F1	0.7664707786124312
838	Complete Hi-C clique	AUROC	0.5647093302925468
838	Complete Hi-C clique	AUPRC	0.587870782486849
838	Complete Hi-C clique	Precision	0.9871702559403024
838	Complete Hi-C clique	Recall	0.1313241261603302
838	Complete Hi-C clique	F1	0.2318103216385505
839	SGMCI	AUROC	0.8423566856929805
839	SGMCI	AUPRC	0.8388779869143078
839	SGMCI	Precision	0.6293388984625026
839	SGMCI	Recall	0.9794928507985162
839	SGMCI	F1	0.7663112715876963
839	Complete Hi-C clique	AUROC	0.5644327045734528
839	Complete Hi-C clique	AUPRC	0.5876250469833237
839	Complete Hi-C clique	Precision	0.9873725748109174
839	Complete Hi-C clique	Recall	0.1307319876695867
839	Complete Hi-C clique	F1	0.2308928585160293
840	SGMCI	AUROC	0.8429974282163364
840	SGMCI	AUPRC	0.8392745533265907
840	SGMCI	Precision	0.6284754014158422
840	SGMCI	Recall	0.9802504397499086
840	SGMCI	F1	0.7659021479551222
840	Complete Hi-C clique	AUROC	0.5647535572968196
840	Complete Hi-C clique	AUPRC	0.5877846384827191
840	Complete Hi-C clique	Precision	0.9850882333789152
840	Complete Hi-C clique	Recall	0.13173339835246173
840	Complete Hi-C clique	F1	0.23238987672337647
841	SGMCI	AUROC	0.8412515202595681
841	SGMCI	AUPRC	0.83776043708399
841	SGMCI	Precision	0.6281928195052247
841	SGMCI	Recall	0.9800066180184259
841	SGMCI	F1	0.7656178781591211
841	Complete Hi-C clique	AUROC	0.5647692718812599
841	Complete Hi-C clique	AUPRC	0.5879196205794657
841	Complete Hi-C clique	Precision	0.9870545930042498
841	Complete Hi-C clique	Recall	0.13146345286403455
841	Complete Hi-C clique	F1	0.23202415989795053
842	SGMCI	AUROC	0.842434380221146
842	SGMCI	AUPRC	0.8390540879240208
842	SGMCI	Precision	0.6293644489690895
842	SGMCI	Recall	0.9797627962869433
842	SGMCI	F1	0.7664128169148401
842	Complete Hi-C clique	AUROC	0.5642054931749937
842	Complete Hi-C clique	AUPRC	0.5874377113066973
842	Complete Hi-C clique	Precision	0.987779098956269
842	Complete Hi-C clique	Recall	0.1302095125306954
842	Complete Hi-C clique	F1	0.2300886317473995
843	SGMCI	AUROC	0.842815883445298
843	SGMCI	AUPRC	0.8384591994820285
843	SGMCI	Precision	0.6303233747342508
843	SGMCI	Recall	0.9810689841341717
843	SGMCI	F1	0.7675234520297842
843	Complete Hi-C clique	AUROC	0.5636514083799351
843	Complete Hi-C clique	AUPRC	0.5868054313583118
843	Complete Hi-C clique	Precision	0.9858659588586596
843	Complete Hi-C clique	Recall	0.1293735523084693
843	Complete Hi-C clique	F1	0.22873110201065366
844	SGMCI	AUROC	0.8415540553011333
844	SGMCI	AUPRC	0.8371968666250795
844	SGMCI	Precision	0.6288169591721564
844	SGMCI	Recall	0.9799892021804629
844	SGMCI	F1	0.7660759200705222
844	Complete Hi-C clique	AUROC	0.5649176050868068
844	Complete Hi-C clique	AUPRC	0.5880286380072368
844	Complete Hi-C clique	Precision	0.9865763065293888
844	Complete Hi-C clique	Recall	0.13183789338024
844	Complete Hi-C clique	F1	0.23259386714189145
845	SGMCI	AUROC	0.8426622684046017
845	SGMCI	AUPRC	0.838995574082797
845	SGMCI	Precision	0.62874445524531
845	SGMCI	Recall	0.980024033856389
845	SGMCI	F1	0.7660327529642386
845	Complete Hi-C clique	AUROC	0.5649929626770994
845	Complete Hi-C clique	AUPRC	0.5882442758701477
845	Complete Hi-C clique	Precision	0.9889434085704939
845	Complete Hi-C clique	Recall	0.13162890332468347
845	Complete Hi-C clique	F1	0.2323340224249364
846	SGMCI	AUROC	0.842168941581534
846	SGMCI	AUPRC	0.8381661303959528
846	SGMCI	Precision	0.6289019925663024
846	SGMCI	Recall	0.9798150438008325
846	SGMCI	F1	0.7660857931663676
846	Complete Hi-C clique	AUROC	0.5653425640114474
846	Complete Hi-C clique	AUPRC	0.5883835187151392
846	Complete Hi-C clique	Precision	0.9859072984679036
846	Complete Hi-C clique	Recall	0.1328044723871889
846	Complete Hi-C clique	F1	0.23407798506603633
847	SGMCI	AUROC	0.8423976091534531
847	SGMCI	AUPRC	0.8382711781211775
847	SGMCI	Precision	0.6292168742035724
847	SGMCI	Recall	0.9803549347776869
847	SGMCI	F1	0.7664844329763549
847	Complete Hi-C clique	AUROC	0.5637972348270196
847	Complete Hi-C clique	AUPRC	0.5870598428899557
847	Complete Hi-C clique	Precision	0.9878324468085107
847	Complete Hi-C clique	Recall	0.1293735523084693
847	Complete Hi-C clique	F1	0.22878393569349695
848	SGMCI	AUROC	0.8422334377229019
848	SGMCI	AUPRC	0.8386881302814446
848	SGMCI	Precision	0.6283801515379934
848	SGMCI	Recall	0.9799979100994445
848	SGMCI	F1	0.7657543334410669
848	Complete Hi-C clique	AUROC	0.5639701710232748
848	Complete Hi-C clique	AUPRC	0.5871803169005674
848	Complete Hi-C clique	Precision	0.9871548698933986
848	Complete Hi-C clique	Recall	0.12982636409550846
848	Complete Hi-C clique	F1	0.22947337637851026
849	SGMCI	AUROC	0.8427032961616674
849	SGMCI	AUPRC	0.8396997591319262
849	SGMCI	Precision	0.6291796370708589
849	SGMCI	Recall	0.9803462268587053
849	SGMCI	F1	0.7664541428527663
849	Complete Hi-C clique	AUROC	0.5639891978711173
849	Complete Hi-C clique	AUPRC	0.5871438837690404
849	Complete Hi-C clique	Precision	0.9862588359648543
849	Complete Hi-C clique	Recall	0.13000052247513888
849	Complete Hi-C clique	F1	0.22972110021157913
850	SGMCI	AUROC	0.8424537182233138
850	SGMCI	AUPRC	0.8384967772984584
850	SGMCI	Precision	0.6293475586570937
850	SGMCI	Recall	0.9800762813702781
850	SGMCI	F1	0.7664961828421992
850	Complete Hi-C clique	AUROC	0.5643372160475171
850	Complete Hi-C clique	AUPRC	0.5875036994150543
850	Complete Hi-C clique	Precision	0.9868421052631579
850	Complete Hi-C clique	Recall	0.13061878472282692
850	Complete Hi-C clique	F1	0.230701794859964
851	SGMCI	AUROC	0.8422817416911677
851	SGMCI	AUPRC	0.8393415419108189
851	SGMCI	Precision	0.6284264356137158
851	SGMCI	Recall	0.980206900155001
851	SGMCI	F1	0.765852496938359
851	Complete Hi-C clique	AUROC	0.5641059492724282
851	Complete Hi-C clique	AUPRC	0.5872813481753557
851	Complete Hi-C clique	Precision	0.9867317974783814
851	Complete Hi-C clique	Recall	0.1301659729357878
851	Complete Hi-C clique	F1	0.22999222999222996
852	SGMCI	AUROC	0.8429365565509002
852	SGMCI	AUPRC	0.8396033628403834
852	SGMCI	Precision	0.6288435875531136
852	SGMCI	Recall	0.9807206673749107
852	SGMCI	F1	0.7663190841512579
852	Complete Hi-C clique	AUROC	0.5643971576362303
852	Complete Hi-C clique	AUPRC	0.5875525475981073
852	Complete Hi-C clique	Precision	0.9867262452359048
852	Complete Hi-C clique	Recall	0.1307581114265313
852	Complete Hi-C clique	F1	0.23091591314510673
853	SGMCI	AUROC	0.8418190620664994
853	SGMCI	AUPRC	0.8381531833549167
853	SGMCI	Precision	0.628722138095584
853	SGMCI	Recall	0.9797976279628694
853	SGMCI	F1	0.7659470185601819
853	Complete Hi-C clique	AUROC	0.5650092465753305
853	Complete Hi-C clique	AUPRC	0.5881502071660524
853	Complete Hi-C clique	Precision	0.9871644513943185
853	Complete Hi-C clique	Recall	0.13193368048903673
853	Complete Hi-C clique	F1	0.23275928287219824
854	SGMCI	AUROC	0.8420380566796511
854	SGMCI	AUPRC	0.8385030187051069
854	SGMCI	Precision	0.6296702374625905
854	SGMCI	Recall	0.9801894843170379
854	SGMCI	F1	0.7667700943110254
854	Complete Hi-C clique	AUROC	0.5649148899891266
854	Complete Hi-C clique	AUPRC	0.5881391606500617
854	Complete Hi-C clique	Precision	0.9884192619733054
854	Complete Hi-C clique	Recall	0.13155053205384978
854	Complete Hi-C clique	F1	0.23219747621462938
855	SGMCI	AUROC	0.8421599077780264
855	SGMCI	AUPRC	0.8384913503380599
855	SGMCI	Precision	0.6289865601162369
855	SGMCI	Recall	0.9801111130462042
855	SGMCI	F1	0.7662390267646528
855	Complete Hi-C clique	AUROC	0.564875794597353
855	Complete Hi-C clique	AUPRC	0.5880358259870491
855	Complete Hi-C clique	Precision	0.9873293710404285
855	Complete Hi-C clique	Recall	0.131637611243665
855	Complete Hi-C clique	F1	0.23230297582002166
856	SGMCI	AUROC	0.8409360647579227
856	SGMCI	AUPRC	0.8374966168300941
856	SGMCI	Precision	0.6287004235441369
856	SGMCI	Recall	0.9797802121249064
856	SGMCI	F1	0.7659255830417557
856	Complete Hi-C clique	AUROC	0.5640415634805809
856	Complete Hi-C clique	AUPRC	0.587294565162557
856	Complete Hi-C clique	Precision	0.9879422287001458
856	Complete Hi-C clique	Recall	0.129852487852453
856	Complete Hi-C clique	F1	0.2295354493119478
857	SGMCI	AUROC	0.8429824327873837
857	SGMCI	AUPRC	0.8389117437376585
857	SGMCI	Precision	0.6297726153708428
857	SGMCI	Recall	0.9801459447221303
857	SGMCI	F1	0.7668326713583998
857	Complete Hi-C clique	AUROC	0.5640668538806546
857	Complete Hi-C clique	AUPRC	0.5871785037974737
857	Complete Hi-C clique	Precision	0.9856352134949921
857	Complete Hi-C clique	Recall	0.13025305212560304
857	Complete Hi-C clique	F1	0.23009829710646548
858	SGMCI	AUROC	0.8406783743731832
858	SGMCI	AUPRC	0.8375374584263364
858	SGMCI	Precision	0.627951382103835
858	SGMCI	Recall	0.9794057716087009
858	SGMCI	F1	0.765255197330149
858	Complete Hi-C clique	AUROC	0.5645989605390415
858	Complete Hi-C clique	AUPRC	0.5877548445728794
858	Complete Hi-C clique	Precision	0.9869576615545943
858	Complete Hi-C clique	Recall	0.13113255194273674
858	Complete Hi-C clique	F1	0.2315059648259747
859	SGMCI	AUROC	0.8433517187915537
859	SGMCI	AUPRC	0.8386240911261172
859	SGMCI	Precision	0.6307205466409028
859	SGMCI	Recall	0.9806161723471325
859	SGMCI	F1	0.7676791088781558
859	Complete Hi-C clique	AUROC	0.5643053356604202
859	Complete Hi-C clique	AUPRC	0.5875633038197692
859	Complete Hi-C clique	Precision	0.9883122028526149
859	Complete Hi-C clique	Recall	0.13033142339643672
859	Complete Hi-C clique	F1	0.23029342524349525
860	SGMCI	AUROC	0.8408407548145063
860	SGMCI	AUPRC	0.8375264791684189
860	SGMCI	Precision	0.6294957992594167
860	SGMCI	Recall	0.9799892021804629
860	SGMCI	F1	0.7665794779576044
860	Complete Hi-C clique	AUROC	0.5642263393719332
860	Complete Hi-C clique	AUPRC	0.5873834169468464
860	Complete Hi-C clique	Precision	0.9865639201738787
860	Complete Hi-C clique	Recall	0.13043591842421498
860	Complete Hi-C clique	F1	0.2304089339414402
861	SGMCI	AUROC	0.84146562588525
861	SGMCI	AUPRC	0.837657072732547
861	SGMCI	Precision	0.6295446532996827
861	SGMCI	Recall	0.9796321775022205
861	SGMCI	F1	0.766506437007941
861	Complete Hi-C clique	AUROC	0.5636978992636716
861	Complete Hi-C clique	AUPRC	0.586938693682096
861	Complete Hi-C clique	Precision	0.9873602980308674
861	Complete Hi-C clique	Recall	0.1292429335237465
861	Complete Hi-C clique	F1	0.2285670285670286
862	SGMCI	AUROC	0.8418204146206163
862	SGMCI	AUPRC	0.8378738013162743
862	SGMCI	Precision	0.6284949601054913
862	SGMCI	Recall	0.9794928507985162
862	SGMCI	F1	0.7656853068309452
862	Complete Hi-C clique	AUROC	0.5643608051940682
862	Complete Hi-C clique	AUPRC	0.5875065534639372
862	Complete Hi-C clique	Precision	0.9865273396424816
862	Complete Hi-C clique	Recall	0.1307145718316237
862	Complete Hi-C clique	F1	0.23084257308502626
863	SGMCI	AUROC	0.8417298201615298
863	SGMCI	AUPRC	0.8389243070860617
863	SGMCI	Precision	0.6288267018753076
863	SGMCI	Recall	0.9787613856040683
863	SGMCI	F1	0.7657077068757621
863	Complete Hi-C clique	AUROC	0.5644682515106755
863	Complete Hi-C clique	AUPRC	0.5876976571791861
863	Complete Hi-C clique	Precision	0.9880200105318588
863	Complete Hi-C clique	Recall	0.13070586391264216
863	Complete Hi-C clique	F1	0.23086979927708992
864	SGMCI	AUROC	0.8429959340321865
864	SGMCI	AUPRC	0.8387837148989175
864	SGMCI	Precision	0.6296053882903143
864	SGMCI	Recall	0.9800501576133336
864	SGMCI	F1	0.7666793825528958
864	Complete Hi-C clique	AUROC	0.5654128523809528
864	Complete Hi-C clique	AUPRC	0.5885548685147592
864	Complete Hi-C clique	Precision	0.987619911848587
864	Complete Hi-C clique	Recall	0.1326825615214476
864	Complete Hi-C clique	F1	0.23393671410805586
865	SGMCI	AUROC	0.840110006743794
865	SGMCI	AUPRC	0.8356070293845478
865	SGMCI	Precision	0.6290447983264253
865	SGMCI	Recall	0.9792925686619411
865	SGMCI	F1	0.7660319395675319
865	Complete Hi-C clique	AUROC	0.5640350637372009
865	Complete Hi-C clique	AUPRC	0.5871717027661217
865	Complete Hi-C clique	Precision	0.9860121404064397
865	Complete Hi-C clique	Recall	0.13013114125986172
865	Complete Hi-C clique	F1	0.22991830392171944
866	SGMCI	AUROC	0.8414144604061888
866	SGMCI	AUPRC	0.8369332110530585
866	SGMCI	Precision	0.6285931380491321
866	SGMCI	Recall	0.9797279646110173
866	SGMCI	F1	0.7658300008508466
866	Complete Hi-C clique	AUROC	0.5647376622250927
866	Complete Hi-C clique	AUPRC	0.5877812060194695
866	Complete Hi-C clique	Precision	0.9852739949175735
866	Complete Hi-C clique	Recall	0.13167244291959107
866	Complete Hi-C clique	F1	0.23230018819372433
867	SGMCI	AUROC	0.8419845588341585
867	SGMCI	AUPRC	0.838180413477935
867	SGMCI	Precision	0.6301721145339918
867	SGMCI	Recall	0.9800762813702781
867	SGMCI	F1	0.767107415485278
867	Complete Hi-C clique	AUROC	0.5649673179903024
867	Complete Hi-C clique	AUPRC	0.5880561908668035
867	Complete Hi-C clique	Precision	0.9862701717855283
867	Complete Hi-C clique	Recall	0.13198592800292586
867	Complete Hi-C clique	F1	0.23281569205720168
868	SGMCI	AUROC	0.8418130067688296
868	SGMCI	AUPRC	0.8386594285349602
868	SGMCI	Precision	0.6283172496984318
868	SGMCI	Recall	0.9797192566920357
868	SGMCI	F1	0.7656225544569277
868	Complete Hi-C clique	AUROC	0.5648506846845659
868	Complete Hi-C clique	AUPRC	0.5880199009292609
868	Complete Hi-C clique	Precision	0.9874518005359126
868	Complete Hi-C clique	Recall	0.1315679478918128
868	Complete Hi-C clique	F1	0.2321978807275298
869	SGMCI	AUROC	0.8421016247760478
869	SGMCI	AUPRC	0.8379923923711314
869	SGMCI	Precision	0.6290209887929348
869	SGMCI	Recall	0.9799456625855553
869	SGMCI	F1	0.7662140033975278
869	Complete Hi-C clique	AUROC	0.5649865531773626
869	Complete Hi-C clique	AUPRC	0.5880549796587444
869	Complete Hi-C clique	Precision	0.9859585256451927
869	Complete Hi-C clique	Recall	0.13207300719274107
869	Complete Hi-C clique	F1	0.23294245935755364
870	SGMCI	AUROC	0.8425810700780971
870	SGMCI	AUPRC	0.8392255345675663
870	SGMCI	Precision	0.6292301409254422
870	SGMCI	Recall	0.9794057716087009
870	SGMCI	F1	0.7662039954357343
870	Complete Hi-C clique	AUROC	0.564207999933456
870	Complete Hi-C clique	AUPRC	0.5872924975855771
870	Complete Hi-C clique	Precision	0.9853472632893094
870	Complete Hi-C clique	Recall	0.13058395304690085
870	Complete Hi-C clique	F1	0.23060658019176206
871	SGMCI	AUROC	0.842503017580658
871	SGMCI	AUPRC	0.8386297561865566
871	SGMCI	Precision	0.6295487749584376
871	SGMCI	Recall	0.9793535240948118
871	SGMCI	F1	0.7664241784077551
871	Complete Hi-C clique	AUROC	0.5645159367258561
871	Complete Hi-C clique	AUPRC	0.587707572175691
871	Complete Hi-C clique	Precision	0.9874523715674681
871	Complete Hi-C clique	Recall	0.1308887302112541
871	Complete Hi-C clique	F1	0.23113947408888205
872	SGMCI	AUROC	0.8421643013990059
872	SGMCI	AUPRC	0.838400144908159
872	SGMCI	Precision	0.6289415421772967
872	SGMCI	Recall	0.9795973458262944
872	SGMCI	F1	0.7660485798530483
872	Complete Hi-C clique	AUROC	0.5643102867856329
872	Complete Hi-C clique	AUPRC	0.5875055061681698
872	Complete Hi-C clique	Precision	0.9872850648922854
872	Complete Hi-C clique	Recall	0.13049687385708564
872	Complete Hi-C clique	F1	0.23052370074682543
873	SGMCI	AUROC	0.8421949889784728
873	SGMCI	AUPRC	0.8378608492761854
873	SGMCI	Precision	0.6291137260160694
873	SGMCI	Recall	0.9804681377244466
873	SGMCI	F1	0.7664424870325243
873	Complete Hi-C clique	AUROC	0.5637066071826532
873	Complete Hi-C clique	AUPRC	0.5869469197835143
873	Complete Hi-C clique	Precision	0.9873619795131037
873	Complete Hi-C clique	Recall	0.12926034936170955
873	Complete Hi-C clique	F1	0.22859430824196134
874	SGMCI	AUROC	0.8422864694506648
874	SGMCI	AUPRC	0.8396332011556893
874	SGMCI	Precision	0.6286721963870506
874	SGMCI	Recall	0.979440603284627
874	SGMCI	F1	0.7658008510638299
874	Complete Hi-C clique	AUROC	0.5648800583132007
874	Complete Hi-C clique	AUPRC	0.588106254463996
874	Complete Hi-C clique	Precision	0.9884131971720346
874	Complete Hi-C clique	Recall	0.1314808687019976
874	Complete Hi-C clique	F1	0.23208878368200195
875	SGMCI	AUROC	0.8416991548043482
875	SGMCI	AUPRC	0.8374246281574507
875	SGMCI	Precision	0.6287809400411044
875	SGMCI	Recall	0.9803984743725944
875	SGMCI	F1	0.7661741988608137
875	Complete Hi-C clique	AUROC	0.5640906513664233
875	Complete Hi-C clique	AUPRC	0.5872164635922532
875	Complete Hi-C clique	Precision	0.9858959994727476
875	Complete Hi-C clique	Recall	0.13026176004458453
875	Complete Hi-C clique	F1	0.23011898993162114
876	SGMCI	AUROC	0.8430196068191874
876	SGMCI	AUPRC	0.8380294284422639
876	SGMCI	Precision	0.6290164823188147
876	SGMCI	Recall	0.9800153259374075
876	SGMCI	F1	0.7662319536215307
876	Complete Hi-C clique	AUROC	0.5641369339109422
876	Complete Hi-C clique	AUPRC	0.5873145046562512
876	Complete Hi-C clique	Precision	0.986802164445031
876	Complete Hi-C clique	Recall	0.13021822044967693
876	Complete Hi-C clique	F1	0.2300756969659671
877	SGMCI	AUROC	0.8422797264050045
877	SGMCI	AUPRC	0.8388334487731264
877	SGMCI	Precision	0.6291316307362018
877	SGMCI	Recall	0.9798934150716662
877	SGMCI	F1	0.7662801070472792
877	Complete Hi-C clique	AUROC	0.5650253499862752
877	Complete Hi-C clique	AUPRC	0.5881888026732822
877	Complete Hi-C clique	Precision	0.98754808005737
877	Complete Hi-C clique	Recall	0.13190755673209217
877	Complete Hi-C clique	F1	0.23272928397489576
878	SGMCI	AUROC	0.8435637574060575
878	SGMCI	AUPRC	0.839381749824595
878	SGMCI	Precision	0.6296118214703037
878	SGMCI	Recall	0.980624880266114
878	SGMCI	F1	0.7668599484506246
878	Complete Hi-C clique	AUROC	0.564867801939668
878	Complete Hi-C clique	AUPRC	0.5880672965802609
878	Complete Hi-C clique	Precision	0.9879644165358451
878	Complete Hi-C clique	Recall	0.1315244082969052
878	Complete Hi-C clique	F1	0.23214422943915894
879	SGMCI	AUROC	0.8417102162961708
879	SGMCI	AUPRC	0.8384620739575542
879	SGMCI	Precision	0.6295121760238039
879	SGMCI	Recall	0.9801024051272227
879	SGMCI	F1	0.7666262532693985
879	Complete Hi-C clique	AUROC	0.5646237718689677
879	Complete Hi-C clique	AUPRC	0.5878016450884846
879	Complete Hi-C clique	Precision	0.9873450921251066
879	Complete Hi-C clique	Recall	0.1311238440237552
879	Complete Hi-C clique	F1	0.23150304791335166
880	SGMCI	AUROC	0.8415571557544084
880	SGMCI	AUPRC	0.8377882876255899
880	SGMCI	Precision	0.628695968034871
880	SGMCI	Recall	0.9796583012591651
880	SGMCI	F1	0.7658850239802848
880	Complete Hi-C clique	AUROC	0.5650464947660757
880	Complete Hi-C clique	AUPRC	0.5881038547986884
880	Complete Hi-C clique	Precision	0.9858450749951302
880	Complete Hi-C clique	Recall	0.13221233389644543
880	Complete Hi-C clique	F1	0.2331559671066271
881	SGMCI	AUROC	0.8411346764135494
881	SGMCI	AUPRC	0.8371483878971068
881	SGMCI	Precision	0.6293694167398516
881	SGMCI	Recall	0.9797540883679619
881	SGMCI	F1	0.7664138360881309
881	Complete Hi-C clique	AUROC	0.5644586199911799
881	Complete Hi-C clique	AUPRC	0.587614494443043
881	Complete Hi-C clique	Precision	0.9868023637557453
881	Complete Hi-C clique	Recall	0.13087131437329108
881	Complete Hi-C clique	F1	0.23109450441307622
882	SGMCI	AUROC	0.8419559256944054
882	SGMCI	AUPRC	0.8383965590774073
882	SGMCI	Precision	0.6279260573992833
882	SGMCI	Recall	0.9796670091781466
882	SGMCI	F1	0.7653161181480523
882	Complete Hi-C clique	AUROC	0.563697690924454
882	Complete Hi-C clique	AUPRC	0.5869034659705645
882	Complete Hi-C clique	Precision	0.9867782871569996
882	Complete Hi-C clique	Recall	0.1293300127135617
882	Complete Hi-C clique	F1	0.22868757169583256
883	SGMCI	AUROC	0.8425760381060932
883	SGMCI	AUPRC	0.8389817312852421
883	SGMCI	Precision	0.6285393747592974
883	SGMCI	Recall	0.9806074644281509
883	SGMCI	F1	0.7660586188482352
883	Complete Hi-C clique	AUROC	0.5649040362862557
883	Complete Hi-C clique	AUPRC	0.5880119371416289
883	Complete Hi-C clique	Precision	0.9865102639296187
883	Complete Hi-C clique	Recall	0.13182047754227694
883	Complete Hi-C clique	F1	0.23256492783235905
884	SGMCI	AUROC	0.8423309794610347
884	SGMCI	AUPRC	0.8383743709568088
884	SGMCI	Precision	0.6289904174074447
884	SGMCI	Recall	0.9796844250161096
884	SGMCI	F1	0.7661114591561573
884	Complete Hi-C clique	AUROC	0.5639213538683624
884	Complete Hi-C clique	AUPRC	0.58706041933219
884	Complete Hi-C clique	Precision	0.9859238699444886
884	Complete Hi-C clique	Recall	0.12991344328532367
884	Complete Hi-C clique	F1	0.22957605601292605
885	SGMCI	AUROC	0.8430265836432914
885	SGMCI	AUPRC	0.8378650515098702
885	SGMCI	Precision	0.6301166644274262
885	SGMCI	Recall	0.9801546526411118
885	SGMCI	F1	0.7670903329130745
885	Complete Hi-C clique	AUROC	0.5651628294889511
885	Complete Hi-C clique	AUPRC	0.5881712150994727
885	Complete Hi-C clique	Precision	0.9851789528185878
885	Complete Hi-C clique	Recall	0.13255194273672477
885	Complete Hi-C clique	F1	0.23366515976022537
886	SGMCI	AUROC	0.8429423349800566
886	SGMCI	AUPRC	0.8393160907849736
886	SGMCI	Precision	0.6294009061923141
886	SGMCI	Recall	0.9797976279628694
886	SGMCI	F1	0.7664505054358192
886	Complete Hi-C clique	AUROC	0.5648452266372745
886	Complete Hi-C clique	AUPRC	0.5880733482877263
886	Complete Hi-C clique	Precision	0.9884071260151952
886	Complete Hi-C clique	Recall	0.13141120535014542
886	Complete Hi-C clique	F1	0.23198007778273097
887	SGMCI	AUROC	0.8419006399073125
887	SGMCI	AUPRC	0.8388133508318754
887	SGMCI	Precision	0.6290143097596027
887	SGMCI	Recall	0.9795189745554608
887	SGMCI	F1	0.7660785856088699
887	Complete Hi-C clique	AUROC	0.5638585790863945
887	Complete Hi-C clique	AUPRC	0.5870204999421886
887	Complete Hi-C clique	Precision	0.9862315482888727
887	Complete Hi-C clique	Recall	0.12973928490569323
887	Complete Hi-C clique	F1	0.22931240140059253
888	SGMCI	AUROC	0.8413996266708182
888	SGMCI	AUPRC	0.8380488949978332
888	SGMCI	Precision	0.6279322873934665
888	SGMCI	Recall	0.9796931329350912
888	SGMCI	F1	0.7653287166632087
888	Complete Hi-C clique	AUROC	0.5638542251269036
888	Complete Hi-C clique	AUPRC	0.5870163871513412
888	Complete Hi-C clique	Precision	0.9862306368330465
888	Complete Hi-C clique	Recall	0.12973057698671173
888	Complete Hi-C clique	F1	0.22929877485686145
889	SGMCI	AUROC	0.8413652450279199
889	SGMCI	AUPRC	0.837765896042177
889	SGMCI	Precision	0.6286911579829585
889	SGMCI	Recall	0.9798150438008325
889	SGMCI	F1	0.7659293496203368
889	Complete Hi-C clique	AUROC	0.563817157423445
889	Complete Hi-C clique	AUPRC	0.5869310503728792
889	Complete Hi-C clique	Precision	0.9853884297520661
889	Complete Hi-C clique	Recall	0.12978282450060086
889	Complete Hi-C clique	F1	0.22935758638997253
890	SGMCI	AUROC	0.8421241690518979
890	SGMCI	AUPRC	0.8381479249144302
890	SGMCI	Precision	0.6286027323748407
890	SGMCI	Recall	0.979222905310089
890	SGMCI	F1	0.7656827698907159
890	Complete Hi-C clique	AUROC	0.5647970066480841
890	Complete Hi-C clique	AUPRC	0.5878914353066332
890	Complete Hi-C clique	Precision	0.986171808753506
890	Complete Hi-C clique	Recall	0.13165502708162805
890	Complete Hi-C clique	F1	0.23229801258364127
891	SGMCI	AUROC	0.842412073702587
891	SGMCI	AUPRC	0.8385961848730871
891	SGMCI	Precision	0.6291709801068801
891	SGMCI	Recall	0.9790835786063846
891	SGMCI	F1	0.7660615310193055
891	Complete Hi-C clique	AUROC	0.5645444769976198
891	Complete Hi-C clique	AUPRC	0.5876528946305437
891	Complete Hi-C clique	Precision	0.9861192954887711
891	Complete Hi-C clique	Recall	0.13114996778069976
891	Complete Hi-C clique	F1	0.2315100183689311
892	SGMCI	AUROC	0.8430215150150984
892	SGMCI	AUPRC	0.838968403250429
892	SGMCI	Precision	0.629734753059465
892	SGMCI	Recall	0.9795276824744422
892	SGMCI	F1	0.7666153259002807
892	Complete Hi-C clique	AUROC	0.5640285918457519
892	Complete Hi-C clique	AUPRC	0.5872160484304555
892	Complete Hi-C clique	Precision	0.986844714748463
892	Complete Hi-C clique	Recall	0.12999181455615738
892	Complete Hi-C clique	F1	0.22972338706574855
893	SGMCI	AUROC	0.842462450184692
893	SGMCI	AUPRC	0.8386259473782811
893	SGMCI	Precision	0.6298011502041136
893	SGMCI	Recall	0.9793622320137934
893	SGMCI	F1	0.7666138404648706
893	Complete Hi-C clique	AUROC	0.5638889387072553
893	Complete Hi-C clique	AUPRC	0.5869487091212823
893	Complete Hi-C clique	Precision	0.9845738018326851
893	Complete Hi-C clique	Recall	0.130052769989028
893	Complete Hi-C clique	F1	0.22975685924604058
894	SGMCI	AUROC	0.8431569190832919
894	SGMCI	AUPRC	0.8395518383949857
894	SGMCI	Precision	0.6293246114279325
894	SGMCI	Recall	0.9801720684790749
894	SGMCI	F1	0.7665084542625419
894	Complete Hi-C clique	AUROC	0.5642783785466048
894	Complete Hi-C clique	AUPRC	0.5873976628358021
894	Complete Hi-C clique	Precision	0.9859997370842645
894	Complete Hi-C clique	Recall	0.13062749264180845
894	Complete Hi-C clique	F1	0.23069233844923567
895	SGMCI	AUROC	0.841712914250945
895	SGMCI	AUPRC	0.8385852475330027
895	SGMCI	Precision	0.6287242724742026
895	SGMCI	Recall	0.979423187446664
895	SGMCI	F1	0.7658341617528904
895	Complete Hi-C clique	AUROC	0.5639077850678113
895	Complete Hi-C clique	AUPRC	0.5870437299945526
895	Complete Hi-C clique	Precision	0.9858568501751371
895	Complete Hi-C clique	Recall	0.12989602744736062
895	Complete Hi-C clique	F1	0.22954704583400654
896	SGMCI	AUROC	0.842070338253076
896	SGMCI	AUPRC	0.8389908497050655
896	SGMCI	Precision	0.6289632443302424
896	SGMCI	Recall	0.9804855535624096
896	SGMCI	F1	0.7663361215280851
896	Complete Hi-C clique	AUROC	0.5626068747805879
896	Complete Hi-C clique	AUPRC	0.5858885884005129
896	Complete Hi-C clique	Precision	0.986817198485668
896	Complete Hi-C clique	Recall	0.12710949337327365
896	Complete Hi-C clique	F1	0.22521021368510377
897	SGMCI	AUROC	0.8424622758773173
897	SGMCI	AUPRC	0.8390867639847988
897	SGMCI	Precision	0.628551798870574
897	SGMCI	Recall	0.9798934150716662
897	SGMCI	F1	0.7658498572483471
897	Complete Hi-C clique	AUROC	0.5646143486886896
897	Complete Hi-C clique	AUPRC	0.5877538276530174
897	Complete Hi-C clique	Precision	0.9867059593975115
897	Complete Hi-C clique	Recall	0.1312022152945889
897	Complete Hi-C clique	F1	0.23160758754265684
898	SGMCI	AUROC	0.8436129675356343
898	SGMCI	AUPRC	0.8394430546801424
898	SGMCI	Precision	0.6306605570369043
898	SGMCI	Recall	0.9803636426966683
898	SGMCI	F1	0.7675572857366868
898	Complete Hi-C clique	AUROC	0.5645000416541293
898	Complete Hi-C clique	AUPRC	0.5877042576982032
898	Complete Hi-C clique	Precision	0.9876413357875361
898	Complete Hi-C clique	Recall	0.13082777477838345
898	Complete Hi-C clique	F1	0.2310495963091119
899	SGMCI	AUROC	0.841596835359486
899	SGMCI	AUPRC	0.8386088106593191
899	SGMCI	Precision	0.6285052337752965
899	SGMCI	Recall	0.9803462268587053
899	SGMCI	F1	0.7659535383704752
899	Complete Hi-C clique	AUROC	0.5649159940769273
899	Complete Hi-C clique	AUPRC	0.5880815970083095
899	Complete Hi-C clique	Precision	0.9874640898406895
899	Complete Hi-C clique	Recall	0.13169856667653565
899	Complete Hi-C clique	F1	0.2324016165465526
900	SGMCI	AUROC	0.8413402733165846
900	SGMCI	AUPRC	0.8370684893873513
900	SGMCI	Precision	0.6294927009340567
900	SGMCI	Recall	0.9800501576133336
900	SGMCI	F1	0.7665958287356791
900	Complete Hi-C clique	AUROC	0.5648081589338158
900	Complete Hi-C clique	AUPRC	0.5879875274833508
900	Complete Hi-C clique	Precision	0.9875711388761693
900	Complete Hi-C clique	Recall	0.13146345286403455
900	Complete Hi-C clique	F1	0.23203842459173873
901	SGMCI	AUROC	0.8421522831637176
901	SGMCI	AUPRC	0.8384829207588702
901	SGMCI	Precision	0.6287807658775401
901	SGMCI	Recall	0.9797192566920357
901	SGMCI	F1	0.7659665724886816
901	Complete Hi-C clique	AUROC	0.5640955122479928
901	Complete Hi-C clique	AUPRC	0.5872249281683218
901	Complete Hi-C clique	Precision	0.9859609807540206
901	Complete Hi-C clique	Recall	0.13026176004458453
901	Complete Hi-C clique	F1	0.23012075994154294
902	SGMCI	AUROC	0.8417502101878579
902	SGMCI	AUPRC	0.8370700846013093
902	SGMCI	Precision	0.6294275947341624
902	SGMCI	Recall	0.9796583012591651
902	SGMCI	F1	0.766427659030912
902	Complete Hi-C clique	AUROC	0.5639339990683991
902	Complete Hi-C clique	AUPRC	0.5870028250807908
902	Complete Hi-C clique	Precision	0.9847755882159098
902	Complete Hi-C clique	Recall	0.13011372542189867
902	Complete Hi-C clique	F1	0.22985747359838785
903	SGMCI	AUROC	0.8408504526622332
903	SGMCI	AUPRC	0.8369391491398988
903	SGMCI	Precision	0.6288093907210732
903	SGMCI	Recall	0.9795886379073129
903	SGMCI	F1	0.765947885530643
903	Complete Hi-C clique	AUROC	0.5643914912497211
903	Complete Hi-C clique	AUPRC	0.5875705333778274
903	Complete Hi-C clique	Precision	0.9871086556169429
903	Complete Hi-C clique	Recall	0.1306884480746791
903	Complete Hi-C clique	F1	0.2308177358084311
904	SGMCI	AUROC	0.8430056181655889
904	SGMCI	AUPRC	0.8387604766858603
904	SGMCI	Precision	0.629742338975845
904	SGMCI	Recall	0.9802852714258347
904	SGMCI	F1	0.7668528610354224
904	Complete Hi-C clique	AUROC	0.5652545890730493
904	Complete Hi-C clique	AUPRC	0.5883936614768297
904	Complete Hi-C clique	Precision	0.9874009611637875
904	Complete Hi-C clique	Recall	0.13239520019505738
904	Complete Hi-C clique	F1	0.23348382935593845
905	SGMCI	AUROC	0.8421483289937253
905	SGMCI	AUPRC	0.8385490819400653
905	SGMCI	Precision	0.6288148851762865
905	SGMCI	Recall	0.9799804942614814
905	SGMCI	F1	0.7660717203071393
905	Complete Hi-C clique	AUROC	0.5640185714997519
905	Complete Hi-C clique	AUPRC	0.5872299333141403
905	Complete Hi-C clique	Precision	0.9872286924298571
905	Complete Hi-C clique	Recall	0.12991344328532367
905	Complete Hi-C clique	F1	0.2296113889957676
906	SGMCI	AUROC	0.8424566652369985
906	SGMCI	AUPRC	0.8382517019479635
906	SGMCI	Precision	0.6293444491629602
906	SGMCI	Recall	0.9807729148887999
906	SGMCI	F1	0.7667068297697088
906	Complete Hi-C clique	AUROC	0.5645262556547171
906	Complete Hi-C clique	AUPRC	0.5876628423362141
906	Complete Hi-C clique	Precision	0.9865609020584765
906	Complete Hi-C clique	Recall	0.1310454727529215
906	Complete Hi-C clique	F1	0.23135934569381664
907	SGMCI	AUROC	0.8421545497098557
907	SGMCI	AUPRC	0.8374033673398363
907	SGMCI	Precision	0.6293152583287699
907	SGMCI	Recall	0.9806945436179662
907	SGMCI	F1	0.7666612207109695
907	Complete Hi-C clique	AUROC	0.5649241950738302
907	Complete Hi-C clique	AUPRC	0.5880854457769289
907	Complete Hi-C clique	Precision	0.987402088772846
907	Complete Hi-C clique	Recall	0.1317246904334802
907	Complete Hi-C clique	F1	0.2324405722276003
908	SGMCI	AUROC	0.842183798258769
908	SGMCI	AUPRC	0.8381579316901148
908	SGMCI	Precision	0.630069421117456
908	SGMCI	Recall	0.9800153259374075
908	SGMCI	F1	0.7670126559848428
908	Complete Hi-C clique	AUROC	0.5653639449823971
908	Complete Hi-C clique	AUPRC	0.588500865721672
908	Complete Hi-C clique	Precision	0.9874845989235458
908	Complete Hi-C clique	Recall	0.1326041902506139
908	Complete Hi-C clique	F1	0.2338110994249917
909	SGMCI	AUROC	0.8415317187295783
909	SGMCI	AUPRC	0.837533434780844
909	SGMCI	Precision	0.6289292346242477
909	SGMCI	Recall	0.9791619498772184
909	SGMCI	F1	0.7659062889526131
909	Complete Hi-C clique	AUROC	0.5643420769290866
909	Complete Hi-C clique	AUPRC	0.5875121802438261
909	Complete Hi-C clique	Precision	0.9869070333574578
909	Complete Hi-C clique	Recall	0.13061878472282692
909	Complete Hi-C clique	F1	0.23070356898421215
910	SGMCI	AUROC	0.843410593160296
910	SGMCI	AUPRC	0.8393617948725233
910	SGMCI	Precision	0.6293138153921853
910	SGMCI	Recall	0.9800675734512966
910	SGMCI	F1	0.7664684931320271
910	Complete Hi-C clique	AUROC	0.5637902281615609
910	Complete Hi-C clique	AUPRC	0.5869326871817107
910	Complete Hi-C clique	Precision	0.9858315677966102
910	Complete Hi-C clique	Recall	0.12966091363485954
910	Complete Hi-C clique	F1	0.22917917224607903
911	SGMCI	AUROC	0.8411144341548379
911	SGMCI	AUPRC	0.8368155339093932
911	SGMCI	Precision	0.6284499994415217
911	SGMCI	Recall	0.9798934150716662
911	SGMCI	F1	0.7657742875030622
911	Complete Hi-C clique	AUROC	0.5647263294520743
911	Complete Hi-C clique	AUPRC	0.5878169215918106
911	Complete Hi-C clique	Precision	0.9860304197401919
911	Complete Hi-C clique	Recall	0.13153311621588673
911	Complete Hi-C clique	F1	0.23210430480112476
912	SGMCI	AUROC	0.8433803854975399
912	SGMCI	AUPRC	0.8395366212254045
912	SGMCI	Precision	0.6299607781700582
912	SGMCI	Recall	0.9804333060485205
912	SGMCI	F1	0.7670601059390595
912	Complete Hi-C clique	AUROC	0.5642659416857856
912	Complete Hi-C clique	AUPRC	0.587490912414114
912	Complete Hi-C clique	Precision	0.9877260129338788
912	Complete Hi-C clique	Recall	0.13034013131541825
912	Complete Hi-C clique	F1	0.23029109483660531
913	SGMCI	AUROC	0.8428497240919464
913	SGMCI	AUPRC	0.838541036046344
913	SGMCI	Precision	0.6288518615817157
913	SGMCI	Recall	0.9796931329350912
913	SGMCI	F1	0.7660113363631722
913	Complete Hi-C clique	AUROC	0.5646086823021804
913	Complete Hi-C clique	AUPRC	0.5877718113107948
913	Complete Hi-C clique	Precision	0.9870870477189303
913	Complete Hi-C clique	Recall	0.13113255194273674
913	Complete Hi-C clique	F1	0.23150952388273097
914	SGMCI	AUROC	0.8421954707999509
914	SGMCI	AUPRC	0.8382489987237567
914	SGMCI	Precision	0.6302793220946915
914	SGMCI	Recall	0.9793099844999043
914	SGMCI	F1	0.7669519555358544
914	Complete Hi-C clique	AUROC	0.5648506846845659
914	Complete Hi-C clique	AUPRC	0.5880199009292609
914	Complete Hi-C clique	Precision	0.9874518005359126
914	Complete Hi-C clique	Recall	0.1315679478918128
914	Complete Hi-C clique	F1	0.2321978807275298
915	SGMCI	AUROC	0.8421854971842427
915	SGMCI	AUPRC	0.8388777273146665
915	SGMCI	Precision	0.629647448448706
915	SGMCI	Recall	0.9800936972082411
915	SGMCI	F1	0.7667238889343034
915	Complete Hi-C clique	AUROC	0.5649895947098348
915	Complete Hi-C clique	AUPRC	0.5880811131258028
915	Complete Hi-C clique	Precision	0.9863379090495088
915	Complete Hi-C clique	Recall	0.13202075967885193
915	Complete Hi-C clique	F1	0.2328717676965494
916	SGMCI	AUROC	0.842738549468424
916	SGMCI	AUPRC	0.8390596474549994
916	SGMCI	Precision	0.6299570315996778
916	SGMCI	Recall	0.9804768456434282
916	SGMCI	F1	0.7670706533957368
916	Complete Hi-C clique	AUROC	0.5644583214083188
916	Complete Hi-C clique	AUPRC	0.5876453494282106
916	Complete Hi-C clique	Precision	0.9873134818904884
916	Complete Hi-C clique	Recall	0.13079294310245737
916	Complete Hi-C clique	F1	0.2309863053725077
917	SGMCI	AUROC	0.8429364589844849
917	SGMCI	AUPRC	0.8389606159375644
917	SGMCI	Precision	0.6299295892895123
917	SGMCI	Recall	0.9800501576133336
917	SGMCI	F1	0.7669197012647186
917	Complete Hi-C clique	AUROC	0.565760960800996
917	Complete Hi-C clique	AUPRC	0.5888486392531711
917	Complete Hi-C clique	Precision	0.9871192116957558
917	Complete Hi-C clique	Recall	0.13346627422978458
917	Complete Hi-C clique	F1	0.2351397997928892
918	SGMCI	AUROC	0.842217922588765
918	SGMCI	AUPRC	0.8383063340509211
918	SGMCI	Precision	0.6289283579254359
918	SGMCI	Recall	0.9802504397499086
918	SGMCI	F1	0.7662384072151791
918	Complete Hi-C clique	AUROC	0.566352682613304
918	Complete Hi-C clique	AUPRC	0.5893376738949259
918	Complete Hi-C clique	Precision	0.9861155340424177
918	Complete Hi-C clique	Recall	0.13482470959090195
918	Complete Hi-C clique	F1	0.2372164640452279
919	SGMCI	AUROC	0.8424153101562494
919	SGMCI	AUPRC	0.8378093266204925
919	SGMCI	Precision	0.6286207300933139
919	SGMCI	Recall	0.980241731830927
919	SGMCI	F1	0.7660073967969896
919	Complete Hi-C clique	AUROC	0.5643517708402944
919	Complete Hi-C clique	AUPRC	0.5873627687680082
919	Complete Hi-C clique	Precision	0.9843014128728415
919	Complete Hi-C clique	Recall	0.13103676483393997
919	Complete Hi-C clique	F1	0.2312835251986536
920	SGMCI	AUROC	0.8401761098738658
920	SGMCI	AUPRC	0.8362997299781159
920	SGMCI	Precision	0.6283280739478901
920	SGMCI	Recall	0.9796321775022205
920	SGMCI	F1	0.7656039988702986
920	Complete Hi-C clique	AUROC	0.5635483438747498
920	Complete Hi-C clique	AUPRC	0.5867857281067801
920	Complete Hi-C clique	Precision	0.9871367635297255
920	Complete Hi-C clique	Recall	0.1289729880353193
920	Complete Hi-C clique	F1	0.22813881486730025
921	SGMCI	AUROC	0.8411733662168663
921	SGMCI	AUPRC	0.837498066399757
921	SGMCI	Precision	0.628824062370667
921	SGMCI	Recall	0.9790748706874032
921	SGMCI	F1	0.765801661898924
921	Complete Hi-C clique	AUROC	0.5642436649662531
921	Complete Hi-C clique	AUPRC	0.587465965043437
921	Complete Hi-C clique	Precision	0.9876575803577322
921	Complete Hi-C clique	Recall	0.13030529963949217
921	Complete Hi-C clique	F1	0.2302348660271254
922	SGMCI	AUROC	0.843335705073986
922	SGMCI	AUPRC	0.8391401485702591
922	SGMCI	Precision	0.6302712445006661
922	SGMCI	Recall	0.9805378010762987
922	SGMCI	F1	0.7673222122277646
922	Complete Hi-C clique	AUROC	0.5651644683507618
922	Complete Hi-C clique	AUPRC	0.5882851604333598
922	Complete Hi-C clique	Precision	0.9870045484080572
922	Complete Hi-C clique	Recall	0.1322732893293161
922	Complete Hi-C clique	F1	0.23328316491077186
923	SGMCI	AUROC	0.8414010303573557
923	SGMCI	AUPRC	0.8378264257299418
923	SGMCI	Precision	0.6284968795570479
923	SGMCI	Recall	0.9795450983124053
923	SGMCI	F1	0.7657026945160115
923	Complete Hi-C clique	AUROC	0.5641013869737196
923	Complete Hi-C clique	AUPRC	0.5872421030476134
923	Complete Hi-C clique	Precision	0.9861541504582317
923	Complete Hi-C clique	Recall	0.1302443442066215
923	Complete Hi-C clique	F1	0.23009884235221723
924	SGMCI	AUROC	0.8420569301725594
924	SGMCI	AUPRC	0.8389727764520227
924	SGMCI	Precision	0.6289939339725491
924	SGMCI	Recall	0.9796844250161096
924	SGMCI	F1	0.7661140676125201
924	Complete Hi-C clique	AUROC	0.5644734109751058
924	Complete Hi-C clique	AUPRC	0.5876751987577887
924	Complete Hi-C clique	Precision	0.9875723303524461
924	Complete Hi-C clique	Recall	0.13078423518347584
924	Complete Hi-C clique	F1	0.23097980714516397
925	SGMCI	AUROC	0.8420025222292367
925	SGMCI	AUPRC	0.8377892271805859
925	SGMCI	Precision	0.6287717925793473
925	SGMCI	Recall	0.9798585833957401
925	SGMCI	F1	0.7660024915077708
925	Complete Hi-C clique	AUROC	0.5640841794749744
925	Complete Hi-C clique	AUPRC	0.587260783634227
925	Complete Hi-C clique	Precision	0.9867274167987322
925	Complete Hi-C clique	Recall	0.1301224333408802
925	Complete Hi-C clique	F1	0.2299241433429244
926	SGMCI	AUROC	0.8412675048553594
926	SGMCI	AUPRC	0.8378333079781305
926	SGMCI	Precision	0.6286621462231191
926	SGMCI	Recall	0.9793099844999043
926	SGMCI	F1	0.765753466630806
926	Complete Hi-C clique	AUROC	0.5649492147429741
926	Complete Hi-C clique	AUPRC	0.5881676731614461
926	Complete Hi-C clique	Precision	0.9883614489342226
926	Complete Hi-C clique	Recall	0.13162890332468347
926	Complete Hi-C clique	F1	0.23231795407739836
927	SGMCI	AUROC	0.8419825044367728
927	SGMCI	AUPRC	0.8385391729911231
927	SGMCI	Precision	0.6291652218655273
927	SGMCI	Recall	0.979606053745276
927	SGMCI	F1	0.766217136629887
927	Complete Hi-C clique	AUROC	0.5647783686267457
927	Complete Hi-C clique	AUPRC	0.5878312466215994
927	Complete Hi-C clique	Precision	0.985472312703583
927	Complete Hi-C clique	Recall	0.1317246904334802
927	Complete Hi-C clique	F1	0.23238700955541217
928	SGMCI	AUROC	0.8419878236476901
928	SGMCI	AUPRC	0.8386244614532181
928	SGMCI	Precision	0.62875291909226
928	SGMCI	Recall	0.9800153259374075
928	SGMCI	F1	0.7660363745269405
928	Complete Hi-C clique	AUROC	0.5639074864849504
928	Complete Hi-C clique	AUPRC	0.587074457154103
928	Complete Hi-C clique	Precision	0.9863702527457986
928	Complete Hi-C clique	Recall	0.12981765617652694
928	Complete Hi-C clique	F1	0.22943856193055898
929	SGMCI	AUROC	0.8423945838749951
929	SGMCI	AUPRC	0.8388924001165079
929	SGMCI	Precision	0.6292911678236471
929	SGMCI	Recall	0.9804158902105575
929	SGMCI	F1	0.7665581851357608
929	Complete Hi-C clique	AUROC	0.564697879423954
929	Complete Hi-C clique	AUPRC	0.5878055549062755
929	Complete Hi-C clique	Precision	0.9862780972294825
929	Complete Hi-C clique	Recall	0.13143732910709
929	Complete Hi-C clique	F1	0.23196201072674466
930	SGMCI	AUROC	0.84041682086633
930	SGMCI	AUPRC	0.8369500985894724
930	SGMCI	Precision	0.6290278391268612
930	SGMCI	Recall	0.9796495933401835
930	SGMCI	F1	0.7661285654455253
930	Complete Hi-C clique	AUROC	0.5640545072634787
930	Complete Hi-C clique	AUPRC	0.5872055757558596
930	Complete Hi-C clique	Precision	0.986272439281943
930	Complete Hi-C clique	Recall	0.13013114125986172
930	Complete Hi-C clique	F1	0.2299253788752981
931	SGMCI	AUROC	0.8426638818271865
931	SGMCI	AUPRC	0.8398704570889898
931	SGMCI	Precision	0.6296905601253427
931	SGMCI	Recall	0.9799195388286107
931	SGMCI	F1	0.7667025494978675
931	Complete Hi-C clique	AUROC	0.5639396933068396
931	Complete Hi-C clique	AUPRC	0.5871515258706823
931	Complete Hi-C clique	Precision	0.9871489136195019
931	Complete Hi-C clique	Recall	0.1297654086626378
931	Complete Hi-C clique	F1	0.22937799190358185
932	SGMCI	AUROC	0.8413124519886676
932	SGMCI	AUPRC	0.8372213755331569
932	SGMCI	Precision	0.6293668336084609
932	SGMCI	Recall	0.9793883557707379
932	SGMCI	F1	0.7662999969340096
932	Complete Hi-C clique	AUROC	0.5640786935757517
932	Complete Hi-C clique	AUPRC	0.5871472032027871
932	Complete Hi-C clique	Precision	0.984936192606236
932	Complete Hi-C clique	Recall	0.13038367091032585
932	Complete Hi-C clique	F1	0.23028298984927714
933	SGMCI	AUROC	0.8429867863659208
933	SGMCI	AUPRC	0.8390821329419943
933	SGMCI	Precision	0.6291950718915503
933	SGMCI	Recall	0.9797018408540727
933	SGMCI	F1	0.7662685723431716
933	Complete Hi-C clique	AUROC	0.5647764590340052
933	Complete Hi-C clique	AUPRC	0.5879147384958349
933	Complete Hi-C clique	Precision	0.9868653205253872
933	Complete Hi-C clique	Recall	0.13150699245894215
933	Complete Hi-C clique	F1	0.23208673669327878
934	SGMCI	AUROC	0.8414468778953447
934	SGMCI	AUPRC	0.8369747817706483
934	SGMCI	Precision	0.6291083486115459
934	SGMCI	Recall	0.9800762813702781
934	SGMCI	F1	0.7663187422976626
934	Complete Hi-C clique	AUROC	0.5648324633416633
934	Complete Hi-C clique	AUPRC	0.5880300054024274
934	Complete Hi-C clique	Precision	0.987894254678707
934	Complete Hi-C clique	Recall	0.13146345286403455
934	Complete Hi-C clique	F1	0.23204734091607748
935	SGMCI	AUROC	0.8416713730532634
935	SGMCI	AUPRC	0.8378745864989303
935	SGMCI	Precision	0.6292377975474874
935	SGMCI	Recall	0.9799108309096293
935	SGMCI	F1	0.7663641780880225
935	Complete Hi-C clique	AUROC	0.5640087316410385
935	Complete Hi-C clique	AUPRC	0.587112004244384
935	Complete Hi-C clique	Precision	0.9854308128419803
935	Complete Hi-C clique	Recall	0.1301659729357878
935	Complete Hi-C clique	F1	0.22995684847738962
936	SGMCI	AUROC	0.8421831786167926
936	SGMCI	AUPRC	0.8381280045546206
936	SGMCI	Precision	0.6290111658786842
936	SGMCI	Recall	0.9801111130462042
936	SGMCI	F1	0.7662572844616307
936	Complete Hi-C clique	AUROC	0.5654110330318557
936	Complete Hi-C clique	AUPRC	0.5885726714542022
936	Complete Hi-C clique	Precision	0.987935395991438
936	Complete Hi-C clique	Recall	0.13263031400755848
936	Complete Hi-C clique	F1	0.23386434301946182
937	SGMCI	AUROC	0.8424429962456861
937	SGMCI	AUPRC	0.8392337541545314
937	SGMCI	Precision	0.6291895339274626
937	SGMCI	Recall	0.9793535240948118
937	SGMCI	F1	0.7661579020869453
937	Complete Hi-C clique	AUROC	0.5645352621565596
937	Complete Hi-C clique	AUPRC	0.5876403145840947
937	Complete Hi-C clique	Precision	0.9860538204674917
937	Complete Hi-C clique	Recall	0.13114125986171823
937	Complete Hi-C clique	F1	0.23149464687843455
938	SGMCI	AUROC	0.8424636664421243
938	SGMCI	AUPRC	0.8385533264472129
938	SGMCI	Precision	0.6294649349487085
938	SGMCI	Recall	0.9799630784235184
938	SGMCI	F1	0.7665486002315919
938	Complete Hi-C clique	AUROC	0.5648719475599411
938	Complete Hi-C clique	AUPRC	0.5880360890734293
938	Complete Hi-C clique	Precision	0.9873922132218448
938	Complete Hi-C clique	Recall	0.13162019540570194
938	Complete Hi-C clique	F1	0.23227759593072395
939	SGMCI	AUROC	0.8423479829803631
939	SGMCI	AUPRC	0.8391687812083098
939	SGMCI	Precision	0.6290521912729347
939	SGMCI	Recall	0.9795450983124053
939	SGMCI	F1	0.766114669636077
939	Complete Hi-C clique	AUROC	0.5643529930236696
939	Complete Hi-C clique	AUPRC	0.5874062890577432
939	Complete Hi-C clique	Precision	0.984998362266623
939	Complete Hi-C clique	Recall	0.1309322698061617
939	Complete Hi-C clique	F1	0.2311399429682636
940	SGMCI	AUROC	0.8431670055882104
940	SGMCI	AUPRC	0.8390113273483938
940	SGMCI	Precision	0.6302743412843625
940	SGMCI	Recall	0.9808774099165781
940	SGMCI	F1	0.7674284721536192
940	Complete Hi-C clique	AUROC	0.5650002400734879
940	Complete Hi-C clique	AUPRC	0.5881728847560461
940	Complete Hi-C clique	Precision	0.9876704285993868
940	Complete Hi-C clique	Recall	0.13183789338024
940	Complete Hi-C clique	F1	0.2326242442400916
941	SGMCI	AUROC	0.8415747801009018
941	SGMCI	AUPRC	0.8376971808437066
941	SGMCI	Precision	0.6286998771361555
941	SGMCI	Recall	0.9802939793448162
941	SGMCI	F1	0.7660821101198375
941	Complete Hi-C clique	AUROC	0.5641310591852153
941	Complete Hi-C clique	AUPRC	0.5872972966980011
941	Complete Hi-C clique	Precision	0.98660861534402
941	Complete Hi-C clique	Recall	0.13023563628763998
941	Complete Hi-C clique	F1	0.23009761763733014
942	SGMCI	AUROC	0.8418715024274988
942	SGMCI	AUPRC	0.8381637344058377
942	SGMCI	Precision	0.628602064066479
942	SGMCI	Recall	0.9801633605600933
942	SGMCI	F1	0.7659696089172581
942	Complete Hi-C clique	AUROC	0.5644807786151378
942	Complete Hi-C clique	AUPRC	0.5875385658011105
942	Complete Hi-C clique	Precision	0.9852171637885924
942	Complete Hi-C clique	Recall	0.1311586756996813
942	Complete Hi-C clique	F1	0.23149870125877992
943	SGMCI	AUROC	0.8416304875611532
943	SGMCI	AUPRC	0.8381860289531182
943	SGMCI	Precision	0.6279950684228437
943	SGMCI	Recall	0.9802504397499086
943	SGMCI	F1	0.7655453584094719
943	Complete Hi-C clique	AUROC	0.5645567333711524
943	Complete Hi-C clique	AUPRC	0.5876916324241773
943	Complete Hi-C clique	Precision	0.98656706637835
943	Complete Hi-C clique	Recall	0.13110642818579216
943	Complete Hi-C clique	F1	0.23145450772104317
944	SGMCI	AUROC	0.8414674528534166
944	SGMCI	AUPRC	0.8373644008568588
944	SGMCI	Precision	0.6294440934580484
944	SGMCI	Recall	0.9803636426966683
944	SGMCI	F1	0.7666556576631176
944	Complete Hi-C clique	AUROC	0.5650278845966688
944	Complete Hi-C clique	AUPRC	0.5882107127613102
944	Complete Hi-C clique	Precision	0.9878661360819362
944	Complete Hi-C clique	Recall	0.13186401713718457
944	Complete Hi-C clique	F1	0.23267033887237165
945	SGMCI	AUROC	0.8410004732799934
945	SGMCI	AUPRC	0.8365100382761752
945	SGMCI	Precision	0.6302421703481339
945	SGMCI	Recall	0.9799108309096293
945	SGMCI	F1	0.7671086267425612
945	Complete Hi-C clique	AUROC	0.5639529356725983
945	Complete Hi-C clique	AUPRC	0.5870322769400086
945	Complete Hi-C clique	Precision	0.9849713268736405
945	Complete Hi-C clique	Recall	0.1301224333408802
945	Complete Hi-C clique	F1	0.22987639317278033
946	SGMCI	AUROC	0.8427492430438546
946	SGMCI	AUPRC	0.8385490720971742
946	SGMCI	Precision	0.6302398646945827
946	SGMCI	Recall	0.9799456625855553
946	SGMCI	F1	0.7671175915227489
946	Complete Hi-C clique	AUROC	0.5649464717933627
946	Complete Hi-C clique	AUPRC	0.5881103885256322
946	Complete Hi-C clique	Precision	0.9874698166155452
946	Complete Hi-C clique	Recall	0.1317595221094063
946	Complete Hi-C clique	F1	0.2324966771920929
947	SGMCI	AUROC	0.840543120019702
947	SGMCI	AUPRC	0.8360641957216988
947	SGMCI	Precision	0.6289170365236056
947	SGMCI	Recall	0.9797453804489803
947	SGMCI	F1	0.7660756597761256
947	Complete Hi-C clique	AUROC	0.5640056901085662
947	Complete Hi-C clique	AUPRC	0.5870859630721442
947	Complete Hi-C clique	Precision	0.9850470983466175
947	Complete Hi-C clique	Recall	0.13021822044967693
947	Complete Hi-C clique	F1	0.23002791899645436
948	SGMCI	AUROC	0.842134957357757
948	SGMCI	AUPRC	0.8380115662905135
948	SGMCI	Precision	0.62951456528067
948	SGMCI	Recall	0.9792838607429597
948	SGMCI	F1	0.7663774950422854
948	Complete Hi-C clique	AUROC	0.5637315087562227
948	Complete Hi-C clique	AUPRC	0.586927638777115
948	Complete Hi-C clique	Precision	0.986656044612627
948	Complete Hi-C clique	Recall	0.12941709190337694
948	Complete Hi-C clique	F1	0.22882040938868833
949	SGMCI	AUROC	0.8416434454393293
949	SGMCI	AUPRC	0.8390015751819189
949	SGMCI	Precision	0.6290941429146718
949	SGMCI	Recall	0.979440603284627
949	SGMCI	F1	0.766113816708102
949	Complete Hi-C clique	AUROC	0.5645804406132778
949	Complete Hi-C clique	AUPRC	0.5877958270393608
949	Complete Hi-C clique	Precision	0.987912232295362
949	Complete Hi-C clique	Recall	0.13094968564412476
949	Complete Hi-C clique	F1	0.23124711671536213
950	SGMCI	AUROC	0.8420536426288044
950	SGMCI	AUPRC	0.8380932916453905
950	SGMCI	Precision	0.6292397399272109
950	SGMCI	Recall	0.9801111130462042
950	SGMCI	F1	0.7664268617790959
950	Complete Hi-C clique	AUROC	0.5648884676493211
950	Complete Hi-C clique	AUPRC	0.5881455548577259
950	Complete Hi-C clique	Precision	0.9889260205753228
950	Complete Hi-C clique	Recall	0.13141991326912694
950	Complete Hi-C clique	F1	0.232007932420695
951	SGMCI	AUROC	0.8415568146317436
951	SGMCI	AUPRC	0.8367447026525027
951	SGMCI	Precision	0.6296341872692695
951	SGMCI	Recall	0.9802156080739824
951	SGMCI	F1	0.7667513572056209
951	Complete Hi-C clique	AUROC	0.564528283343032
951	Complete Hi-C clique	AUPRC	0.5876803012684274
951	Complete Hi-C clique	Precision	0.9868162140889414
951	Complete Hi-C clique	Recall	0.13101064107699542
951	Complete Hi-C clique	F1	0.23131207527443806
952	SGMCI	AUROC	0.841886587888454
952	SGMCI	AUPRC	0.8376501857192578
952	SGMCI	Precision	0.6298650433069986
952	SGMCI	Recall	0.9802678555878717
952	SGMCI	F1	0.7669385002146055
952	Complete Hi-C clique	AUROC	0.5641483847795351
952	Complete Hi-C clique	AUPRC	0.5873798579709898
952	Complete Hi-C clique	Precision	0.987704105242282
952	Complete Hi-C clique	Recall	0.13010501750291714
952	Complete Hi-C clique	F1	0.22992344092640324
953	SGMCI	AUROC	0.843144435492181
953	SGMCI	AUPRC	0.8399110958221654
953	SGMCI	Precision	0.6297025824683137
953	SGMCI	Recall	0.9799108309096293
953	SGMCI	F1	0.7667087956449311
953	Complete Hi-C clique	AUROC	0.5642634070753919
953	Complete Hi-C clique	AUPRC	0.5874690143781609
953	Complete Hi-C clique	Precision	0.9874043787918755
953	Complete Hi-C clique	Recall	0.13038367091032585
953	Complete Hi-C clique	F1	0.2303503023030415
954	SGMCI	AUROC	0.841012941929263
954	SGMCI	AUPRC	0.8357275565321419
954	SGMCI	Precision	0.6287508800947709
954	SGMCI	Recall	0.9798150438008325
954	SGMCI	F1	0.7659736688042043
954	Complete Hi-C clique	AUROC	0.5645577472153099
954	Complete Hi-C clique	AUPRC	0.5877003599342427
954	Complete Hi-C clique	Precision	0.9866946319722095
954	Complete Hi-C clique	Recall	0.1310890123478291
954	Complete Hi-C clique	F1	0.23143087743572002
955	SGMCI	AUROC	0.841921659903689
955	SGMCI	AUPRC	0.8376949868786207
955	SGMCI	Precision	0.6293426349471185
955	SGMCI	Recall	0.9788136331179574
955	SGMCI	F1	0.7661060846155157
955	Complete Hi-C clique	AUROC	0.5654956678549207
955	Complete Hi-C clique	AUPRC	0.5885669244151152
955	Complete Hi-C clique	Precision	0.9865659109991604
955	Complete Hi-C clique	Recall	0.13301346244274542
955	Complete Hi-C clique	F1	0.23442116005862448
956	SGMCI	AUROC	0.8424900652474714
956	SGMCI	AUPRC	0.8394692138431119
956	SGMCI	Precision	0.6299520748885853
956	SGMCI	Recall	0.979788920043888
956	SGMCI	F1	0.7668563639461577
956	Complete Hi-C clique	AUROC	0.5637225022543801
956	Complete Hi-C clique	AUPRC	0.5869502482953046
956	Complete Hi-C clique	Precision	0.9871709651688381
956	Complete Hi-C clique	Recall	0.12932130479458018
956	Complete Hi-C clique	F1	0.22868449823686113
957	SGMCI	AUROC	0.8417847790482206
957	SGMCI	AUPRC	0.8379381847611733
957	SGMCI	Precision	0.6288822914395299
957	SGMCI	Recall	0.9794667270415716
957	SGMCI	F1	0.7659646912613425
957	Complete Hi-C clique	AUROC	0.5644845354089066
957	Complete Hi-C clique	AUPRC	0.5876040278614463
957	Complete Hi-C clique	Precision	0.9862340216322517
957	Complete Hi-C clique	Recall	0.13101064107699542
957	Complete Hi-C clique	F1	0.2312960728094517
958	SGMCI	AUROC	0.8410395412431175
958	SGMCI	AUPRC	0.8374641411736707
958	SGMCI	Precision	0.6287727145652782
958	SGMCI	Recall	0.979257736986015
958	SGMCI	F1	0.7658195091389501
958	Complete Hi-C clique	AUROC	0.5638119979590146
958	Complete Hi-C clique	AUPRC	0.5869532506528663
958	Complete Hi-C clique	Precision	0.9858362565358396
958	Complete Hi-C clique	Recall	0.12970445322976715
958	Complete Hi-C clique	F1	0.22924730851808814
959	SGMCI	AUROC	0.8425184109789985
959	SGMCI	AUPRC	0.838625203041223
959	SGMCI	Precision	0.6296874388108465
959	SGMCI	Recall	0.9801285288841672
959	SGMCI	F1	0.7667641959623553
959	Complete Hi-C clique	AUROC	0.5646287229941805
959	Complete Hi-C clique	AUPRC	0.5877441081737553
959	Complete Hi-C clique	Precision	0.9863273583671334
959	Complete Hi-C clique	Recall	0.13128929448440413
959	Complete Hi-C clique	F1	0.23173280870554241
960	SGMCI	AUROC	0.8421930624967953
960	SGMCI	AUPRC	0.8393477344569069
960	SGMCI	Precision	0.6289057038515958
960	SGMCI	Recall	0.979240321148052
960	SGMCI	F1	0.765912813684458
960	Complete Hi-C clique	AUROC	0.5647891042340422
960	Complete Hi-C clique	AUPRC	0.5878568570825023
960	Complete Hi-C clique	Precision	0.9857273201251303
960	Complete Hi-C clique	Recall	0.13170727459551718
960	Complete Hi-C clique	F1	0.23236699390084653
961	SGMCI	AUROC	0.8443962192902774
961	SGMCI	AUPRC	0.8404662381255996
961	SGMCI	Precision	0.6304458563072014
961	SGMCI	Recall	0.9807380832128738
961	SGMCI	F1	0.767512939420682
961	Complete Hi-C clique	AUROC	0.5639285410211077
961	Complete Hi-C clique	AUPRC	0.5870555942188465
961	Complete Hi-C clique	Precision	0.9857331571994716
961	Complete Hi-C clique	Recall	0.12995698288023128
961	Complete Hi-C clique	F1	0.22963886196125496
962	SGMCI	AUROC	0.8413703876034134
962	SGMCI	AUPRC	0.8371088705118819
962	SGMCI	Precision	0.629580522081613
962	SGMCI	Recall	0.9799456625855553
962	SGMCI	F1	0.766628971606082
962	Complete Hi-C clique	AUROC	0.5639592270767606
962	Complete Hi-C clique	AUPRC	0.5871194520804591
962	Complete Hi-C clique	Precision	0.9863167636171338
962	Complete Hi-C clique	Recall	0.12993085912328672
962	Complete Hi-C clique	F1	0.22961389901974363
963	SGMCI	AUROC	0.8418936174111209
963	SGMCI	AUPRC	0.8380877475649708
963	SGMCI	Precision	0.6294138694456247
963	SGMCI	Recall	0.9803549347776869
963	SGMCI	F1	0.7666305761543858
963	Complete Hi-C clique	AUROC	0.5639344157468347
963	Complete Hi-C clique	AUPRC	0.5870727574822794
963	Complete Hi-C clique	Precision	0.9859266600594648
963	Complete Hi-C clique	Recall	0.12993956704226825
963	Complete Hi-C clique	F1	0.22961692043732163
964	SGMCI	AUROC	0.8420462278775273
964	SGMCI	AUPRC	0.8387937558057064
964	SGMCI	Precision	0.6287534223612896
964	SGMCI	Recall	0.9798847071526846
964	SGMCI	F1	0.7659968414747046
964	Complete Hi-C clique	AUROC	0.5645246446448375
964	Complete Hi-C clique	AUPRC	0.5877157983174883
964	Complete Hi-C clique	Precision	0.9874540199684708
964	Complete Hi-C clique	Recall	0.13090614604921716
964	Complete Hi-C clique	F1	0.23116667435530744
965	SGMCI	AUROC	0.8423788394491999
965	SGMCI	AUPRC	0.8377992313918585
965	SGMCI	Precision	0.6298229013275402
965	SGMCI	Recall	0.9795276824744422
965	SGMCI	F1	0.7666806389062122
965	Complete Hi-C clique	AUROC	0.5637985194021068
965	Complete Hi-C clique	AUPRC	0.5868710087829636
965	Complete Hi-C clique	Precision	0.9846804014791336
965	Complete Hi-C clique	Recall	0.129852487852453
965	Complete Hi-C clique	F1	0.22944715422135373
966	SGMCI	AUROC	0.8414729778215336
966	SGMCI	AUPRC	0.8379945067864917
966	SGMCI	Precision	0.6287019507318735
966	SGMCI	Recall	0.9803026872637977
966	SGMCI	F1	0.7660863085617848
966	Complete Hi-C clique	AUROC	0.5648873357095892
966	Complete Hi-C clique	AUPRC	0.5880350430412806
966	Complete Hi-C clique	Precision	0.9871409921671018
966	Complete Hi-C clique	Recall	0.13168985875755412
966	Complete Hi-C clique	F1	0.23237910846816942
967	SGMCI	AUROC	0.8411478261652878
967	SGMCI	AUPRC	0.8368415720782759
967	SGMCI	Precision	0.6293514671259766
967	SGMCI	Recall	0.9799892021804629
967	SGMCI	F1	0.7664724491498585
967	Complete Hi-C clique	AUROC	0.5647858822142833
967	Complete Hi-C clique	AUPRC	0.587962582905053
967	Complete Hi-C clique	Precision	0.9875032713949228
967	Complete Hi-C clique	Recall	0.13142862118810847
967	Complete Hi-C clique	F1	0.23198229353990873
968	SGMCI	AUROC	0.8421766915718611
968	SGMCI	AUPRC	0.838647373533445
968	SGMCI	Precision	0.6295098478066249
968	SGMCI	Recall	0.9796931329350912
968	SGMCI	F1	0.7664992948582562
968	Complete Hi-C clique	AUROC	0.564679060915329
968	Complete Hi-C clique	AUPRC	0.5878772774327903
968	Complete Hi-C clique	Precision	0.9877385089502327
968	Complete Hi-C clique	Recall	0.13117609153764434
968	Complete Hi-C clique	F1	0.23159529245362787
969	SGMCI	AUROC	0.8410086666154988
969	SGMCI	AUPRC	0.8371382035102918
969	SGMCI	Precision	0.6287438533750559
969	SGMCI	Recall	0.9798150438008325
969	SGMCI	F1	0.7659684545163684
969	Complete Hi-C clique	AUROC	0.563947804060099
969	Complete Hi-C clique	AUPRC	0.5872216270021013
969	Complete Hi-C clique	Precision	0.9881837493361657
969	Complete Hi-C clique	Recall	0.12962608195893346
969	Complete Hi-C clique	F1	0.2291881572262167
970	SGMCI	AUROC	0.8420299144765666
970	SGMCI	AUPRC	0.8392377124299465
970	SGMCI	Precision	0.6292180701734763
970	SGMCI	Recall	0.9797540883679619
970	SGMCI	F1	0.7663016087069047
970	Complete Hi-C clique	AUROC	0.5644650016389854
970	Complete Hi-C clique	AUPRC	0.5876360827538045
970	Complete Hi-C clique	Precision	0.9870590553767326
970	Complete Hi-C clique	Recall	0.1308451906163465
970	Complete Hi-C clique	F1	0.23106080992764932
971	SGMCI	AUROC	0.8407677283631283
971	SGMCI	AUPRC	0.8362990395526881
971	SGMCI	Precision	0.6284634901474254
971	SGMCI	Recall	0.979257736986015
971	SGMCI	F1	0.7655901094711617
971	Complete Hi-C clique	AUROC	0.5644034211884615
971	Complete Hi-C clique	AUPRC	0.5874732213588117
971	Complete Hi-C clique	Precision	0.985326870169003
971	Complete Hi-C clique	Recall	0.13098451732005084
971	Complete Hi-C clique	F1	0.23123040029514846
972	SGMCI	AUROC	0.8427994976208506
972	SGMCI	AUPRC	0.8395834372022105
972	SGMCI	Precision	0.6291249209838835
972	SGMCI	Recall	0.9793186924188857
972	SGMCI	F1	0.7660993395754072
972	Complete Hi-C clique	AUROC	0.5649035293641771
972	Complete Hi-C clique	AUPRC	0.5880075759674109
972	Complete Hi-C clique	Precision	0.9864468625790057
972	Complete Hi-C clique	Recall	0.13182918546125846
972	Complete Hi-C clique	F1	0.23257671774782038
973	SGMCI	AUROC	0.8426197491300604
973	SGMCI	AUPRC	0.8383766026487555
973	SGMCI	Precision	0.6298565075102794
973	SGMCI	Recall	0.980424598129539
973	SGMCI	F1	0.7669801391722555
973	Complete Hi-C clique	AUROC	0.5630114944303678
973	Complete Hi-C clique	AUPRC	0.5863019605886303
973	Complete Hi-C clique	Precision	0.98742265267689
973	Complete Hi-C clique	Recall	0.12784095856772149
973	Complete Hi-C clique	F1	0.2263734908176954
974	SGMCI	AUROC	0.8419185059899442
974	SGMCI	AUPRC	0.8378229976296792
974	SGMCI	Precision	0.6286746234662319
974	SGMCI	Recall	0.98065971194204
974	SGMCI	F1	0.7661750098648851
974	Complete Hi-C clique	AUROC	0.5639862744342193
974	Complete Hi-C clique	AUPRC	0.5872189117443534
974	Complete Hi-C clique	Precision	0.9875447197561945
974	Complete Hi-C clique	Recall	0.12980024033856388
974	Complete Hi-C clique	F1	0.22944309331034693
975	SGMCI	AUROC	0.8409974816947534
975	SGMCI	AUPRC	0.8373017077432866
975	SGMCI	Precision	0.6278723202375437
975	SGMCI	Recall	0.9795886379073129
975	SGMCI	F1	0.7652522916276934
975	Complete Hi-C clique	AUROC	0.564707601187093
975	Complete Hi-C clique	AUPRC	0.5878224982808483
975	Complete Hi-C clique	Precision	0.9864070056201804
975	Complete Hi-C clique	Recall	0.13143732910709
975	Complete Hi-C clique	F1	0.23196557553404026
976	SGMCI	AUROC	0.8421618470004809
976	SGMCI	AUPRC	0.8387478772598892
976	SGMCI	Precision	0.6293638229914248
976	SGMCI	Recall	0.9797453804489803
976	SGMCI	F1	0.7664070243078379
976	Complete Hi-C clique	AUROC	0.5645070204676568
976	Complete Hi-C clique	AUPRC	0.5876641039960335
976	Complete Hi-C clique	Precision	0.986875779250607
976	Complete Hi-C clique	Recall	0.1309583935631063
976	Complete Hi-C clique	F1	0.2312322701169307
977	SGMCI	AUROC	0.8411041891732776
977	SGMCI	AUPRC	0.8362271770016396
977	SGMCI	Precision	0.6290722894260224
977	SGMCI	Recall	0.9799543705045368
977	SGMCI	F1	0.7662547237258708
977	Complete Hi-C clique	AUROC	0.5637001074392731
977	Complete Hi-C clique	AUPRC	0.58682435355711
977	Complete Hi-C clique	Precision	0.9854266030736619
977	Complete Hi-C clique	Recall	0.12953900276911823
977	Complete Hi-C clique	F1	0.22897778872350577
978	SGMCI	AUROC	0.8409336201372035
978	SGMCI	AUPRC	0.8375357534427734
978	SGMCI	Precision	0.6280627337165821
978	SGMCI	Recall	0.9799021229906477
978	SGMCI	F1	0.7654893744387907
978	Complete Hi-C clique	AUROC	0.5641394406694046
978	Complete Hi-C clique	AUPRC	0.5871699157894297
978	Complete Hi-C clique	Precision	0.9843780767968494
978	Complete Hi-C clique	Recall	0.13059266096588237
978	Complete Hi-C clique	F1	0.23059358975344613
979	SGMCI	AUROC	0.8415446603114118
979	SGMCI	AUPRC	0.837779188097609
979	SGMCI	Precision	0.6289405337632098
979	SGMCI	Recall	0.978456608439715
979	SGMCI	F1	0.7656987877094593
979	Complete Hi-C clique	AUROC	0.5642186452971092
979	Complete Hi-C clique	AUPRC	0.587383918562648
979	Complete Hi-C clique	Precision	0.9866903867694538
979	Complete Hi-C clique	Recall	0.1304010867482889
979	Complete Hi-C clique	F1	0.23035803561127563
980	SGMCI	AUROC	0.8407863765008974
980	SGMCI	AUPRC	0.8365782870182764
980	SGMCI	Precision	0.628664149425801
980	SGMCI	Recall	0.9800849892892597
980	SGMCI	F1	0.7659917650661856
980	Complete Hi-C clique	AUROC	0.5636496792744812
980	Complete Hi-C clique	AUPRC	0.5867574127069586
980	Complete Hi-C clique	Precision	0.9850944021199073
980	Complete Hi-C clique	Recall	0.1294867552552291
980	Complete Hi-C clique	F1	0.2288871957085575
981	SGMCI	AUROC	0.8420877603132788
981	SGMCI	AUPRC	0.8380315098722193
981	SGMCI	Precision	0.6289220619478922
981	SGMCI	Recall	0.9795450983124053
981	SGMCI	F1	0.7660181547031305
981	Complete Hi-C clique	AUROC	0.5645799336911991
981	Complete Hi-C clique	AUPRC	0.5877914420806667
981	Complete Hi-C clique	Precision	0.9878481345244351
981	Complete Hi-C clique	Recall	0.1309583935631063
981	Complete Hi-C clique	F1	0.23125893804493244
982	SGMCI	AUROC	0.8418768295961105
982	SGMCI	AUPRC	0.8387069583359748
982	SGMCI	Precision	0.6289051584418488
982	SGMCI	Recall	0.9799021229906477
982	SGMCI	F1	0.7661147572233873
982	Complete Hi-C clique	AUROC	0.5638049010499124
982	Complete Hi-C clique	AUPRC	0.5868924529422564
982	Complete Hi-C clique	Precision	0.9849375701922441
982	Complete Hi-C clique	Recall	0.12982636409550846
982	Complete Hi-C clique	F1	0.22941334872090788
983	SGMCI	AUROC	0.8434429812737069
983	SGMCI	AUPRC	0.8398572969308373
983	SGMCI	Precision	0.6286187993345763
983	SGMCI	Recall	0.9805726327522248
983	SGMCI	F1	0.7661069761746017
983	Complete Hi-C clique	AUROC	0.5648880509708856
983	Complete Hi-C clique	AUPRC	0.5880747079916043
983	Complete Hi-C clique	Precision	0.987776978887509
983	Complete Hi-C clique	Recall	0.1315940716487574
983	Complete Hi-C clique	F1	0.2322475545002574
984	SGMCI	AUROC	0.8406042914108596
984	SGMCI	AUPRC	0.8366270264867021
984	SGMCI	Precision	0.6287522219862042
984	SGMCI	Recall	0.9794667270415716
984	SGMCI	F1	0.7658682063922215
984	Complete Hi-C clique	AUROC	0.5641160598620714
984	Complete Hi-C clique	AUPRC	0.5872017924808385
984	Complete Hi-C clique	Precision	0.9852631578947368
984	Complete Hi-C clique	Recall	0.13040979466727043
984	Complete Hi-C clique	F1	0.23033267198818808
985	SGMCI	AUROC	0.8443441347821437
985	SGMCI	AUPRC	0.8410527683332698
985	SGMCI	Precision	0.6299242572677755
985	SGMCI	Recall	0.9798498754767586
985	SGMCI	F1	0.7668544207394988
985	Complete Hi-C clique	AUROC	0.5641609397359286
985	Complete Hi-C clique	AUPRC	0.5873878158863673
985	Complete Hi-C clique	Precision	0.9876420830029078
985	Complete Hi-C clique	Recall	0.13013984917884325
985	Complete Hi-C clique	F1	0.2299761483419251
986	SGMCI	AUROC	0.8412490846970757
986	SGMCI	AUPRC	0.8374178553356668
986	SGMCI	Precision	0.6297212167325907
986	SGMCI	Recall	0.9801372368031488
986	SGMCI	F1	0.7667919026905874
986	Complete Hi-C clique	AUROC	0.5638749810802002
986	Complete Hi-C clique	AUPRC	0.587028239184294
986	Complete Hi-C clique	Precision	0.9861065167052597
986	Complete Hi-C clique	Recall	0.12979153241958236
986	Complete Hi-C clique	F1	0.22939062584165043
987	SGMCI	AUROC	0.8420683197499724
987	SGMCI	AUPRC	0.8386143037524042
987	SGMCI	Precision	0.6289670445203756
987	SGMCI	Recall	0.9793796478517564
987	SGMCI	F1	0.7660009194462889
987	Complete Hi-C clique	AUROC	0.5640195574919782
987	Complete Hi-C clique	AUPRC	0.5870720803294889
987	Complete Hi-C clique	Precision	0.9846042502796236
987	Complete Hi-C clique	Recall	0.13031400755847367
987	Complete Hi-C clique	F1	0.2301652606565823
988	SGMCI	AUROC	0.8415366912305136
988	SGMCI	AUPRC	0.8381348892681487
988	SGMCI	Precision	0.6290385690329793
988	SGMCI	Recall	0.9799456625855553
988	SGMCI	F1	0.76622704587081
988	Complete Hi-C clique	AUROC	0.5636160697819304
988	Complete Hi-C clique	AUPRC	0.5867681796212731
988	Complete Hi-C clique	Precision	0.9857939458311206
988	Complete Hi-C clique	Recall	0.12931259687559868
988	Complete Hi-C clique	F1	0.22863389324259828
989	SGMCI	AUROC	0.8436927824084632
989	SGMCI	AUPRC	0.8397786429182673
989	SGMCI	Precision	0.6291472902879628
989	SGMCI	Recall	0.9801807763980563
989	SGMCI	F1	0.7663795744680852
989	Complete Hi-C clique	AUROC	0.5649332015756727
989	Complete Hi-C clique	AUPRC	0.588062804442271
989	Complete Hi-C clique	Precision	0.9868961470760805
989	Complete Hi-C clique	Recall	0.13182047754227694
989	Complete Hi-C clique	F1	0.23257564700369493
990	SGMCI	AUROC	0.8417660393546352
990	SGMCI	AUPRC	0.837998435959832
990	SGMCI	Precision	0.6296159485991246
990	SGMCI	Recall	0.979606053745276
990	SGMCI	F1	0.7665512824007195
990	Complete Hi-C clique	AUROC	0.5641704531598498
990	Complete Hi-C clique	AUPRC	0.5873695153282903
990	Complete Hi-C clique	Precision	0.9871938741831144
990	Complete Hi-C clique	Recall	0.13022692836865846
990	Complete Hi-C clique	F1	0.23009993307023008
991	SGMCI	AUROC	0.8432890595231424
991	SGMCI	AUPRC	0.8396753810764644
991	SGMCI	Precision	0.6294806901758998
991	SGMCI	Recall	0.9800588655323151
991	SGMCI	F1	0.7665895863203388
991	Complete Hi-C clique	AUROC	0.5639394849676217
991	Complete Hi-C clique	AUPRC	0.5871163301720657
991	Complete Hi-C clique	Precision	0.9865696328150844
991	Complete Hi-C clique	Recall	0.129852487852453
991	Complete Hi-C clique	F1	0.22949835709833558
992	SGMCI	AUROC	0.841009248500754
992	SGMCI	AUPRC	0.8376821150054341
992	SGMCI	Precision	0.6287086952878411
992	SGMCI	Recall	0.9800066180184259
992	SGMCI	F1	0.7660008916326064
992	Complete Hi-C clique	AUROC	0.5641643700949052
992	Complete Hi-C clique	AUPRC	0.5873171141441231
992	Complete Hi-C clique	Precision	0.9864232518289066
992	Complete Hi-C clique	Recall	0.13033142339643672
992	Complete Hi-C clique	F1	0.23024205644137807
993	SGMCI	AUROC	0.8418094840498017
993	SGMCI	AUPRC	0.8385250476261553
993	SGMCI	Precision	0.6292532037118869
993	SGMCI	Recall	0.979606053745276
993	SGMCI	F1	0.7662823765815779
993	Complete Hi-C clique	AUROC	0.5636447281492686
993	Complete Hi-C clique	AUPRC	0.5868146177643394
993	Complete Hi-C clique	Precision	0.9861221779548472
993	Complete Hi-C clique	Recall	0.12932130479458018
993	Complete Hi-C clique	F1	0.2286563303515065
994	SGMCI	AUROC	0.8419537775401389
994	SGMCI	AUPRC	0.8376519451419044
994	SGMCI	Precision	0.6291917514939097
994	SGMCI	Recall	0.9801459447221303
994	SGMCI	F1	0.766401911953454
994	Complete Hi-C clique	AUROC	0.5645110758442866
994	Complete Hi-C clique	AUPRC	0.5876990819709312
994	Complete Hi-C clique	Precision	0.9873875057478815
994	Complete Hi-C clique	Recall	0.1308887302112541
994	Complete Hi-C clique	F1	0.23113769692682665
995	SGMCI	AUROC	0.8408693039751841
995	SGMCI	AUPRC	0.8366734395373698
995	SGMCI	Precision	0.6283708696550531
995	SGMCI	Recall	0.9798411675577771
995	SGMCI	F1	0.7656995872872217
995	Complete Hi-C clique	AUROC	0.5648817595667233
995	Complete Hi-C clique	AUPRC	0.587987011759102
995	Complete Hi-C clique	Precision	0.9864424455742407
995	Complete Hi-C clique	Recall	0.13178564586635086
995	Complete Hi-C clique	F1	0.2325088339222615
996	SGMCI	AUROC	0.8426576543808783
996	SGMCI	AUPRC	0.8390174431105372
996	SGMCI	Precision	0.6303036075456476
996	SGMCI	Recall	0.9796495933401835
996	SGMCI	F1	0.7670740646041082
996	Complete Hi-C clique	AUROC	0.5648002286678429
996	Complete Hi-C clique	AUPRC	0.5877863367033939
996	Complete Hi-C clique	Precision	0.9844064713144045
996	Complete Hi-C clique	Recall	0.13193368048903673
996	Complete Hi-C clique	F1	0.23268242864492544
997	SGMCI	AUROC	0.8428896434860669
997	SGMCI	AUPRC	0.8396112890633898
997	SGMCI	Precision	0.6304285754275957
997	SGMCI	Recall	0.9805465089952803
997	SGMCI	F1	0.7674414642208461
997	Complete Hi-C clique	AUROC	0.5648579620809546
997	Complete Hi-C clique	AUPRC	0.5879490142003125
997	Complete Hi-C clique	Precision	0.9861844248941023
997	Complete Hi-C clique	Recall	0.13177693794736933
997	Complete Hi-C clique	F1	0.23248811288724333
998	SGMCI	AUROC	0.8410643377581866
998	SGMCI	AUPRC	0.8379322027582397
998	SGMCI	Precision	0.6284486468060375
998	SGMCI	Recall	0.9792838607429597
998	SGMCI	F1	0.7655870789863336
998	Complete Hi-C clique	AUROC	0.5640859085804282
998	Complete Hi-C clique	AUPRC	0.5873091338465337
998	Complete Hi-C clique	Precision	0.9874991732257424
998	Complete Hi-C clique	Recall	0.1300092303941204
998	Complete Hi-C clique	F1	0.229768307978793
999	SGMCI	AUROC	0.8420441487604945
999	SGMCI	AUPRC	0.8390215673363536
999	SGMCI	Precision	0.6287327499064543
999	SGMCI	Recall	0.9803288110207422
999	SGMCI	F1	0.7661171506830671
999	Complete Hi-C clique	AUROC	0.5646624505823058
999	Complete Hi-C clique	AUPRC	0.5878342870653009
999	Complete Hi-C clique	Precision	0.9872886908662036
999	Complete Hi-C clique	Recall	0.13121092321357042
999	Complete Hi-C clique	F1	0.2316372021521906
